version,case,launch,stage,iteration,operations,total_ns,ns_per_operation
before,IntegerArrayComparison.CborDecode,1,OverheadActual,1,36816,89100.0,2.4201434159061277
before,IntegerArrayComparison.CborDecode,1,OverheadActual,2,36816,90200.0,2.4500217296827467
before,IntegerArrayComparison.CborDecode,1,OverheadActual,3,36816,87700.0,2.382116471099522
before,IntegerArrayComparison.CborDecode,1,OverheadActual,4,36816,91300.0,2.4799000434593657
before,IntegerArrayComparison.CborDecode,1,OverheadActual,5,36816,88700.0,2.409278574532812
before,IntegerArrayComparison.CborDecode,1,OverheadActual,6,36816,92400.0,2.509778357235984
before,IntegerArrayComparison.CborDecode,1,OverheadActual,7,36816,88000.0,2.3902651021295087
before,IntegerArrayComparison.CborDecode,1,OverheadActual,8,36816,86400.0,2.346805736636245
before,IntegerArrayComparison.CborDecode,1,OverheadActual,9,36816,88400.0,2.401129943502825
before,IntegerArrayComparison.CborDecode,1,OverheadActual,10,36816,88900.0,2.41471099521947
before,IntegerArrayComparison.CborDecode,1,OverheadActual,11,36816,90500.0,2.4581703607127334
before,IntegerArrayComparison.CborDecode,1,OverheadActual,12,36816,86100.0,2.338657105606258
before,IntegerArrayComparison.CborDecode,1,OverheadActual,13,36816,88300.0,2.398413733159496
before,IntegerArrayComparison.CborDecode,1,OverheadActual,14,36816,90000.0,2.444589308996089
before,IntegerArrayComparison.CborDecode,1,OverheadActual,15,36816,87500.0,2.376684050412864
before,IntegerArrayComparison.CborDecode,1,WorkloadActual,1,36816,200109100.0,5435.384072142547
before,IntegerArrayComparison.CborDecode,1,WorkloadActual,2,36816,199661300.0,5423.22088222512
before,IntegerArrayComparison.CborDecode,1,WorkloadActual,3,36816,198893900.0,5402.376684050413
before,IntegerArrayComparison.CborDecode,1,WorkloadActual,4,36816,201261300.0,5466.680247718384
before,IntegerArrayComparison.CborDecode,1,WorkloadActual,5,36816,197956800.0,5376.923076923077
before,IntegerArrayComparison.CborDecode,1,WorkloadActual,6,36816,200120200.0,5435.685571490656
before,IntegerArrayComparison.CborDecode,1,WorkloadResult,1,36816,200020400.0,5432.974793568014
before,IntegerArrayComparison.CborDecode,1,WorkloadResult,2,36816,199572600.0,5420.811603650587
before,IntegerArrayComparison.CborDecode,1,WorkloadResult,3,36816,198805200.0,5399.96740547588
before,IntegerArrayComparison.CborDecode,1,WorkloadResult,4,36816,201172600.0,5464.27096914385
before,IntegerArrayComparison.CborDecode,1,WorkloadResult,5,36816,197868100.0,5374.513798348544
before,IntegerArrayComparison.CborDecode,1,WorkloadResult,6,36816,200031500.0,5433.276292916124
before,IntegerArrayComparison.CborDecode,2,OverheadActual,1,33632,81800.0,2.43220742150333
before,IntegerArrayComparison.CborDecode,2,OverheadActual,2,33632,81200.0,2.4143672692673643
before,IntegerArrayComparison.CborDecode,2,OverheadActual,3,33632,80100.0,2.381660323501427
before,IntegerArrayComparison.CborDecode,2,OverheadActual,4,33632,80100.0,2.381660323501427
before,IntegerArrayComparison.CborDecode,2,OverheadActual,5,33632,80100.0,2.381660323501427
before,IntegerArrayComparison.CborDecode,2,OverheadActual,6,33632,81200.0,2.4143672692673643
before,IntegerArrayComparison.CborDecode,2,OverheadActual,7,33632,256400.0,7.6236917221693625
before,IntegerArrayComparison.CborDecode,2,OverheadActual,8,33632,81500.0,2.423287345385347
before,IntegerArrayComparison.CborDecode,2,OverheadActual,9,33632,81700.0,2.429234062797336
before,IntegerArrayComparison.CborDecode,2,OverheadActual,10,33632,86300.0,2.566008563273073
before,IntegerArrayComparison.CborDecode,2,OverheadActual,11,33632,80400.0,2.39058039961941
before,IntegerArrayComparison.CborDecode,2,OverheadActual,12,33632,81300.0,2.417340627973359
before,IntegerArrayComparison.CborDecode,2,OverheadActual,13,33632,84100.0,2.5005946717411986
before,IntegerArrayComparison.CborDecode,2,OverheadActual,14,33632,81300.0,2.417340627973359
before,IntegerArrayComparison.CborDecode,2,OverheadActual,15,33632,81000.0,2.4084205518553756
before,IntegerArrayComparison.CborDecode,2,WorkloadActual,1,33632,200505200.0,5961.738820171266
before,IntegerArrayComparison.CborDecode,2,WorkloadActual,2,33632,202278700.0,6014.471336822075
before,IntegerArrayComparison.CborDecode,2,WorkloadActual,3,33632,197672000.0,5877.497621313035
before,IntegerArrayComparison.CborDecode,2,WorkloadActual,4,33632,200946100.0,5974.8483587059945
before,IntegerArrayComparison.CborDecode,2,WorkloadActual,5,33632,197547100.0,5873.783896289248
before,IntegerArrayComparison.CborDecode,2,WorkloadActual,6,33632,196913800.0,5854.953615604187
before,IntegerArrayComparison.CborDecode,2,WorkloadResult,1,33632,200423900.0,5959.321479543292
before,IntegerArrayComparison.CborDecode,2,WorkloadResult,2,33632,202197400.0,6012.053996194101
before,IntegerArrayComparison.CborDecode,2,WorkloadResult,3,33632,197590700.0,5875.080280685062
before,IntegerArrayComparison.CborDecode,2,WorkloadResult,4,33632,200864800.0,5972.431018078021
before,IntegerArrayComparison.CborDecode,2,WorkloadResult,5,33632,197465800.0,5871.366555661275
before,IntegerArrayComparison.CborDecode,2,WorkloadResult,6,33632,196832500.0,5852.5362749762135
before,IntegerArrayComparison.CborEncode,1,OverheadActual,1,75616,180500.0,2.3870609394837072
before,IntegerArrayComparison.CborEncode,1,OverheadActual,2,75616,179100.0,2.368546339399069
before,IntegerArrayComparison.CborEncode,1,OverheadActual,3,75616,180800.0,2.3910283537875583
before,IntegerArrayComparison.CborEncode,1,OverheadActual,4,75616,180600.0,2.388383410918324
before,IntegerArrayComparison.CborEncode,1,OverheadActual,5,75616,178100.0,2.3553216250528988
before,IntegerArrayComparison.CborEncode,1,OverheadActual,6,75616,184700.0,2.4426047397376216
before,IntegerArrayComparison.CborEncode,1,OverheadActual,7,75616,188600.0,2.4941811256876854
before,IntegerArrayComparison.CborEncode,1,OverheadActual,8,75616,221600.0,2.930596699111299
before,IntegerArrayComparison.CborEncode,1,OverheadActual,9,75616,183600.0,2.4280575539568345
before,IntegerArrayComparison.CborEncode,1,OverheadActual,10,75616,196600.0,2.5999788404570463
before,IntegerArrayComparison.CborEncode,1,OverheadActual,11,75616,176500.0,2.3341620820990268
before,IntegerArrayComparison.CborEncode,1,OverheadActual,12,75616,180600.0,2.388383410918324
before,IntegerArrayComparison.CborEncode,1,OverheadActual,13,75616,191000.0,2.5259204401184934
before,IntegerArrayComparison.CborEncode,1,OverheadActual,14,75616,182100.0,2.4082204824375792
before,IntegerArrayComparison.CborEncode,1,OverheadActual,15,75616,189800.0,2.510050782903089
before,IntegerArrayComparison.CborEncode,1,WorkloadActual,1,75616,205630300.0,2719.401978417266
before,IntegerArrayComparison.CborEncode,1,WorkloadActual,2,75616,198965800.0,2631.2658696572153
before,IntegerArrayComparison.CborEncode,1,WorkloadActual,3,75616,199664900.0,2640.511267456623
before,IntegerArrayComparison.CborEncode,1,WorkloadActual,4,75616,199540100.0,2638.860823106221
before,IntegerArrayComparison.CborEncode,1,WorkloadActual,5,75616,201222200.0,2661.106115107914
before,IntegerArrayComparison.CborEncode,1,WorkloadActual,6,75616,204440500.0,2703.667213288193
before,IntegerArrayComparison.CborEncode,1,WorkloadResult,1,75616,205448200.0,2716.9937579348284
before,IntegerArrayComparison.CborEncode,1,WorkloadResult,2,75616,198783700.0,2628.8576491747776
before,IntegerArrayComparison.CborEncode,1,WorkloadResult,3,75616,199482800.0,2638.1030469741854
before,IntegerArrayComparison.CborEncode,1,WorkloadResult,4,75616,199358000.0,2636.452602623783
before,IntegerArrayComparison.CborEncode,1,WorkloadResult,5,75616,201040100.0,2658.6978946254762
before,IntegerArrayComparison.CborEncode,1,WorkloadResult,6,75616,204258400.0,2701.2589928057555
before,IntegerArrayComparison.CborEncode,2,OverheadActual,1,75808,189100.0,2.4944596876319123
before,IntegerArrayComparison.CborEncode,2,OverheadActual,2,75808,183400.0,2.4192697340650064
before,IntegerArrayComparison.CborEncode,2,OverheadActual,3,75808,181400.0,2.392887294216969
before,IntegerArrayComparison.CborEncode,2,OverheadActual,4,75808,191200.0,2.5221612494723513
before,IntegerArrayComparison.CborEncode,2,OverheadActual,5,75808,180900.0,2.3862916842549597
before,IntegerArrayComparison.CborEncode,2,OverheadActual,6,75808,182400.0,2.406078514140988
before,IntegerArrayComparison.CborEncode,2,OverheadActual,7,75808,192000.0,2.532714225411566
before,IntegerArrayComparison.CborEncode,2,OverheadActual,8,75808,183000.0,2.413993246095399
before,IntegerArrayComparison.CborEncode,2,OverheadActual,9,75808,180200.0,2.377057830308147
before,IntegerArrayComparison.CborEncode,2,OverheadActual,10,75808,184200.0,2.4298227100042213
before,IntegerArrayComparison.CborEncode,2,OverheadActual,11,75808,183800.0,2.4245462220346137
before,IntegerArrayComparison.CborEncode,2,OverheadActual,12,75808,176800.0,2.3322076825664837
before,IntegerArrayComparison.CborEncode,2,OverheadActual,13,75808,180400.0,2.3796960742929505
before,IntegerArrayComparison.CborEncode,2,OverheadActual,14,75808,183000.0,2.413993246095399
before,IntegerArrayComparison.CborEncode,2,OverheadActual,15,75808,179300.0,2.3651857323765304
before,IntegerArrayComparison.CborEncode,2,WorkloadActual,1,75808,201612500.0,2659.5148269311944
before,IntegerArrayComparison.CborEncode,2,WorkloadActual,2,75808,203822300.0,2688.6647847192908
before,IntegerArrayComparison.CborEncode,2,WorkloadActual,3,75808,204592500.0,2698.82466230477
before,IntegerArrayComparison.CborEncode,2,WorkloadActual,4,75808,200362700.0,2643.0284402701564
before,IntegerArrayComparison.CborEncode,2,WorkloadActual,5,75808,201813400.0,2662.16494301393
before,IntegerArrayComparison.CborEncode,2,WorkloadActual,6,75808,201240300.0,2654.6050548754747
before,IntegerArrayComparison.CborEncode,2,WorkloadResult,1,75808,201429500.0,2657.100833685099
before,IntegerArrayComparison.CborEncode,2,WorkloadResult,2,75808,203639300.0,2686.2507914731955
before,IntegerArrayComparison.CborEncode,2,WorkloadResult,3,75808,204409500.0,2696.4106690586746
before,IntegerArrayComparison.CborEncode,2,WorkloadResult,4,75808,200179700.0,2640.6144470240606
before,IntegerArrayComparison.CborEncode,2,WorkloadResult,5,75808,201630400.0,2659.7509497678348
before,IntegerArrayComparison.CborEncode,2,WorkloadResult,6,75808,201057300.0,2652.1910616293794
before,NestedModelComparison.CborDecode/OrderCount=1,1,OverheadActual,1,604592,1406400.0,2.326196840183132
before,NestedModelComparison.CborDecode/OrderCount=1,1,OverheadActual,2,604592,1429800.0,2.3649006271998307
before,NestedModelComparison.CborDecode/OrderCount=1,1,OverheadActual,3,604592,1391200.0,2.301055918702199
before,NestedModelComparison.CborDecode/OrderCount=1,1,OverheadActual,4,604592,1379700.0,2.282034826792283
before,NestedModelComparison.CborDecode/OrderCount=1,1,OverheadActual,5,604592,1448300.0,2.395499775054913
before,NestedModelComparison.CborDecode/OrderCount=1,1,OverheadActual,6,604592,1376100.0,2.276080398020483
before,NestedModelComparison.CborDecode/OrderCount=1,1,OverheadActual,7,604592,1387400.0,2.294770688331966
before,NestedModelComparison.CborDecode/OrderCount=1,1,OverheadActual,8,604592,1385200.0,2.2911318707491994
before,NestedModelComparison.CborDecode/OrderCount=1,1,OverheadActual,9,604592,1388500.0,2.2965900971233495
before,NestedModelComparison.CborDecode/OrderCount=1,1,OverheadActual,10,604592,1385100.0,2.290966469949983
before,NestedModelComparison.CborDecode/OrderCount=1,1,OverheadActual,11,604592,1388000.0,2.295763093127266
before,NestedModelComparison.CborDecode/OrderCount=1,1,OverheadActual,12,604592,1429800.0,2.3649006271998307
before,NestedModelComparison.CborDecode/OrderCount=1,1,OverheadActual,13,604592,1379000.0,2.2808770211977665
before,NestedModelComparison.CborDecode/OrderCount=1,1,OverheadActual,14,604592,1388800.0,2.2970862995209993
before,NestedModelComparison.CborDecode/OrderCount=1,1,OverheadActual,15,604592,1396300.0,2.309491359462249
before,NestedModelComparison.CborDecode/OrderCount=1,1,WorkloadActual,1,604592,202255800.0,334.5327096620531
before,NestedModelComparison.CborDecode/OrderCount=1,1,WorkloadActual,2,604592,200063100.0,330.90596633762937
before,NestedModelComparison.CborDecode/OrderCount=1,1,WorkloadActual,3,604592,200692700.0,331.94732976949746
before,NestedModelComparison.CborDecode/OrderCount=1,1,WorkloadActual,4,604592,206430600.0,341.43786222775026
before,NestedModelComparison.CborDecode/OrderCount=1,1,WorkloadActual,5,604592,201691800.0,333.5998491544711
before,NestedModelComparison.CborDecode/OrderCount=1,1,WorkloadActual,6,604592,199496900.0,329.9694670124646
before,NestedModelComparison.CborDecode/OrderCount=1,1,WorkloadResult,1,604592,200867300.0,332.23611956492977
before,NestedModelComparison.CborDecode/OrderCount=1,1,WorkloadResult,2,604592,198674600.0,328.609376240506
before,NestedModelComparison.CborDecode/OrderCount=1,1,WorkloadResult,3,604592,199304200.0,329.6507396723741
before,NestedModelComparison.CborDecode/OrderCount=1,1,WorkloadResult,4,604592,200303300.0,331.30325905734776
before,NestedModelComparison.CborDecode/OrderCount=1,1,WorkloadResult,5,604592,198108400.0,327.67287691534125
before,NestedModelComparison.CborDecode/OrderCount=1,2,OverheadActual,1,611328,1480100.0,2.4211225397822447
before,NestedModelComparison.CborDecode/OrderCount=1,2,OverheadActual,2,611328,1404600.0,2.297620917085427
before,NestedModelComparison.CborDecode/OrderCount=1,2,OverheadActual,3,611328,1404500.0,2.2974573387772192
before,NestedModelComparison.CborDecode/OrderCount=1,2,OverheadActual,4,611328,1448600.0,2.3695953726968173
before,NestedModelComparison.CborDecode/OrderCount=1,2,OverheadActual,5,611328,1397300.0,2.2856797005862646
before,NestedModelComparison.CborDecode/OrderCount=1,2,OverheadActual,6,611328,1494500.0,2.444677816164154
before,NestedModelComparison.CborDecode/OrderCount=1,2,OverheadActual,7,611328,1399200.0,2.288787688442211
before,NestedModelComparison.CborDecode/OrderCount=1,2,OverheadActual,8,611328,1410900.0,2.3079263505025125
before,NestedModelComparison.CborDecode/OrderCount=1,2,OverheadActual,9,611328,1386700.0,2.268340399916248
before,NestedModelComparison.CborDecode/OrderCount=1,2,OverheadActual,10,611328,1404900.0,2.2981116520100504
before,NestedModelComparison.CborDecode/OrderCount=1,2,OverheadActual,11,611328,1422200.0,2.3264106993299833
before,NestedModelComparison.CborDecode/OrderCount=1,2,OverheadActual,12,611328,1443200.0,2.3607621440536013
before,NestedModelComparison.CborDecode/OrderCount=1,2,OverheadActual,13,611328,1391000.0,2.275374267169179
before,NestedModelComparison.CborDecode/OrderCount=1,2,OverheadActual,14,611328,1386900.0,2.2686675565326633
before,NestedModelComparison.CborDecode/OrderCount=1,2,OverheadActual,15,611328,1391900.0,2.2768464719430486
before,NestedModelComparison.CborDecode/OrderCount=1,2,WorkloadActual,1,611328,203054000.0,332.1522979480737
before,NestedModelComparison.CborDecode/OrderCount=1,2,WorkloadActual,2,611328,202034900.0,330.485271409129
before,NestedModelComparison.CborDecode/OrderCount=1,2,WorkloadActual,3,611328,205151200.0,335.5828622278057
before,NestedModelComparison.CborDecode/OrderCount=1,2,WorkloadActual,4,611328,201756400.0,330.0297058207705
before,NestedModelComparison.CborDecode/OrderCount=1,2,WorkloadActual,5,611328,202137100.0,330.65244844011727
before,NestedModelComparison.CborDecode/OrderCount=1,2,WorkloadActual,6,611328,202407800.0,331.09525492043554
before,NestedModelComparison.CborDecode/OrderCount=1,2,WorkloadResult,1,611328,201649400.0,329.8546770309883
before,NestedModelComparison.CborDecode/OrderCount=1,2,WorkloadResult,2,611328,200630300.0,328.18765049204353
before,NestedModelComparison.CborDecode/OrderCount=1,2,WorkloadResult,3,611328,200351800.0,327.7320849036851
before,NestedModelComparison.CborDecode/OrderCount=1,2,WorkloadResult,4,611328,200732500.0,328.3548275230318
before,NestedModelComparison.CborDecode/OrderCount=1,2,WorkloadResult,5,611328,201003200.0,328.7976340033501
before,NestedModelComparison.CborDecode/OrderCount=64,1,OverheadActual,1,9856,28300.0,2.8713474025974026
before,NestedModelComparison.CborDecode/OrderCount=64,1,OverheadActual,2,9856,27200.0,2.75974025974026
before,NestedModelComparison.CborDecode/OrderCount=64,1,OverheadActual,3,9856,27000.0,2.739448051948052
before,NestedModelComparison.CborDecode/OrderCount=64,1,OverheadActual,4,9856,26200.0,2.658279220779221
before,NestedModelComparison.CborDecode/OrderCount=64,1,OverheadActual,5,9856,26100.0,2.648133116883117
before,NestedModelComparison.CborDecode/OrderCount=64,1,OverheadActual,6,9856,26800.0,2.719155844155844
before,NestedModelComparison.CborDecode/OrderCount=64,1,OverheadActual,7,9856,26400.0,2.6785714285714284
before,NestedModelComparison.CborDecode/OrderCount=64,1,OverheadActual,8,9856,26500.0,2.6887175324675323
before,NestedModelComparison.CborDecode/OrderCount=64,1,OverheadActual,9,9856,25700.0,2.6075487012987013
before,NestedModelComparison.CborDecode/OrderCount=64,1,OverheadActual,10,9856,25100.0,2.5466720779220777
before,NestedModelComparison.CborDecode/OrderCount=64,1,OverheadActual,11,9856,26000.0,2.637987012987013
before,NestedModelComparison.CborDecode/OrderCount=64,1,OverheadActual,12,9856,27300.0,2.7698863636363638
before,NestedModelComparison.CborDecode/OrderCount=64,1,OverheadActual,13,9856,25900.0,2.627840909090909
before,NestedModelComparison.CborDecode/OrderCount=64,1,OverheadActual,14,9856,27500.0,2.7901785714285716
before,NestedModelComparison.CborDecode/OrderCount=64,1,OverheadActual,15,9856,25000.0,2.5365259740259742
before,NestedModelComparison.CborDecode/OrderCount=64,1,WorkloadActual,1,9856,194856000.0,19770.29220779221
before,NestedModelComparison.CborDecode/OrderCount=64,1,WorkloadActual,2,9856,190221500.0,19300.071022727272
before,NestedModelComparison.CborDecode/OrderCount=64,1,WorkloadActual,3,9856,196744100.0,19961.860795454544
before,NestedModelComparison.CborDecode/OrderCount=64,1,WorkloadActual,4,9856,191872900.0,19467.623782467534
before,NestedModelComparison.CborDecode/OrderCount=64,1,WorkloadActual,5,9856,194807100.0,19765.330762987014
before,NestedModelComparison.CborDecode/OrderCount=64,1,WorkloadActual,6,9856,191421100.0,19421.783685064936
before,NestedModelComparison.CborDecode/OrderCount=64,1,WorkloadResult,1,9856,194829600.0,19767.613636363636
before,NestedModelComparison.CborDecode/OrderCount=64,1,WorkloadResult,2,9856,190195100.0,19297.3924512987
before,NestedModelComparison.CborDecode/OrderCount=64,1,WorkloadResult,3,9856,196717700.0,19959.182224025975
before,NestedModelComparison.CborDecode/OrderCount=64,1,WorkloadResult,4,9856,191846500.0,19464.94521103896
before,NestedModelComparison.CborDecode/OrderCount=64,1,WorkloadResult,5,9856,194780700.0,19762.65219155844
before,NestedModelComparison.CborDecode/OrderCount=64,1,WorkloadResult,6,9856,191394700.0,19419.105113636364
before,NestedModelComparison.CborDecode/OrderCount=64,2,OverheadActual,1,10064,29400.0,2.9213036565977744
before,NestedModelComparison.CborDecode/OrderCount=64,2,OverheadActual,2,10064,26400.0,2.6232114467408585
before,NestedModelComparison.CborDecode/OrderCount=64,2,OverheadActual,3,10064,27000.0,2.6828298887122415
before,NestedModelComparison.CborDecode/OrderCount=64,2,OverheadActual,4,10064,26100.0,2.5934022257551668
before,NestedModelComparison.CborDecode/OrderCount=64,2,OverheadActual,5,10064,26600.0,2.6430842607313196
before,NestedModelComparison.CborDecode/OrderCount=64,2,OverheadActual,6,10064,25800.0,2.5635930047694755
before,NestedModelComparison.CborDecode/OrderCount=64,2,OverheadActual,7,10064,26100.0,2.5934022257551668
before,NestedModelComparison.CborDecode/OrderCount=64,2,OverheadActual,8,10064,25800.0,2.5635930047694755
before,NestedModelComparison.CborDecode/OrderCount=64,2,OverheadActual,9,10064,28500.0,2.8318759936406996
before,NestedModelComparison.CborDecode/OrderCount=64,2,OverheadActual,10,10064,26100.0,2.5934022257551668
before,NestedModelComparison.CborDecode/OrderCount=64,2,OverheadActual,11,10064,25900.0,2.573529411764706
before,NestedModelComparison.CborDecode/OrderCount=64,2,OverheadActual,12,10064,26300.0,2.613275039745628
before,NestedModelComparison.CborDecode/OrderCount=64,2,OverheadActual,13,10064,25600.0,2.5437201907790143
before,NestedModelComparison.CborDecode/OrderCount=64,2,OverheadActual,14,10064,26100.0,2.5934022257551668
before,NestedModelComparison.CborDecode/OrderCount=64,2,OverheadActual,15,10064,27400.0,2.7225755166931638
before,NestedModelComparison.CborDecode/OrderCount=64,2,WorkloadActual,1,10064,201848700.0,20056.508346581875
before,NestedModelComparison.CborDecode/OrderCount=64,2,WorkloadActual,2,10064,200032900.0,19876.08306836248
before,NestedModelComparison.CborDecode/OrderCount=64,2,WorkloadActual,3,10064,199920100.0,19864.87480127186
before,NestedModelComparison.CborDecode/OrderCount=64,2,WorkloadActual,4,10064,199770800.0,19850.039745627982
before,NestedModelComparison.CborDecode/OrderCount=64,2,WorkloadActual,5,10064,197207700.0,19595.35969793323
before,NestedModelComparison.CborDecode/OrderCount=64,2,WorkloadActual,6,10064,202362900.0,20107.60135135135
before,NestedModelComparison.CborDecode/OrderCount=64,2,WorkloadResult,1,10064,201822600.0,20053.914944356122
before,NestedModelComparison.CborDecode/OrderCount=64,2,WorkloadResult,2,10064,200006800.0,19873.489666136724
before,NestedModelComparison.CborDecode/OrderCount=64,2,WorkloadResult,3,10064,199894000.0,19862.281399046104
before,NestedModelComparison.CborDecode/OrderCount=64,2,WorkloadResult,4,10064,199744700.0,19847.446343402225
before,NestedModelComparison.CborDecode/OrderCount=64,2,WorkloadResult,5,10064,197181600.0,19592.76629570747
before,NestedModelComparison.CborDecode/OrderCount=64,2,WorkloadResult,6,10064,202336800.0,20105.007949125596
before,NestedModelComparison.CborEncode/OrderCount=1,1,OverheadActual,1,871808,2108300.0,2.418307700778153
before,NestedModelComparison.CborEncode/OrderCount=1,1,OverheadActual,2,871808,2057800.0,2.3603821024812803
before,NestedModelComparison.CborEncode/OrderCount=1,1,OverheadActual,3,871808,2042800.0,2.3431764792247836
before,NestedModelComparison.CborEncode/OrderCount=1,1,OverheadActual,4,871808,2030600.0,2.329182572309499
before,NestedModelComparison.CborEncode/OrderCount=1,1,OverheadActual,5,871808,2109800.0,2.4200282631038026
before,NestedModelComparison.CborEncode/OrderCount=1,1,OverheadActual,6,871808,2060600.0,2.363593818822493
before,NestedModelComparison.CborEncode/OrderCount=1,1,OverheadActual,7,871808,2039400.0,2.3392765379533107
before,NestedModelComparison.CborEncode/OrderCount=1,1,OverheadActual,8,871808,2025300.0,2.3231032520922037
before,NestedModelComparison.CborEncode/OrderCount=1,1,OverheadActual,9,871808,2028900.0,2.3272326016737632
before,NestedModelComparison.CborEncode/OrderCount=1,1,OverheadActual,10,871808,2071600.0,2.3762112758772576
before,NestedModelComparison.CborEncode/OrderCount=1,1,OverheadActual,11,871808,2050700.0,2.3522381074732053
before,NestedModelComparison.CborEncode/OrderCount=1,1,OverheadActual,12,871808,2030400.0,2.3289531639994125
before,NestedModelComparison.CborEncode/OrderCount=1,1,OverheadActual,13,871808,2052400.0,2.3541880781089413
before,NestedModelComparison.CborEncode/OrderCount=1,1,OverheadActual,14,871808,2066100.0,2.3699025473498754
before,NestedModelComparison.CborEncode/OrderCount=1,1,OverheadActual,15,871808,2074200.0,2.3791935839083833
before,NestedModelComparison.CborEncode/OrderCount=1,1,WorkloadActual,1,871808,199418200.0,228.74096131258258
before,NestedModelComparison.CborEncode/OrderCount=1,1,WorkloadActual,2,871808,201182300.0,230.76445731170165
before,NestedModelComparison.CborEncode/OrderCount=1,1,WorkloadActual,3,871808,199186500.0,228.47519178534722
before,NestedModelComparison.CborEncode/OrderCount=1,1,WorkloadActual,4,871808,201756700.0,231.42331797827043
before,NestedModelComparison.CborEncode/OrderCount=1,1,WorkloadActual,5,871808,199705200.0,229.0701622375569
before,NestedModelComparison.CborEncode/OrderCount=1,1,WorkloadActual,6,871808,198818400.0,228.0529657906328
before,NestedModelComparison.CborEncode/OrderCount=1,1,WorkloadResult,1,871808,197365800.0,226.38677323447365
before,NestedModelComparison.CborEncode/OrderCount=1,1,WorkloadResult,2,871808,199129900.0,228.41026923359271
before,NestedModelComparison.CborEncode/OrderCount=1,1,WorkloadResult,3,871808,197134100.0,226.1210037072383
before,NestedModelComparison.CborEncode/OrderCount=1,1,WorkloadResult,4,871808,199704300.0,229.0691299001615
before,NestedModelComparison.CborEncode/OrderCount=1,1,WorkloadResult,5,871808,197652800.0,226.71597415944794
before,NestedModelComparison.CborEncode/OrderCount=1,1,WorkloadResult,6,871808,196766000.0,225.69877771252385
before,NestedModelComparison.CborEncode/OrderCount=1,2,OverheadActual,1,874048,2050500.0,2.345980998755217
before,NestedModelComparison.CborEncode/OrderCount=1,2,OverheadActual,2,874048,2090600.0,2.391859485977887
before,NestedModelComparison.CborEncode/OrderCount=1,2,OverheadActual,3,874048,2035000.0,2.3282474189060554
before,NestedModelComparison.CborEncode/OrderCount=1,2,OverheadActual,4,874048,2021700.0,2.313030863293549
before,NestedModelComparison.CborEncode/OrderCount=1,2,OverheadActual,5,874048,2078300.0,2.377787032291133
before,NestedModelComparison.CborEncode/OrderCount=1,2,OverheadActual,6,874048,2062400.0,2.35959581167167
before,NestedModelComparison.CborEncode/OrderCount=1,2,OverheadActual,7,874048,2055300.0,2.3514726879988284
before,NestedModelComparison.CborEncode/OrderCount=1,2,OverheadActual,8,874048,2018700.0,2.309598557516292
before,NestedModelComparison.CborEncode/OrderCount=1,2,OverheadActual,9,874048,2047000.0,2.341976642015084
before,NestedModelComparison.CborEncode/OrderCount=1,2,OverheadActual,10,874048,2064100.0,2.3615407849454493
before,NestedModelComparison.CborEncode/OrderCount=1,2,OverheadActual,11,874048,2030600.0,2.323213370432745
before,NestedModelComparison.CborEncode/OrderCount=1,2,OverheadActual,12,874048,2034600.0,2.3277897781357546
before,NestedModelComparison.CborEncode/OrderCount=1,2,OverheadActual,13,874048,2074200.0,2.373096214395548
before,NestedModelComparison.CborEncode/OrderCount=1,2,OverheadActual,14,874048,2046300.0,2.341175770667057
before,NestedModelComparison.CborEncode/OrderCount=1,2,OverheadActual,15,874048,2109500.0,2.4134830123746065
before,NestedModelComparison.CborEncode/OrderCount=1,2,WorkloadActual,1,874048,200760700.0,229.6907034853921
before,NestedModelComparison.CborEncode/OrderCount=1,2,WorkloadActual,2,874048,201690000.0,230.75391740499379
before,NestedModelComparison.CborEncode/OrderCount=1,2,WorkloadActual,3,874048,201798000.0,230.87748041297502
before,NestedModelComparison.CborEncode/OrderCount=1,2,WorkloadActual,4,874048,200499200.0,229.39152083180787
before,NestedModelComparison.CborEncode/OrderCount=1,2,WorkloadActual,5,874048,200387600.0,229.26383905689391
before,NestedModelComparison.CborEncode/OrderCount=1,2,WorkloadActual,6,874048,200123000.0,228.9611096873398
before,NestedModelComparison.CborEncode/OrderCount=1,2,WorkloadResult,1,874048,198710200.0,227.3447224866369
before,NestedModelComparison.CborEncode/OrderCount=1,2,WorkloadResult,2,874048,199639500.0,228.40793640623855
before,NestedModelComparison.CborEncode/OrderCount=1,2,WorkloadResult,3,874048,199747500.0,228.5314994142198
before,NestedModelComparison.CborEncode/OrderCount=1,2,WorkloadResult,4,874048,198448700.0,227.04553983305266
before,NestedModelComparison.CborEncode/OrderCount=1,2,WorkloadResult,5,874048,198337100.0,226.91785805813868
before,NestedModelComparison.CborEncode/OrderCount=1,2,WorkloadResult,6,874048,198072500.0,226.6151286885846
before,NestedModelComparison.CborEncode/OrderCount=64,1,OverheadActual,1,15440,40700.0,2.6360103626943006
before,NestedModelComparison.CborEncode/OrderCount=64,1,OverheadActual,2,15440,41300.0,2.6748704663212437
before,NestedModelComparison.CborEncode/OrderCount=64,1,OverheadActual,3,15440,45300.0,2.933937823834197
before,NestedModelComparison.CborEncode/OrderCount=64,1,OverheadActual,4,15440,39900.0,2.5841968911917097
before,NestedModelComparison.CborEncode/OrderCount=64,1,OverheadActual,5,15440,40400.0,2.616580310880829
before,NestedModelComparison.CborEncode/OrderCount=64,1,OverheadActual,6,15440,39600.0,2.564766839378238
before,NestedModelComparison.CborEncode/OrderCount=64,1,OverheadActual,7,15440,39700.0,2.571243523316062
before,NestedModelComparison.CborEncode/OrderCount=64,1,OverheadActual,8,15440,40900.0,2.6489637305699483
before,NestedModelComparison.CborEncode/OrderCount=64,1,OverheadActual,9,15440,38700.0,2.506476683937824
before,NestedModelComparison.CborEncode/OrderCount=64,1,OverheadActual,10,15440,38700.0,2.506476683937824
before,NestedModelComparison.CborEncode/OrderCount=64,1,OverheadActual,11,15440,46300.0,2.9987046632124352
before,NestedModelComparison.CborEncode/OrderCount=64,1,OverheadActual,12,15440,47100.0,3.050518134715026
before,NestedModelComparison.CborEncode/OrderCount=64,1,OverheadActual,13,15440,40400.0,2.616580310880829
before,NestedModelComparison.CborEncode/OrderCount=64,1,OverheadActual,14,15440,38700.0,2.506476683937824
before,NestedModelComparison.CborEncode/OrderCount=64,1,OverheadActual,15,15440,41100.0,2.661917098445596
before,NestedModelComparison.CborEncode/OrderCount=64,1,WorkloadActual,1,15440,202117400.0,13090.505181347151
before,NestedModelComparison.CborEncode/OrderCount=64,1,WorkloadActual,2,15440,202390800.0,13108.212435233161
before,NestedModelComparison.CborEncode/OrderCount=64,1,WorkloadActual,3,15440,201882200.0,13075.272020725388
before,NestedModelComparison.CborEncode/OrderCount=64,1,WorkloadActual,4,15440,206197200.0,13354.740932642488
before,NestedModelComparison.CborEncode/OrderCount=64,1,WorkloadActual,5,15440,203947900.0,13209.060880829016
before,NestedModelComparison.CborEncode/OrderCount=64,1,WorkloadActual,6,15440,204695300.0,13257.46761658031
before,NestedModelComparison.CborEncode/OrderCount=64,1,WorkloadResult,1,15440,202077000.0,13087.88860103627
before,NestedModelComparison.CborEncode/OrderCount=64,1,WorkloadResult,2,15440,202350400.0,13105.59585492228
before,NestedModelComparison.CborEncode/OrderCount=64,1,WorkloadResult,3,15440,201841800.0,13072.655440414508
before,NestedModelComparison.CborEncode/OrderCount=64,1,WorkloadResult,4,15440,206156800.0,13352.124352331606
before,NestedModelComparison.CborEncode/OrderCount=64,1,WorkloadResult,5,15440,203907500.0,13206.444300518135
before,NestedModelComparison.CborEncode/OrderCount=64,1,WorkloadResult,6,15440,204654900.0,13254.85103626943
before,NestedModelComparison.CborEncode/OrderCount=64,2,OverheadActual,1,15024,43700.0,2.908679446219382
before,NestedModelComparison.CborEncode/OrderCount=64,2,OverheadActual,2,15024,40300.0,2.6823748668796594
before,NestedModelComparison.CborEncode/OrderCount=64,2,OverheadActual,3,15024,40300.0,2.6823748668796594
before,NestedModelComparison.CborEncode/OrderCount=64,2,OverheadActual,4,15024,38200.0,2.542598509052183
before,NestedModelComparison.CborEncode/OrderCount=64,2,OverheadActual,5,15024,39900.0,2.655750798722045
before,NestedModelComparison.CborEncode/OrderCount=64,2,OverheadActual,6,15024,38300.0,2.5492545260915866
before,NestedModelComparison.CborEncode/OrderCount=64,2,OverheadActual,7,15024,38600.0,2.5692225772097976
before,NestedModelComparison.CborEncode/OrderCount=64,2,OverheadActual,8,15024,38900.0,2.5891906283280086
before,NestedModelComparison.CborEncode/OrderCount=64,2,OverheadActual,9,15024,38100.0,2.5359424920127798
before,NestedModelComparison.CborEncode/OrderCount=64,2,OverheadActual,10,15024,39000.0,2.5958466453674123
before,NestedModelComparison.CborEncode/OrderCount=64,2,OverheadActual,11,15024,38500.0,2.562566560170394
before,NestedModelComparison.CborEncode/OrderCount=64,2,OverheadActual,12,15024,38300.0,2.5492545260915866
before,NestedModelComparison.CborEncode/OrderCount=64,2,OverheadActual,13,15024,38300.0,2.5492545260915866
before,NestedModelComparison.CborEncode/OrderCount=64,2,OverheadActual,14,15024,38600.0,2.5692225772097976
before,NestedModelComparison.CborEncode/OrderCount=64,2,OverheadActual,15,15024,38500.0,2.562566560170394
before,NestedModelComparison.CborEncode/OrderCount=64,2,WorkloadActual,1,15024,199638100.0,13287.94595314164
before,NestedModelComparison.CborEncode/OrderCount=64,2,WorkloadActual,2,15024,197853000.0,13169.129392971246
before,NestedModelComparison.CborEncode/OrderCount=64,2,WorkloadActual,3,15024,198337000.0,13201.344515441959
before,NestedModelComparison.CborEncode/OrderCount=64,2,WorkloadActual,4,15024,198211800.0,13193.011182108627
before,NestedModelComparison.CborEncode/OrderCount=64,2,WorkloadActual,5,15024,199552700.0,13282.26171458999
before,NestedModelComparison.CborEncode/OrderCount=64,2,WorkloadActual,6,15024,200088200.0,13317.904685835996
before,NestedModelComparison.CborEncode/OrderCount=64,2,WorkloadResult,1,15024,199599500.0,13285.37673056443
before,NestedModelComparison.CborEncode/OrderCount=64,2,WorkloadResult,2,15024,197814400.0,13166.560170394036
before,NestedModelComparison.CborEncode/OrderCount=64,2,WorkloadResult,3,15024,198298400.0,13198.77529286475
before,NestedModelComparison.CborEncode/OrderCount=64,2,WorkloadResult,4,15024,198173200.0,13190.441959531416
before,NestedModelComparison.CborEncode/OrderCount=64,2,WorkloadResult,5,15024,199514100.0,13279.69249201278
before,NestedModelComparison.CborEncode/OrderCount=64,2,WorkloadResult,6,15024,200049600.0,13315.335463258785
before,StringMapComparison.CborDecode,1,OverheadActual,1,5008,12400.0,2.476038338658147
before,StringMapComparison.CborDecode,1,OverheadActual,2,5008,12600.0,2.515974440894569
before,StringMapComparison.CborDecode,1,OverheadActual,3,5008,12300.0,2.4560702875399363
before,StringMapComparison.CborDecode,1,OverheadActual,4,5008,14300.0,2.8554313099041533
before,StringMapComparison.CborDecode,1,OverheadActual,5,5008,12500.0,2.496006389776358
before,StringMapComparison.CborDecode,1,OverheadActual,6,5008,12000.0,2.3961661341853033
before,StringMapComparison.CborDecode,1,OverheadActual,7,5008,12500.0,2.496006389776358
before,StringMapComparison.CborDecode,1,OverheadActual,8,5008,11900.0,2.376198083067093
before,StringMapComparison.CborDecode,1,OverheadActual,9,5008,12800.0,2.5559105431309903
before,StringMapComparison.CborDecode,1,OverheadActual,10,5008,12000.0,2.3961661341853033
before,StringMapComparison.CborDecode,1,OverheadActual,11,5008,12100.0,2.4161341853035143
before,StringMapComparison.CborDecode,1,OverheadActual,12,5008,12800.0,2.5559105431309903
before,StringMapComparison.CborDecode,1,OverheadActual,13,5008,12100.0,2.4161341853035143
before,StringMapComparison.CborDecode,1,OverheadActual,14,5008,13100.0,2.615814696485623
before,StringMapComparison.CborDecode,1,OverheadActual,15,5008,11900.0,2.376198083067093
before,StringMapComparison.CborDecode,1,WorkloadActual,1,5008,201747500.0,40285.04392971246
before,StringMapComparison.CborDecode,1,WorkloadActual,2,5008,202608500.0,40456.968849840254
before,StringMapComparison.CborDecode,1,WorkloadActual,3,5008,200985200.0,40132.827476038336
before,StringMapComparison.CborDecode,1,WorkloadActual,4,5008,197696000.0,39476.038338658145
before,StringMapComparison.CborDecode,1,WorkloadActual,5,5008,202566600.0,40448.60223642173
before,StringMapComparison.CborDecode,1,WorkloadActual,6,5008,200784600.0,40092.771565495204
before,StringMapComparison.CborDecode,1,WorkloadResult,1,5008,201735100.0,40282.5678913738
before,StringMapComparison.CborDecode,1,WorkloadResult,2,5008,202596100.0,40454.4928115016
before,StringMapComparison.CborDecode,1,WorkloadResult,3,5008,200972800.0,40130.35143769968
before,StringMapComparison.CborDecode,1,WorkloadResult,4,5008,197683600.0,39473.56230031949
before,StringMapComparison.CborDecode,1,WorkloadResult,5,5008,202554200.0,40446.12619808307
before,StringMapComparison.CborDecode,1,WorkloadResult,6,5008,200772200.0,40090.29552715655
before,StringMapComparison.CborDecode,2,OverheadActual,1,5104,12500.0,2.449059561128527
before,StringMapComparison.CborDecode,2,OverheadActual,2,5104,12100.0,2.3706896551724137
before,StringMapComparison.CborDecode,2,OverheadActual,3,5104,12300.0,2.4098746081504703
before,StringMapComparison.CborDecode,2,OverheadActual,4,5104,12300.0,2.4098746081504703
before,StringMapComparison.CborDecode,2,OverheadActual,5,5104,12600.0,2.468652037617555
before,StringMapComparison.CborDecode,2,OverheadActual,6,5104,12300.0,2.4098746081504703
before,StringMapComparison.CborDecode,2,OverheadActual,7,5104,12100.0,2.3706896551724137
before,StringMapComparison.CborDecode,2,OverheadActual,8,5104,12100.0,2.3706896551724137
before,StringMapComparison.CborDecode,2,OverheadActual,9,5104,12000.0,2.3510971786833856
before,StringMapComparison.CborDecode,2,OverheadActual,10,5104,12200.0,2.390282131661442
before,StringMapComparison.CborDecode,2,OverheadActual,11,5104,12400.0,2.4294670846394983
before,StringMapComparison.CborDecode,2,OverheadActual,12,5104,12500.0,2.449059561128527
before,StringMapComparison.CborDecode,2,OverheadActual,13,5104,12200.0,2.390282131661442
before,StringMapComparison.CborDecode,2,OverheadActual,14,5104,13100.0,2.566614420062696
before,StringMapComparison.CborDecode,2,OverheadActual,15,5104,12300.0,2.4098746081504703
before,StringMapComparison.CborDecode,2,WorkloadActual,1,5104,202755500.0,39724.8236677116
before,StringMapComparison.CborDecode,2,WorkloadActual,2,5104,205179300.0,40199.70611285266
before,StringMapComparison.CborDecode,2,WorkloadActual,3,5104,201817200.0,39540.98746081505
before,StringMapComparison.CborDecode,2,WorkloadActual,4,5104,202000100.0,39576.82210031348
before,StringMapComparison.CborDecode,2,WorkloadActual,5,5104,202434800.0,39661.990595611285
before,StringMapComparison.CborDecode,2,WorkloadActual,6,5104,199515100.0,39089.94905956113
before,StringMapComparison.CborDecode,2,WorkloadResult,1,5104,202743200.0,39722.41379310345
before,StringMapComparison.CborDecode,2,WorkloadResult,2,5104,201804900.0,39538.5775862069
before,StringMapComparison.CborDecode,2,WorkloadResult,3,5104,201987800.0,39574.41222570533
before,StringMapComparison.CborDecode,2,WorkloadResult,4,5104,202422500.0,39659.580721003134
before,StringMapComparison.CborDecode,2,WorkloadResult,5,5104,199502800.0,39087.53918495298
before,StringMapComparison.CborEncode,1,OverheadActual,1,14000,33500.0,2.392857142857143
before,StringMapComparison.CborEncode,1,OverheadActual,2,14000,33900.0,2.4214285714285713
before,StringMapComparison.CborEncode,1,OverheadActual,3,14000,33500.0,2.392857142857143
before,StringMapComparison.CborEncode,1,OverheadActual,4,14000,32300.0,2.307142857142857
before,StringMapComparison.CborEncode,1,OverheadActual,5,14000,36400.0,2.6
before,StringMapComparison.CborEncode,1,OverheadActual,6,14000,32500.0,2.3214285714285716
before,StringMapComparison.CborEncode,1,OverheadActual,7,14000,32500.0,2.3214285714285716
before,StringMapComparison.CborEncode,1,OverheadActual,8,14000,32900.0,2.35
before,StringMapComparison.CborEncode,1,OverheadActual,9,14000,33800.0,2.414285714285714
before,StringMapComparison.CborEncode,1,OverheadActual,10,14000,32900.0,2.35
before,StringMapComparison.CborEncode,1,OverheadActual,11,14000,32200.0,2.3
before,StringMapComparison.CborEncode,1,OverheadActual,12,14000,32500.0,2.3214285714285716
before,StringMapComparison.CborEncode,1,OverheadActual,13,14000,36700.0,2.6214285714285714
before,StringMapComparison.CborEncode,1,OverheadActual,14,14000,32100.0,2.2928571428571427
before,StringMapComparison.CborEncode,1,OverheadActual,15,14000,32500.0,2.3214285714285716
before,StringMapComparison.CborEncode,1,WorkloadActual,1,14000,200465500.0,14318.964285714286
before,StringMapComparison.CborEncode,1,WorkloadActual,2,14000,203120800.0,14508.628571428571
before,StringMapComparison.CborEncode,1,WorkloadActual,3,14000,201481200.0,14391.514285714286
before,StringMapComparison.CborEncode,1,WorkloadActual,4,14000,199151000.0,14225.07142857143
before,StringMapComparison.CborEncode,1,WorkloadActual,5,14000,201232100.0,14373.721428571429
before,StringMapComparison.CborEncode,1,WorkloadActual,6,14000,201610800.0,14400.771428571428
before,StringMapComparison.CborEncode,1,WorkloadResult,1,14000,200432600.0,14316.614285714286
before,StringMapComparison.CborEncode,1,WorkloadResult,2,14000,201448300.0,14389.164285714285
before,StringMapComparison.CborEncode,1,WorkloadResult,3,14000,199118100.0,14222.721428571429
before,StringMapComparison.CborEncode,1,WorkloadResult,4,14000,201199200.0,14371.371428571429
before,StringMapComparison.CborEncode,1,WorkloadResult,5,14000,201577900.0,14398.421428571428
before,StringMapComparison.CborEncode,2,OverheadActual,1,13920,33300.0,2.3922413793103448
before,StringMapComparison.CborEncode,2,OverheadActual,2,13920,33300.0,2.3922413793103448
before,StringMapComparison.CborEncode,2,OverheadActual,3,13920,33000.0,2.3706896551724137
before,StringMapComparison.CborEncode,2,OverheadActual,4,13920,33600.0,2.413793103448276
before,StringMapComparison.CborEncode,2,OverheadActual,5,13920,33000.0,2.3706896551724137
before,StringMapComparison.CborEncode,2,OverheadActual,6,13920,35600.0,2.557471264367816
before,StringMapComparison.CborEncode,2,OverheadActual,7,13920,33000.0,2.3706896551724137
before,StringMapComparison.CborEncode,2,OverheadActual,8,13920,39000.0,2.8017241379310347
before,StringMapComparison.CborEncode,2,OverheadActual,9,13920,34900.0,2.507183908045977
before,StringMapComparison.CborEncode,2,OverheadActual,10,13920,34200.0,2.456896551724138
before,StringMapComparison.CborEncode,2,OverheadActual,11,13920,32200.0,2.3132183908045976
before,StringMapComparison.CborEncode,2,OverheadActual,12,13920,31500.0,2.2629310344827585
before,StringMapComparison.CborEncode,2,OverheadActual,13,13920,32200.0,2.3132183908045976
before,StringMapComparison.CborEncode,2,OverheadActual,14,13920,32900.0,2.3635057471264367
before,StringMapComparison.CborEncode,2,OverheadActual,15,13920,34200.0,2.456896551724138
before,StringMapComparison.CborEncode,2,WorkloadActual,1,13920,201193700.0,14453.57040229885
before,StringMapComparison.CborEncode,2,WorkloadActual,2,13920,202199100.0,14525.797413793103
before,StringMapComparison.CborEncode,2,WorkloadActual,3,13920,197621100.0,14196.918103448275
before,StringMapComparison.CborEncode,2,WorkloadActual,4,13920,200110200.0,14375.73275862069
before,StringMapComparison.CborEncode,2,WorkloadActual,5,13920,200337300.0,14392.047413793103
before,StringMapComparison.CborEncode,2,WorkloadActual,6,13920,200984700.0,14438.556034482759
before,StringMapComparison.CborEncode,2,WorkloadResult,1,13920,201160400.0,14451.17816091954
before,StringMapComparison.CborEncode,2,WorkloadResult,2,13920,202165800.0,14523.405172413793
before,StringMapComparison.CborEncode,2,WorkloadResult,3,13920,197587800.0,14194.525862068966
before,StringMapComparison.CborEncode,2,WorkloadResult,4,13920,200076900.0,14373.340517241379
before,StringMapComparison.CborEncode,2,WorkloadResult,5,13920,200304000.0,14389.655172413793
before,StringMapComparison.CborEncode,2,WorkloadResult,6,13920,200951400.0,14436.163793103447
before,IntegerArrayDevelopment.Encode/Count=1,1,OverheadActual,1,11521872,28619800.0,2.4839539963644794
before,IntegerArrayDevelopment.Encode/Count=1,1,OverheadActual,2,11521872,28536000.0,2.476680872691521
before,IntegerArrayDevelopment.Encode/Count=1,1,OverheadActual,3,11521872,29159100.0,2.53076062639821
before,IntegerArrayDevelopment.Encode/Count=1,1,OverheadActual,4,11521872,28993400.0,2.5163792828109877
before,IntegerArrayDevelopment.Encode/Count=1,1,OverheadActual,5,11521872,29043800.0,2.520753571988996
before,IntegerArrayDevelopment.Encode/Count=1,1,OverheadActual,6,11521872,28553900.0,2.4782344396813296
before,IntegerArrayDevelopment.Encode/Count=1,1,OverheadActual,7,11521872,29002100.0,2.517134368442906
before,IntegerArrayDevelopment.Encode/Count=1,1,OverheadActual,8,11521872,29024900.0,2.519113213547243
before,IntegerArrayDevelopment.Encode/Count=1,1,OverheadActual,9,11521872,29428000.0,2.554098847826117
before,IntegerArrayDevelopment.Encode/Count=1,1,OverheadActual,10,11521872,26716400.0,2.3187551467331002
before,IntegerArrayDevelopment.Encode/Count=1,1,OverheadActual,11,11521872,21736200.0,1.8865163577585309
before,IntegerArrayDevelopment.Encode/Count=1,1,OverheadActual,12,11521872,21729300.0,1.885917496740113
before,IntegerArrayDevelopment.Encode/Count=1,1,OverheadActual,13,11521872,22027600.0,1.9118073868551917
before,IntegerArrayDevelopment.Encode/Count=1,1,OverheadActual,14,11521872,21921400.0,1.9025901346586735
before,IntegerArrayDevelopment.Encode/Count=1,1,OverheadActual,15,11521872,21877800.0,1.8988060273538883
before,IntegerArrayDevelopment.Encode/Count=1,1,OverheadActual,16,11521872,21659200.0,1.8798334159587955
before,IntegerArrayDevelopment.Encode/Count=1,1,OverheadActual,17,11521872,21544400.0,1.8698697572755538
before,IntegerArrayDevelopment.Encode/Count=1,1,OverheadActual,18,11521872,21507200.0,1.866641115263214
before,IntegerArrayDevelopment.Encode/Count=1,1,OverheadActual,19,11521872,21592000.0,1.8740010303881174
before,IntegerArrayDevelopment.Encode/Count=1,1,OverheadActual,20,11521872,22019100.0,1.9110696595136623
before,IntegerArrayDevelopment.Encode/Count=1,1,WorkloadActual,1,11521872,200187500.0,17.374563786162526
before,IntegerArrayDevelopment.Encode/Count=1,1,WorkloadActual,2,11521872,203408600.0,17.654127732021323
before,IntegerArrayDevelopment.Encode/Count=1,1,WorkloadActual,3,11521872,200352400.0,17.388875696588194
before,IntegerArrayDevelopment.Encode/Count=1,1,WorkloadActual,4,11521872,206417500.0,17.915274531777474
before,IntegerArrayDevelopment.Encode/Count=1,1,WorkloadActual,5,11521872,199028000.0,17.273929097632745
before,IntegerArrayDevelopment.Encode/Count=1,1,WorkloadActual,6,11521872,199623300.0,17.325596048975374
before,IntegerArrayDevelopment.Encode/Count=1,1,WorkloadResult,1,11521872,175815500.0,15.25928251936838
before,IntegerArrayDevelopment.Encode/Count=1,1,WorkloadResult,2,11521872,179036600.0,15.538846465227179
before,IntegerArrayDevelopment.Encode/Count=1,1,WorkloadResult,3,11521872,175980400.0,15.273594429794047
before,IntegerArrayDevelopment.Encode/Count=1,1,WorkloadResult,4,11521872,182045500.0,15.799993264983328
before,IntegerArrayDevelopment.Encode/Count=1,1,WorkloadResult,5,11521872,174656000.0,15.1586478308386
before,IntegerArrayDevelopment.Encode/Count=1,1,WorkloadResult,6,11521872,175251300.0,15.210314782181229
before,IntegerArrayDevelopment.Encode/Count=1,2,OverheadActual,1,9625008,24431800.0,2.5383667213575305
before,IntegerArrayDevelopment.Encode/Count=1,2,OverheadActual,2,9625008,24438000.0,2.5390108766662842
before,IntegerArrayDevelopment.Encode/Count=1,2,OverheadActual,3,9625008,24223600.0,2.5167355705055
before,IntegerArrayDevelopment.Encode/Count=1,2,OverheadActual,4,9625008,24417600.0,2.5368913979084486
before,IntegerArrayDevelopment.Encode/Count=1,2,OverheadActual,5,9625008,24547200.0,2.5503563217817584
before,IntegerArrayDevelopment.Encode/Count=1,2,OverheadActual,6,9625008,23913600.0,2.4845278050677986
before,IntegerArrayDevelopment.Encode/Count=1,2,OverheadActual,7,9625008,23904300.0,2.4835615721046675
before,IntegerArrayDevelopment.Encode/Count=1,2,OverheadActual,8,9625008,24066000.0,2.5003615581410426
before,IntegerArrayDevelopment.Encode/Count=1,2,OverheadActual,9,9625008,24473800.0,2.542730354094251
before,IntegerArrayDevelopment.Encode/Count=1,2,OverheadActual,10,9625008,24314000.0,2.526127770491204
before,IntegerArrayDevelopment.Encode/Count=1,2,OverheadActual,11,9625008,24044500.0,2.4981277937639117
before,IntegerArrayDevelopment.Encode/Count=1,2,OverheadActual,12,9625008,23114800.0,2.4015356662560694
before,IntegerArrayDevelopment.Encode/Count=1,2,OverheadActual,13,9625008,18511800.0,1.9233022975149734
before,IntegerArrayDevelopment.Encode/Count=1,2,OverheadActual,14,9625008,18583500.0,1.9307516419726611
before,IntegerArrayDevelopment.Encode/Count=1,2,OverheadActual,15,9625008,18644300.0,1.9370685198391524
before,IntegerArrayDevelopment.Encode/Count=1,2,OverheadActual,16,9625008,18451800.0,1.917068536462515
before,IntegerArrayDevelopment.Encode/Count=1,2,OverheadActual,17,9625008,18478800.0,1.9198737289361214
before,IntegerArrayDevelopment.Encode/Count=1,2,OverheadActual,18,9625008,18459200.0,1.9178373669923183
before,IntegerArrayDevelopment.Encode/Count=1,2,OverheadActual,19,9625008,18382900.0,1.909910100853942
before,IntegerArrayDevelopment.Encode/Count=1,2,OverheadActual,20,9625008,18078300.0,1.878263373910962
before,IntegerArrayDevelopment.Encode/Count=1,2,WorkloadActual,1,9625008,201344900.0,20.91893326218534
before,IntegerArrayDevelopment.Encode/Count=1,2,WorkloadActual,2,9625008,200087800.0,20.788325578534582
before,IntegerArrayDevelopment.Encode/Count=1,2,WorkloadActual,3,9625008,202275800.0,21.015650064914233
before,IntegerArrayDevelopment.Encode/Count=1,2,WorkloadActual,4,9625008,202169700.0,21.004626697453133
before,IntegerArrayDevelopment.Encode/Count=1,2,WorkloadActual,5,9625008,200284100.0,20.808720366777877
before,IntegerArrayDevelopment.Encode/Count=1,2,WorkloadActual,6,9625008,200230600.0,20.803161929839433
before,IntegerArrayDevelopment.Encode/Count=1,2,WorkloadResult,1,9625008,177435950.0,18.434888573599107
before,IntegerArrayDevelopment.Encode/Count=1,2,WorkloadResult,2,9625008,176178850.0,18.304280889948352
before,IntegerArrayDevelopment.Encode/Count=1,2,WorkloadResult,3,9625008,178366850.0,18.531605376328
before,IntegerArrayDevelopment.Encode/Count=1,2,WorkloadResult,4,9625008,178260750.0,18.520582008866903
before,IntegerArrayDevelopment.Encode/Count=1,2,WorkloadResult,5,9625008,176375150.0,18.324675678191642
before,IntegerArrayDevelopment.Encode/Count=1,2,WorkloadResult,6,9625008,176321650.0,18.319117241253203
before,IntegerArrayDevelopment.Decode/Count=1,1,OverheadActual,1,16918400,34527800.0,2.0408431057310383
before,IntegerArrayDevelopment.Decode/Count=1,1,OverheadActual,2,16918400,33454400.0,1.9773973898240969
before,IntegerArrayDevelopment.Decode/Count=1,1,OverheadActual,3,16918400,33446900.0,1.976954085492718
before,IntegerArrayDevelopment.Decode/Count=1,1,OverheadActual,4,16918400,31923600.0,1.8869160204274635
before,IntegerArrayDevelopment.Decode/Count=1,1,OverheadActual,5,16918400,33517400.0,1.9811211462076792
before,IntegerArrayDevelopment.Decode/Count=1,1,OverheadActual,6,16918400,33341600.0,1.970730092680159
before,IntegerArrayDevelopment.Decode/Count=1,1,OverheadActual,7,16918400,33598300.0,1.9859029222621525
before,IntegerArrayDevelopment.Decode/Count=1,1,OverheadActual,8,16918400,33457900.0,1.9776042651787402
before,IntegerArrayDevelopment.Decode/Count=1,1,OverheadActual,9,16918400,32533600.0,1.9229714393796105
before,IntegerArrayDevelopment.Decode/Count=1,1,OverheadActual,10,16918400,33237600.0,1.9645829392850387
before,IntegerArrayDevelopment.Decode/Count=1,1,OverheadActual,11,16918400,33343700.0,1.970854217892945
before,IntegerArrayDevelopment.Decode/Count=1,1,OverheadActual,12,16918400,33517300.0,1.9811152354832609
before,IntegerArrayDevelopment.Decode/Count=1,1,OverheadActual,13,16918400,32862000.0,1.9423822583695858
before,IntegerArrayDevelopment.Decode/Count=1,1,OverheadActual,14,16918400,32957000.0,1.9479974465670513
before,IntegerArrayDevelopment.Decode/Count=1,1,OverheadActual,15,16918400,32199400.0,1.9032177983733687
before,IntegerArrayDevelopment.Decode/Count=1,1,WorkloadActual,1,16918400,201924700.0,11.935212549650085
before,IntegerArrayDevelopment.Decode/Count=1,1,WorkloadActual,2,16918400,198243900.0,11.71765060525818
before,IntegerArrayDevelopment.Decode/Count=1,1,WorkloadActual,3,16918400,201577400.0,11.914684603745036
before,IntegerArrayDevelopment.Decode/Count=1,1,WorkloadActual,4,16918400,201121400.0,11.8877317003972
before,IntegerArrayDevelopment.Decode/Count=1,1,WorkloadActual,5,16918400,195527000.0,11.557062133535085
before,IntegerArrayDevelopment.Decode/Count=1,1,WorkloadActual,6,16918400,198048500.0,11.706101049744657
before,IntegerArrayDevelopment.Decode/Count=1,1,WorkloadResult,1,16918400,168581000.0,9.96435833175714
before,IntegerArrayDevelopment.Decode/Count=1,1,WorkloadResult,2,16918400,164900200.0,9.746796387365235
before,IntegerArrayDevelopment.Decode/Count=1,1,WorkloadResult,3,16918400,168233700.0,9.94383038585209
before,IntegerArrayDevelopment.Decode/Count=1,1,WorkloadResult,4,16918400,167777700.0,9.916877482504256
before,IntegerArrayDevelopment.Decode/Count=1,1,WorkloadResult,5,16918400,162183300.0,9.586207915642142
before,IntegerArrayDevelopment.Decode/Count=1,1,WorkloadResult,6,16918400,164704800.0,9.735246831851711
before,IntegerArrayDevelopment.Decode/Count=1,2,OverheadActual,1,17095888,43902200.0,2.5679976377945386
before,IntegerArrayDevelopment.Decode/Count=1,2,OverheadActual,2,17095888,44145300.0,2.5822174314665607
before,IntegerArrayDevelopment.Decode/Count=1,2,OverheadActual,3,17095888,43611100.0,2.5509701514188676
before,IntegerArrayDevelopment.Decode/Count=1,2,OverheadActual,4,17095888,42854000.0,2.506684648378604
before,IntegerArrayDevelopment.Decode/Count=1,2,OverheadActual,5,17095888,42865900.0,2.5073807221947173
before,IntegerArrayDevelopment.Decode/Count=1,2,OverheadActual,6,17095888,42951700.0,2.51239947290249
before,IntegerArrayDevelopment.Decode/Count=1,2,OverheadActual,7,17095888,43657200.0,2.5536667062863305
before,IntegerArrayDevelopment.Decode/Count=1,2,OverheadActual,8,17095888,43048500.0,2.5180616531881816
before,IntegerArrayDevelopment.Decode/Count=1,2,OverheadActual,9,17095888,37234100.0,2.177956477019503
before,IntegerArrayDevelopment.Decode/Count=1,2,OverheadActual,10,17095888,34140000.0,1.9969714354703307
before,IntegerArrayDevelopment.Decode/Count=1,2,OverheadActual,11,17095888,34184600.0,1.9995802499408044
before,IntegerArrayDevelopment.Decode/Count=1,2,OverheadActual,12,17095888,34239900.0,2.0028149459098
before,IntegerArrayDevelopment.Decode/Count=1,2,OverheadActual,13,17095888,34037800.0,1.9909933897554781
before,IntegerArrayDevelopment.Decode/Count=1,2,OverheadActual,14,17095888,33352900.0,1.9509311244902867
before,IntegerArrayDevelopment.Decode/Count=1,2,OverheadActual,15,17095888,33414300.0,1.9545226314070379
before,IntegerArrayDevelopment.Decode/Count=1,2,OverheadActual,16,17095888,33635000.0,1.9674321684840237
before,IntegerArrayDevelopment.Decode/Count=1,2,OverheadActual,17,17095888,34602500.0,2.0240247245419485
before,IntegerArrayDevelopment.Decode/Count=1,2,OverheadActual,18,17095888,34362500.0,2.0099862610237036
before,IntegerArrayDevelopment.Decode/Count=1,2,OverheadActual,19,17095888,33891600.0,1.9824416257289472
before,IntegerArrayDevelopment.Decode/Count=1,2,OverheadActual,20,17095888,34468900.0,2.0162099798501254
before,IntegerArrayDevelopment.Decode/Count=1,2,WorkloadActual,1,17095888,205174400.0,12.001388871990738
before,IntegerArrayDevelopment.Decode/Count=1,2,WorkloadActual,2,17095888,202924900.0,11.86980752330619
before,IntegerArrayDevelopment.Decode/Count=1,2,WorkloadActual,3,17095888,202112300.0,11.822275625577332
before,IntegerArrayDevelopment.Decode/Count=1,2,WorkloadActual,4,17095888,197685900.0,11.563359563422502
before,IntegerArrayDevelopment.Decode/Count=1,2,WorkloadActual,5,17095888,197931900.0,11.577748988528704
before,IntegerArrayDevelopment.Decode/Count=1,2,WorkloadActual,6,17095888,199590500.0,11.674766470159375
before,IntegerArrayDevelopment.Decode/Count=1,2,WorkloadResult,1,17095888,170638700.0,9.981271519794701
before,IntegerArrayDevelopment.Decode/Count=1,2,WorkloadResult,2,17095888,168389200.0,9.849690171110153
before,IntegerArrayDevelopment.Decode/Count=1,2,WorkloadResult,3,17095888,167576600.0,9.802158273381295
before,IntegerArrayDevelopment.Decode/Count=1,2,WorkloadResult,4,17095888,163150200.0,9.543242211226465
before,IntegerArrayDevelopment.Decode/Count=1,2,WorkloadResult,5,17095888,163396200.0,9.557631636332667
before,IntegerArrayDevelopment.Decode/Count=1,2,WorkloadResult,6,17095888,165054800.0,9.654649117963338
before,IntegerArrayDevelopment.Encode/Count=8,1,OverheadActual,1,6087904,15392300.0,2.5283414455944113
before,IntegerArrayDevelopment.Encode/Count=8,1,OverheadActual,2,6087904,15074900.0,2.4762052752474415
before,IntegerArrayDevelopment.Encode/Count=8,1,OverheadActual,3,6087904,15391300.0,2.5281771854483908
before,IntegerArrayDevelopment.Encode/Count=8,1,OverheadActual,4,6087904,15319700.0,2.5164161589933087
before,IntegerArrayDevelopment.Encode/Count=8,1,OverheadActual,5,6087904,15477800.0,2.542385688079181
before,IntegerArrayDevelopment.Encode/Count=8,1,OverheadActual,6,6087904,15622900.0,2.566219835266785
before,IntegerArrayDevelopment.Encode/Count=8,1,OverheadActual,7,6087904,15655000.0,2.5714925859540494
before,IntegerArrayDevelopment.Encode/Count=8,1,OverheadActual,8,6087904,15725300.0,2.5830400742193045
before,IntegerArrayDevelopment.Encode/Count=8,1,OverheadActual,9,6087904,15514000.0,2.5483319053651305
before,IntegerArrayDevelopment.Encode/Count=8,1,OverheadActual,10,6087904,15310800.0,2.5149542436937247
before,IntegerArrayDevelopment.Encode/Count=8,1,OverheadActual,11,6087904,15501000.0,2.5461965234668615
before,IntegerArrayDevelopment.Encode/Count=8,1,OverheadActual,12,6087904,14857800.0,2.4405443975463474
before,IntegerArrayDevelopment.Encode/Count=8,1,OverheadActual,13,6087904,12146600.0,1.9952022896550274
before,IntegerArrayDevelopment.Encode/Count=8,1,OverheadActual,14,6087904,11791700.0,1.9369063638322812
before,IntegerArrayDevelopment.Encode/Count=8,1,OverheadActual,15,6087904,12043600.0,1.9782834946148953
before,IntegerArrayDevelopment.Encode/Count=8,1,OverheadActual,16,6087904,12066900.0,1.9821107560171776
before,IntegerArrayDevelopment.Encode/Count=8,1,OverheadActual,17,6087904,11889200.0,1.9529217280692994
before,IntegerArrayDevelopment.Encode/Count=8,1,OverheadActual,18,6087904,11647100.0,1.9131543467176881
before,IntegerArrayDevelopment.Encode/Count=8,1,OverheadActual,19,6087904,11712500.0,1.9238969602674418
before,IntegerArrayDevelopment.Encode/Count=8,1,OverheadActual,20,6087904,12080500.0,1.9843446940030591
before,IntegerArrayDevelopment.Encode/Count=8,1,WorkloadActual,1,6087904,201645500.0,33.122319274416945
before,IntegerArrayDevelopment.Encode/Count=8,1,WorkloadActual,2,6087904,204971800.0,33.66869779812559
before,IntegerArrayDevelopment.Encode/Count=8,1,WorkloadActual,3,6087904,196041600.0,32.201821842131544
before,IntegerArrayDevelopment.Encode/Count=8,1,WorkloadActual,4,6087904,201210800.0,33.050915388941746
before,IntegerArrayDevelopment.Encode/Count=8,1,WorkloadActual,5,6087904,196740700.0,32.316656110214616
before,IntegerArrayDevelopment.Encode/Count=8,1,WorkloadActual,6,6087904,200763200.0,32.97739254758288
before,IntegerArrayDevelopment.Encode/Count=8,1,WorkloadResult,1,6087904,186452650.0,30.626739514946358
before,IntegerArrayDevelopment.Encode/Count=8,1,WorkloadResult,2,6087904,189778950.0,31.173118038655012
before,IntegerArrayDevelopment.Encode/Count=8,1,WorkloadResult,3,6087904,180848750.0,29.70624208266096
before,IntegerArrayDevelopment.Encode/Count=8,1,WorkloadResult,4,6087904,186017950.0,30.555335629471163
before,IntegerArrayDevelopment.Encode/Count=8,1,WorkloadResult,5,6087904,181547850.0,29.821076350744033
before,IntegerArrayDevelopment.Encode/Count=8,1,WorkloadResult,6,6087904,185570350.0,30.481812788112297
before,IntegerArrayDevelopment.Encode/Count=8,2,OverheadActual,1,6090544,15545300.0,2.5523664224410822
before,IntegerArrayDevelopment.Encode/Count=8,2,OverheadActual,2,6090544,15424600.0,2.532548816657428
before,IntegerArrayDevelopment.Encode/Count=8,2,OverheadActual,3,6090544,15512100.0,2.5469153494334824
before,IntegerArrayDevelopment.Encode/Count=8,2,OverheadActual,4,6090544,15558000.0,2.5544516220554354
before,IntegerArrayDevelopment.Encode/Count=8,2,OverheadActual,5,6090544,15783400.0,2.591459810486551
before,IntegerArrayDevelopment.Encode/Count=8,2,OverheadActual,6,6090544,15223200.0,2.4994811629306017
before,IntegerArrayDevelopment.Encode/Count=8,2,OverheadActual,7,6090544,15347800.0,2.519939105603703
before,IntegerArrayDevelopment.Encode/Count=8,2,OverheadActual,8,6090544,15238300.0,2.501960416015384
before,IntegerArrayDevelopment.Encode/Count=8,2,OverheadActual,9,6090544,15545000.0,2.552317165757279
before,IntegerArrayDevelopment.Encode/Count=8,2,OverheadActual,10,6090544,15628500.0,2.566026942749285
before,IntegerArrayDevelopment.Encode/Count=8,2,OverheadActual,11,6090544,15766100.0,2.5886193417205425
before,IntegerArrayDevelopment.Encode/Count=8,2,OverheadActual,12,6090544,15550000.0,2.553138110487339
before,IntegerArrayDevelopment.Encode/Count=8,2,OverheadActual,13,6090544,15483500.0,2.542219545577538
before,IntegerArrayDevelopment.Encode/Count=8,2,OverheadActual,14,6090544,12169000.0,1.9980152840206065
before,IntegerArrayDevelopment.Encode/Count=8,2,OverheadActual,15,6090544,12020800.0,1.973682482221621
before,IntegerArrayDevelopment.Encode/Count=8,2,OverheadActual,16,6090544,11839600.0,1.943931445204238
before,IntegerArrayDevelopment.Encode/Count=8,2,OverheadActual,17,6090544,11926000.0,1.9581173701396788
before,IntegerArrayDevelopment.Encode/Count=8,2,OverheadActual,18,6090544,11518400.0,1.8911939557451682
before,IntegerArrayDevelopment.Encode/Count=8,2,OverheadActual,19,6090544,11507400.0,1.8893878773390358
before,IntegerArrayDevelopment.Encode/Count=8,2,OverheadActual,20,6090544,11686600.0,1.9188105364643946
before,IntegerArrayDevelopment.Encode/Count=8,2,WorkloadActual,1,6090544,198204100.0,32.542922274266466
before,IntegerArrayDevelopment.Encode/Count=8,2,WorkloadActual,2,6090544,201168600.0,33.02966040471919
before,IntegerArrayDevelopment.Encode/Count=8,2,WorkloadActual,3,6090544,203024100.0,33.33431299404454
before,IntegerArrayDevelopment.Encode/Count=8,2,WorkloadActual,4,6090544,199208000.0,32.70775155716797
before,IntegerArrayDevelopment.Encode/Count=8,2,WorkloadActual,5,6090544,197244900.0,32.38543223725171
before,IntegerArrayDevelopment.Encode/Count=8,2,WorkloadActual,6,6090544,197983200.0,32.50665293609241
before,IntegerArrayDevelopment.Encode/Count=8,2,WorkloadResult,1,6090544,182817900.0,30.016678313135905
before,IntegerArrayDevelopment.Encode/Count=8,2,WorkloadResult,2,6090544,185782400.0,30.50341644358862
before,IntegerArrayDevelopment.Encode/Count=8,2,WorkloadResult,3,6090544,187637900.0,30.808069032913973
before,IntegerArrayDevelopment.Encode/Count=8,2,WorkloadResult,4,6090544,183821800.0,30.1815075960374
before,IntegerArrayDevelopment.Encode/Count=8,2,WorkloadResult,5,6090544,181858700.0,29.85918827612115
before,IntegerArrayDevelopment.Encode/Count=8,2,WorkloadResult,6,6090544,182597000.0,29.980408974961843
before,IntegerArrayDevelopment.Decode/Count=8,1,OverheadActual,1,3489520,9001500.0,2.579581145830945
before,IntegerArrayDevelopment.Decode/Count=8,1,OverheadActual,2,3489520,8820400.0,2.5276828904835047
before,IntegerArrayDevelopment.Decode/Count=8,1,OverheadActual,3,3489520,8855100.0,2.5376269515578076
before,IntegerArrayDevelopment.Decode/Count=8,1,OverheadActual,4,3489520,9171600.0,2.628327105160595
before,IntegerArrayDevelopment.Decode/Count=8,1,OverheadActual,5,3489520,9214200.0,2.6405350879204015
before,IntegerArrayDevelopment.Decode/Count=8,1,OverheadActual,6,3489520,8940100.0,2.5619856026043695
before,IntegerArrayDevelopment.Decode/Count=8,1,OverheadActual,7,3489520,8982000.0,2.573992984708499
before,IntegerArrayDevelopment.Decode/Count=8,1,OverheadActual,8,3489520,9036800.0,2.5896971503243997
before,IntegerArrayDevelopment.Decode/Count=8,1,OverheadActual,9,3489520,9180600.0,2.630906256447878
before,IntegerArrayDevelopment.Decode/Count=8,1,OverheadActual,10,3489520,9169400.0,2.627696645957037
before,IntegerArrayDevelopment.Decode/Count=8,1,OverheadActual,11,3489520,8974200.0,2.57175772025952
before,IntegerArrayDevelopment.Decode/Count=8,1,OverheadActual,12,3489520,9296300.0,2.664062679107728
before,IntegerArrayDevelopment.Decode/Count=8,1,OverheadActual,13,3489520,9172600.0,2.628613677525849
before,IntegerArrayDevelopment.Decode/Count=8,1,OverheadActual,14,3489520,9069700.0,2.5991253811412456
before,IntegerArrayDevelopment.Decode/Count=8,1,OverheadActual,15,3489520,9033900.0,2.588866090465164
before,IntegerArrayDevelopment.Decode/Count=8,1,WorkloadActual,1,3489520,200581500.0,57.481114881129784
before,IntegerArrayDevelopment.Decode/Count=8,1,WorkloadActual,2,3489520,201099100.0,57.629444737385086
before,IntegerArrayDevelopment.Decode/Count=8,1,WorkloadActual,3,3489520,201794900.0,57.82884178912859
before,IntegerArrayDevelopment.Decode/Count=8,1,WorkloadActual,4,3489520,198521400.0,56.89074715147069
before,IntegerArrayDevelopment.Decode/Count=8,1,WorkloadActual,5,3489520,199707500.0,57.23065063389807
before,IntegerArrayDevelopment.Decode/Count=8,1,WorkloadActual,6,3489520,200276100.0,57.39359568078131
before,IntegerArrayDevelopment.Decode/Count=8,1,WorkloadResult,1,3489520,191544700.0,54.89141773080538
before,IntegerArrayDevelopment.Decode/Count=8,1,WorkloadResult,2,3489520,192062300.0,55.03974758706068
before,IntegerArrayDevelopment.Decode/Count=8,1,WorkloadResult,3,3489520,192758100.0,55.23914463880419
before,IntegerArrayDevelopment.Decode/Count=8,1,WorkloadResult,4,3489520,189484600.0,54.30105000114629
before,IntegerArrayDevelopment.Decode/Count=8,1,WorkloadResult,5,3489520,190670700.0,54.640953483573675
before,IntegerArrayDevelopment.Decode/Count=8,1,WorkloadResult,6,3489520,191239300.0,54.80389853045691
before,IntegerArrayDevelopment.Decode/Count=8,2,OverheadActual,1,3621376,9036700.0,2.4953774476883925
before,IntegerArrayDevelopment.Decode/Count=8,2,OverheadActual,2,3621376,9206200.0,2.5421828608794006
before,IntegerArrayDevelopment.Decode/Count=8,2,OverheadActual,3,3621376,9281300.0,2.5629208345115226
before,IntegerArrayDevelopment.Decode/Count=8,2,OverheadActual,4,3621376,9039500.0,2.4961506344549695
before,IntegerArrayDevelopment.Decode/Count=8,2,OverheadActual,5,3621376,9176900.0,2.534092013643433
before,IntegerArrayDevelopment.Decode/Count=8,2,OverheadActual,6,3621376,9430600.0,2.6041482574579384
before,IntegerArrayDevelopment.Decode/Count=8,2,OverheadActual,7,3621376,9313300.0,2.5717572547009757
before,IntegerArrayDevelopment.Decode/Count=8,2,OverheadActual,8,3621376,9222800.0,2.5467667538526793
before,IntegerArrayDevelopment.Decode/Count=8,2,OverheadActual,9,3621376,9242400.0,2.552179061218719
before,IntegerArrayDevelopment.Decode/Count=8,2,OverheadActual,10,3621376,9258900.0,2.5567353403789057
before,IntegerArrayDevelopment.Decode/Count=8,2,OverheadActual,11,3621376,9189700.0,2.537626581719214
before,IntegerArrayDevelopment.Decode/Count=8,2,OverheadActual,12,3621376,9155800.0,2.5282654990810123
before,IntegerArrayDevelopment.Decode/Count=8,2,OverheadActual,13,3621376,9317900.0,2.5730274901032093
before,IntegerArrayDevelopment.Decode/Count=8,2,OverheadActual,14,3621376,9505700.0,2.624886231090061
before,IntegerArrayDevelopment.Decode/Count=8,2,OverheadActual,15,3621376,9008100.0,2.487479897144069
before,IntegerArrayDevelopment.Decode/Count=8,2,WorkloadActual,1,3621376,204866200.0,56.57136955676516
before,IntegerArrayDevelopment.Decode/Count=8,2,WorkloadActual,2,3621376,204932700.0,56.58973274247137
before,IntegerArrayDevelopment.Decode/Count=8,2,WorkloadActual,3,3621376,200403800.0,55.33913076134596
before,IntegerArrayDevelopment.Decode/Count=8,2,WorkloadActual,4,3621376,203160000.0,56.10022267778877
before,IntegerArrayDevelopment.Decode/Count=8,2,WorkloadActual,5,3621376,205690700.0,56.799045445709034
before,IntegerArrayDevelopment.Decode/Count=8,2,WorkloadActual,6,3621376,200082000.0,55.25026951081578
before,IntegerArrayDevelopment.Decode/Count=8,2,WorkloadResult,1,3621376,195643400.0,54.02460280291248
before,IntegerArrayDevelopment.Decode/Count=8,2,WorkloadResult,2,3621376,195709900.0,54.04296598861869
before,IntegerArrayDevelopment.Decode/Count=8,2,WorkloadResult,3,3621376,191181000.0,52.79236400749328
before,IntegerArrayDevelopment.Decode/Count=8,2,WorkloadResult,4,3621376,193937200.0,53.55345592393609
before,IntegerArrayDevelopment.Decode/Count=8,2,WorkloadResult,5,3621376,196467900.0,54.252278691856354
before,IntegerArrayDevelopment.Decode/Count=8,2,WorkloadResult,6,3621376,190859200.0,52.7035027569631
before,IntegerArrayDevelopment.Encode/Count=1024,1,OverheadActual,1,72768,200300.0,2.752583553210202
before,IntegerArrayDevelopment.Encode/Count=1024,1,OverheadActual,2,72768,173000.0,2.377418645558487
before,IntegerArrayDevelopment.Encode/Count=1024,1,OverheadActual,3,72768,185200.0,2.5450747581354443
before,IntegerArrayDevelopment.Encode/Count=1024,1,OverheadActual,4,72768,166500.0,2.2880936675461743
before,IntegerArrayDevelopment.Encode/Count=1024,1,OverheadActual,5,72768,172800.0,2.37467018469657
before,IntegerArrayDevelopment.Encode/Count=1024,1,OverheadActual,6,72768,315100.0,4.330200087950748
before,IntegerArrayDevelopment.Encode/Count=1024,1,OverheadActual,7,72768,171200.0,2.3526824978012315
before,IntegerArrayDevelopment.Encode/Count=1024,1,OverheadActual,8,72768,169900.0,2.3348175021987685
before,IntegerArrayDevelopment.Encode/Count=1024,1,OverheadActual,9,72768,170500.0,2.3430628847845205
before,IntegerArrayDevelopment.Encode/Count=1024,1,OverheadActual,10,72768,171400.0,2.3554309586631486
before,IntegerArrayDevelopment.Encode/Count=1024,1,OverheadActual,11,72768,176200.0,2.4213940193491643
before,IntegerArrayDevelopment.Encode/Count=1024,1,OverheadActual,12,72768,179300.0,2.463995162708883
before,IntegerArrayDevelopment.Encode/Count=1024,1,OverheadActual,13,72768,179900.0,2.472240545294635
before,IntegerArrayDevelopment.Encode/Count=1024,1,OverheadActual,14,72768,173000.0,2.377418645558487
before,IntegerArrayDevelopment.Encode/Count=1024,1,OverheadActual,15,72768,177900.0,2.444755936675462
before,IntegerArrayDevelopment.Encode/Count=1024,1,WorkloadActual,1,72768,197889900.0,2719.4632255936676
before,IntegerArrayDevelopment.Encode/Count=1024,1,WorkloadActual,2,72768,201465100.0,2768.5947119613015
before,IntegerArrayDevelopment.Encode/Count=1024,1,WorkloadActual,3,72768,199210400.0,2737.6099384344766
before,IntegerArrayDevelopment.Encode/Count=1024,1,WorkloadActual,4,72768,198367800.0,2726.030672823219
before,IntegerArrayDevelopment.Encode/Count=1024,1,WorkloadActual,5,72768,197101300.0,2708.6260444151276
before,IntegerArrayDevelopment.Encode/Count=1024,1,WorkloadActual,6,72768,196649000.0,2702.4104001759015
before,IntegerArrayDevelopment.Encode/Count=1024,1,WorkloadResult,1,72768,197716900.0,2717.085806948109
before,IntegerArrayDevelopment.Encode/Count=1024,1,WorkloadResult,2,72768,201292100.0,2766.217293315743
before,IntegerArrayDevelopment.Encode/Count=1024,1,WorkloadResult,3,72768,199037400.0,2735.232519788918
before,IntegerArrayDevelopment.Encode/Count=1024,1,WorkloadResult,4,72768,198194800.0,2723.6532541776605
before,IntegerArrayDevelopment.Encode/Count=1024,1,WorkloadResult,5,72768,196928300.0,2706.248625769569
before,IntegerArrayDevelopment.Encode/Count=1024,1,WorkloadResult,6,72768,196476000.0,2700.032981530343
before,IntegerArrayDevelopment.Encode/Count=1024,2,OverheadActual,1,76768,182400.0,2.3759899958315964
before,IntegerArrayDevelopment.Encode/Count=1024,2,OverheadActual,2,76768,180200.0,2.3473322217590664
before,IntegerArrayDevelopment.Encode/Count=1024,2,OverheadActual,3,76768,180300.0,2.348634847853272
before,IntegerArrayDevelopment.Encode/Count=1024,2,OverheadActual,4,76768,190400.0,2.48020008336807
before,IntegerArrayDevelopment.Encode/Count=1024,2,OverheadActual,5,76768,179500.0,2.338213839099625
before,IntegerArrayDevelopment.Encode/Count=1024,2,OverheadActual,6,76768,186400.0,2.428095039599833
before,IntegerArrayDevelopment.Encode/Count=1024,2,OverheadActual,7,76768,175300.0,2.2835035431429764
before,IntegerArrayDevelopment.Encode/Count=1024,2,OverheadActual,8,76768,180800.0,2.3551479783243017
before,IntegerArrayDevelopment.Encode/Count=1024,2,OverheadActual,9,76768,179500.0,2.338213839099625
before,IntegerArrayDevelopment.Encode/Count=1024,2,OverheadActual,10,76768,188100.0,2.450239683201334
before,IntegerArrayDevelopment.Encode/Count=1024,2,OverheadActual,11,76768,177400.0,2.3108586911213007
before,IntegerArrayDevelopment.Encode/Count=1024,2,OverheadActual,12,76768,181800.0,2.368174239266361
before,IntegerArrayDevelopment.Encode/Count=1024,2,OverheadActual,13,76768,182100.0,2.372082117548979
before,IntegerArrayDevelopment.Encode/Count=1024,2,OverheadActual,14,76768,181800.0,2.368174239266361
before,IntegerArrayDevelopment.Encode/Count=1024,2,OverheadActual,15,76768,183400.0,2.3890162567736555
before,IntegerArrayDevelopment.Encode/Count=1024,2,WorkloadActual,1,76768,204530300.0,2664.265058357649
before,IntegerArrayDevelopment.Encode/Count=1024,2,WorkloadActual,2,76768,205646700.0,2678.807576073364
before,IntegerArrayDevelopment.Encode/Count=1024,2,WorkloadActual,3,76768,200664700.0,2613.910744060025
before,IntegerArrayDevelopment.Encode/Count=1024,2,WorkloadActual,4,76768,202318400.0,2635.452271779908
before,IntegerArrayDevelopment.Encode/Count=1024,2,WorkloadActual,5,76768,202263700.0,2634.7397353063775
before,IntegerArrayDevelopment.Encode/Count=1024,2,WorkloadActual,6,76768,201775900.0,2628.3855252188414
before,IntegerArrayDevelopment.Encode/Count=1024,2,WorkloadResult,1,76768,204348500.0,2661.896884118383
before,IntegerArrayDevelopment.Encode/Count=1024,2,WorkloadResult,2,76768,205464900.0,2676.4394018340977
before,IntegerArrayDevelopment.Encode/Count=1024,2,WorkloadResult,3,76768,200482900.0,2611.5425698207587
before,IntegerArrayDevelopment.Encode/Count=1024,2,WorkloadResult,4,76768,202136600.0,2633.084097540642
before,IntegerArrayDevelopment.Encode/Count=1024,2,WorkloadResult,5,76768,202081900.0,2632.371561067111
before,IntegerArrayDevelopment.Encode/Count=1024,2,WorkloadResult,6,76768,201594100.0,2626.017350979575
before,IntegerArrayDevelopment.Decode/Count=1024,1,OverheadActual,1,33552,80600.0,2.4022412970910825
before,IntegerArrayDevelopment.Decode/Count=1024,1,OverheadActual,2,33552,82900.0,2.4707916070577016
before,IntegerArrayDevelopment.Decode/Count=1024,1,OverheadActual,3,33552,77800.0,2.3187887458273724
before,IntegerArrayDevelopment.Decode/Count=1024,1,OverheadActual,4,33552,85700.0,2.5542441583214117
before,IntegerArrayDevelopment.Decode/Count=1024,1,OverheadActual,5,33552,78500.0,2.3396518836433
before,IntegerArrayDevelopment.Decode/Count=1024,1,OverheadActual,6,33552,80000.0,2.384358607534573
before,IntegerArrayDevelopment.Decode/Count=1024,1,OverheadActual,7,33552,77500.0,2.309847401049118
before,IntegerArrayDevelopment.Decode/Count=1024,1,OverheadActual,8,33552,82600.0,2.4618502622794467
before,IntegerArrayDevelopment.Decode/Count=1024,1,OverheadActual,9,33552,76600.0,2.283023366714354
before,IntegerArrayDevelopment.Decode/Count=1024,1,OverheadActual,10,33552,86700.0,2.5840486409155936
before,IntegerArrayDevelopment.Decode/Count=1024,1,OverheadActual,11,33552,83300.0,2.4827134000953746
before,IntegerArrayDevelopment.Decode/Count=1024,1,OverheadActual,12,33552,79200.0,2.3605150214592276
before,IntegerArrayDevelopment.Decode/Count=1024,1,OverheadActual,13,33552,82600.0,2.4618502622794467
before,IntegerArrayDevelopment.Decode/Count=1024,1,OverheadActual,14,33552,85100.0,2.5363614687649023
before,IntegerArrayDevelopment.Decode/Count=1024,1,OverheadActual,15,33552,81800.0,2.4380066762041013
before,IntegerArrayDevelopment.Decode/Count=1024,1,WorkloadActual,1,33552,202137100.0,6024.59167858846
before,IntegerArrayDevelopment.Decode/Count=1024,1,WorkloadActual,2,33552,200901900.0,5987.777181688126
before,IntegerArrayDevelopment.Decode/Count=1024,1,WorkloadActual,3,33552,200601800.0,5978.832856461612
before,IntegerArrayDevelopment.Decode/Count=1024,1,WorkloadActual,4,33552,200118100.0,5964.416428230806
before,IntegerArrayDevelopment.Decode/Count=1024,1,WorkloadActual,5,33552,198356400.0,5911.909871244635
before,IntegerArrayDevelopment.Decode/Count=1024,1,WorkloadActual,6,33552,200849900.0,5986.227348593228
before,IntegerArrayDevelopment.Decode/Count=1024,1,WorkloadResult,1,33552,200820100.0,5985.339175011922
before,IntegerArrayDevelopment.Decode/Count=1024,1,WorkloadResult,2,33552,200520000.0,5976.394849785408
before,IntegerArrayDevelopment.Decode/Count=1024,1,WorkloadResult,3,33552,200036300.0,5961.9784215546015
before,IntegerArrayDevelopment.Decode/Count=1024,1,WorkloadResult,4,33552,198274600.0,5909.471864568431
before,IntegerArrayDevelopment.Decode/Count=1024,1,WorkloadResult,5,33552,200768100.0,5983.789341917024
before,IntegerArrayDevelopment.Decode/Count=1024,2,OverheadActual,1,35920,85800.0,2.388641425389755
before,IntegerArrayDevelopment.Decode/Count=1024,2,OverheadActual,2,35920,87300.0,2.430400890868597
before,IntegerArrayDevelopment.Decode/Count=1024,2,OverheadActual,3,35920,83600.0,2.3273942093541202
before,IntegerArrayDevelopment.Decode/Count=1024,2,OverheadActual,4,35920,85600.0,2.3830734966592426
before,IntegerArrayDevelopment.Decode/Count=1024,2,OverheadActual,5,35920,84900.0,2.36358574610245
before,IntegerArrayDevelopment.Decode/Count=1024,2,OverheadActual,6,35920,84000.0,2.338530066815145
before,IntegerArrayDevelopment.Decode/Count=1024,2,OverheadActual,7,35920,85300.0,2.3747216035634744
before,IntegerArrayDevelopment.Decode/Count=1024,2,OverheadActual,8,35920,85800.0,2.388641425389755
before,IntegerArrayDevelopment.Decode/Count=1024,2,OverheadActual,9,35920,85200.0,2.3719376391982183
before,IntegerArrayDevelopment.Decode/Count=1024,2,OverheadActual,10,35920,82700.0,2.302338530066815
before,IntegerArrayDevelopment.Decode/Count=1024,2,OverheadActual,11,35920,83800.0,2.3329621380846324
before,IntegerArrayDevelopment.Decode/Count=1024,2,OverheadActual,12,35920,85900.0,2.3914253897550113
before,IntegerArrayDevelopment.Decode/Count=1024,2,OverheadActual,13,35920,93000.0,2.589086859688196
before,IntegerArrayDevelopment.Decode/Count=1024,2,OverheadActual,14,35920,87100.0,2.4248329621380846
before,IntegerArrayDevelopment.Decode/Count=1024,2,OverheadActual,15,35920,86700.0,2.4136971046770603
before,IntegerArrayDevelopment.Decode/Count=1024,2,WorkloadActual,1,35920,200538000.0,5582.906458797327
before,IntegerArrayDevelopment.Decode/Count=1024,2,WorkloadActual,2,35920,201186700.0,5600.966035634744
before,IntegerArrayDevelopment.Decode/Count=1024,2,WorkloadActual,3,35920,199622200.0,5557.410913140312
before,IntegerArrayDevelopment.Decode/Count=1024,2,WorkloadActual,4,35920,201816400.0,5618.496659242762
before,IntegerArrayDevelopment.Decode/Count=1024,2,WorkloadActual,5,35920,199021400.0,5540.684855233853
before,IntegerArrayDevelopment.Decode/Count=1024,2,WorkloadActual,6,35920,201659000.0,5614.114699331849
before,IntegerArrayDevelopment.Decode/Count=1024,2,WorkloadResult,1,35920,200452400.0,5580.523385300668
before,IntegerArrayDevelopment.Decode/Count=1024,2,WorkloadResult,2,35920,201101100.0,5598.582962138084
before,IntegerArrayDevelopment.Decode/Count=1024,2,WorkloadResult,3,35920,199536600.0,5555.027839643652
before,IntegerArrayDevelopment.Decode/Count=1024,2,WorkloadResult,4,35920,201730800.0,5616.113585746102
before,IntegerArrayDevelopment.Decode/Count=1024,2,WorkloadResult,5,35920,198935800.0,5538.301781737194
before,IntegerArrayDevelopment.Decode/Count=1024,2,WorkloadResult,6,35920,201573400.0,5611.731625835189
after,IntegerArrayComparison.CborDecode,1,OverheadActual,1,59200,144100.0,2.4341216216216215
after,IntegerArrayComparison.CborDecode,1,OverheadActual,2,59200,145400.0,2.456081081081081
after,IntegerArrayComparison.CborDecode,1,OverheadActual,3,59200,144400.0,2.439189189189189
after,IntegerArrayComparison.CborDecode,1,OverheadActual,4,59200,143100.0,2.41722972972973
after,IntegerArrayComparison.CborDecode,1,OverheadActual,5,59200,147600.0,2.4932432432432434
after,IntegerArrayComparison.CborDecode,1,OverheadActual,6,59200,141100.0,2.383445945945946
after,IntegerArrayComparison.CborDecode,1,OverheadActual,7,59200,139600.0,2.358108108108108
after,IntegerArrayComparison.CborDecode,1,OverheadActual,8,59200,139700.0,2.3597972972972974
after,IntegerArrayComparison.CborDecode,1,OverheadActual,9,59200,140400.0,2.3716216216216215
after,IntegerArrayComparison.CborDecode,1,OverheadActual,10,59200,141700.0,2.393581081081081
after,IntegerArrayComparison.CborDecode,1,OverheadActual,11,59200,148100.0,2.501689189189189
after,IntegerArrayComparison.CborDecode,1,OverheadActual,12,59200,141500.0,2.3902027027027026
after,IntegerArrayComparison.CborDecode,1,OverheadActual,13,59200,138000.0,2.331081081081081
after,IntegerArrayComparison.CborDecode,1,OverheadActual,14,59200,138700.0,2.3429054054054053
after,IntegerArrayComparison.CborDecode,1,OverheadActual,15,59200,139000.0,2.347972972972973
after,IntegerArrayComparison.CborDecode,1,WorkloadActual,1,59200,202912600.0,3427.5777027027025
after,IntegerArrayComparison.CborDecode,1,WorkloadActual,2,59200,202202400.0,3415.5810810810813
after,IntegerArrayComparison.CborDecode,1,WorkloadActual,3,59200,200253000.0,3382.652027027027
after,IntegerArrayComparison.CborDecode,1,WorkloadActual,4,59200,198757300.0,3357.386824324324
after,IntegerArrayComparison.CborDecode,1,WorkloadActual,5,59200,196993800.0,3327.597972972973
after,IntegerArrayComparison.CborDecode,1,WorkloadActual,6,59200,199301800.0,3366.5844594594596
after,IntegerArrayComparison.CborDecode,1,WorkloadResult,1,59200,202771100.0,3425.1875
after,IntegerArrayComparison.CborDecode,1,WorkloadResult,2,59200,202060900.0,3413.1908783783783
after,IntegerArrayComparison.CborDecode,1,WorkloadResult,3,59200,200111500.0,3380.261824324324
after,IntegerArrayComparison.CborDecode,1,WorkloadResult,4,59200,198615800.0,3354.9966216216217
after,IntegerArrayComparison.CborDecode,1,WorkloadResult,5,59200,196852300.0,3325.2077702702704
after,IntegerArrayComparison.CborDecode,1,WorkloadResult,6,59200,199160300.0,3364.1942567567567
after,IntegerArrayComparison.CborDecode,2,OverheadActual,1,59776,146800.0,2.4558351177730193
after,IntegerArrayComparison.CborDecode,2,OverheadActual,2,59776,146800.0,2.4558351177730193
after,IntegerArrayComparison.CborDecode,2,OverheadActual,3,59776,144700.0,2.420703961456103
after,IntegerArrayComparison.CborDecode,2,OverheadActual,4,59776,145500.0,2.4340872591006426
after,IntegerArrayComparison.CborDecode,2,OverheadActual,5,59776,145100.0,2.4273956102783725
after,IntegerArrayComparison.CborDecode,2,OverheadActual,6,59776,144000.0,2.4089935760171306
after,IntegerArrayComparison.CborDecode,2,OverheadActual,7,59776,141100.0,2.3604791220556747
after,IntegerArrayComparison.CborDecode,2,OverheadActual,8,59776,141400.0,2.3654978586723767
after,IntegerArrayComparison.CborDecode,2,OverheadActual,9,59776,142700.0,2.387245717344754
after,IntegerArrayComparison.CborDecode,2,OverheadActual,10,59776,143000.0,2.392264453961456
after,IntegerArrayComparison.CborDecode,2,OverheadActual,11,59776,145100.0,2.4273956102783725
after,IntegerArrayComparison.CborDecode,2,OverheadActual,12,59776,143700.0,2.403974839400428
after,IntegerArrayComparison.CborDecode,2,OverheadActual,13,59776,146300.0,2.447470556745182
after,IntegerArrayComparison.CborDecode,2,OverheadActual,14,59776,140900.0,2.35713329764454
after,IntegerArrayComparison.CborDecode,2,OverheadActual,15,59776,143800.0,2.4056477516059958
after,IntegerArrayComparison.CborDecode,2,WorkloadActual,1,59776,201695500.0,3374.1886375802997
after,IntegerArrayComparison.CborDecode,2,WorkloadActual,2,59776,201902000.0,3377.6432012847968
after,IntegerArrayComparison.CborDecode,2,WorkloadActual,3,59776,200504500.0,3354.264253211991
after,IntegerArrayComparison.CborDecode,2,WorkloadActual,4,59776,199837000.0,3343.097564239829
after,IntegerArrayComparison.CborDecode,2,WorkloadActual,5,59776,199495800.0,3337.3895877944324
after,IntegerArrayComparison.CborDecode,2,WorkloadActual,6,59776,200694500.0,3357.4427864025697
after,IntegerArrayComparison.CborDecode,2,WorkloadResult,1,59776,201551500.0,3371.7796440042825
after,IntegerArrayComparison.CborDecode,2,WorkloadResult,2,59776,201758000.0,3375.2342077087796
after,IntegerArrayComparison.CborDecode,2,WorkloadResult,3,59776,200360500.0,3351.855259635974
after,IntegerArrayComparison.CborDecode,2,WorkloadResult,4,59776,199693000.0,3340.688570663812
after,IntegerArrayComparison.CborDecode,2,WorkloadResult,5,59776,199351800.0,3334.9805942184153
after,IntegerArrayComparison.CborDecode,2,WorkloadResult,6,59776,200550500.0,3355.0337928265526
after,IntegerArrayComparison.CborEncode,1,OverheadActual,1,102816,249600.0,2.4276377217553686
after,IntegerArrayComparison.CborEncode,1,OverheadActual,2,102816,244000.0,2.3731714908185495
after,IntegerArrayComparison.CborEncode,1,OverheadActual,3,102816,249600.0,2.4276377217553686
after,IntegerArrayComparison.CborEncode,1,OverheadActual,4,102816,249600.0,2.4276377217553686
after,IntegerArrayComparison.CborEncode,1,OverheadActual,5,102816,249500.0,2.42666511048864
after,IntegerArrayComparison.CborEncode,1,OverheadActual,6,102816,249500.0,2.42666511048864
after,IntegerArrayComparison.CborEncode,1,OverheadActual,7,102816,244000.0,2.3731714908185495
after,IntegerArrayComparison.CborEncode,1,OverheadActual,8,102816,261900.0,2.547268907563025
after,IntegerArrayComparison.CborEncode,1,OverheadActual,9,102816,254500.0,2.4752956738250855
after,IntegerArrayComparison.CborEncode,1,OverheadActual,10,102816,249300.0,2.424719887955182
after,IntegerArrayComparison.CborEncode,1,OverheadActual,11,102816,250600.0,2.437363834422658
after,IntegerArrayComparison.CborEncode,1,OverheadActual,12,102816,249200.0,2.423747276688453
after,IntegerArrayComparison.CborEncode,1,OverheadActual,13,102816,244600.0,2.379007158418923
after,IntegerArrayComparison.CborEncode,1,OverheadActual,14,102816,245400.0,2.3867880485527544
after,IntegerArrayComparison.CborEncode,1,OverheadActual,15,102816,246800.0,2.4004046062869593
after,IntegerArrayComparison.CborEncode,1,WorkloadActual,1,102816,202506800.0,1969.603952692188
after,IntegerArrayComparison.CborEncode,1,WorkloadActual,2,102816,202124900.0,1965.8895502645503
after,IntegerArrayComparison.CborEncode,1,WorkloadActual,3,102816,202996800.0,1974.3697478991596
after,IntegerArrayComparison.CborEncode,1,WorkloadActual,4,102816,204803400.0,1991.9409430438843
after,IntegerArrayComparison.CborEncode,1,WorkloadActual,5,102816,203241700.0,1976.7516728913788
after,IntegerArrayComparison.CborEncode,1,WorkloadActual,6,102816,202125000.0,1965.890522875817
after,IntegerArrayComparison.CborEncode,1,WorkloadResult,1,102816,202257300.0,1967.1772875816994
after,IntegerArrayComparison.CborEncode,1,WorkloadResult,2,102816,201875400.0,1963.4628851540617
after,IntegerArrayComparison.CborEncode,1,WorkloadResult,3,102816,202747300.0,1971.943082788671
after,IntegerArrayComparison.CborEncode,1,WorkloadResult,4,102816,202992200.0,1974.3250077808902
after,IntegerArrayComparison.CborEncode,1,WorkloadResult,5,102816,201875500.0,1963.4638577653284
after,IntegerArrayComparison.CborEncode,2,OverheadActual,1,100208,246500.0,2.4598834424397253
after,IntegerArrayComparison.CborEncode,2,OverheadActual,2,100208,240600.0,2.401005907711959
after,IntegerArrayComparison.CborEncode,2,OverheadActual,3,100208,243800.0,2.4329394858693916
after,IntegerArrayComparison.CborEncode,2,OverheadActual,4,100208,243900.0,2.4339374101868114
after,IntegerArrayComparison.CborEncode,2,OverheadActual,5,100208,240900.0,2.4039996806642185
after,IntegerArrayComparison.CborEncode,2,OverheadActual,6,100208,252300.0,2.517763052850072
after,IntegerArrayComparison.CborEncode,2,OverheadActual,7,100208,244800.0,2.442918729043589
after,IntegerArrayComparison.CborEncode,2,OverheadActual,8,100208,242900.0,2.423958167012614
after,IntegerArrayComparison.CborEncode,2,OverheadActual,9,100208,236600.0,2.3610889350151685
after,IntegerArrayComparison.CborEncode,2,OverheadActual,10,100208,236800.0,2.363084783650008
after,IntegerArrayComparison.CborEncode,2,OverheadActual,11,100208,244200.0,2.4369311831390705
after,IntegerArrayComparison.CborEncode,2,OverheadActual,12,100208,236800.0,2.363084783650008
after,IntegerArrayComparison.CborEncode,2,OverheadActual,13,100208,233400.0,2.329155356857736
after,IntegerArrayComparison.CborEncode,2,OverheadActual,14,100208,242900.0,2.423958167012614
after,IntegerArrayComparison.CborEncode,2,OverheadActual,15,100208,243700.0,2.4319415615519717
after,IntegerArrayComparison.CborEncode,2,WorkloadActual,1,100208,200332200.0,1999.1637394220022
after,IntegerArrayComparison.CborEncode,2,WorkloadActual,2,100208,200378800.0,1999.62877215392
after,IntegerArrayComparison.CborEncode,2,WorkloadActual,3,100208,199199300.0,1987.8582548299537
after,IntegerArrayComparison.CborEncode,2,WorkloadActual,4,100208,198651700.0,1982.3936212677631
after,IntegerArrayComparison.CborEncode,2,WorkloadActual,5,100208,196371400.0,1959.63795305764
after,IntegerArrayComparison.CborEncode,2,WorkloadActual,6,100208,198428400.0,1980.1652562669647
after,IntegerArrayComparison.CborEncode,2,WorkloadResult,1,100208,200089300.0,1996.7397812549896
after,IntegerArrayComparison.CborEncode,2,WorkloadResult,2,100208,200135900.0,1997.2048139869073
after,IntegerArrayComparison.CborEncode,2,WorkloadResult,3,100208,198956400.0,1985.434296662941
after,IntegerArrayComparison.CborEncode,2,WorkloadResult,4,100208,198408800.0,1979.9696631007505
after,IntegerArrayComparison.CborEncode,2,WorkloadResult,5,100208,196128500.0,1957.2139948906274
after,IntegerArrayComparison.CborEncode,2,WorkloadResult,6,100208,198185500.0,1977.741298099952
after,NestedModelComparison.CborDecode/OrderCount=1,1,OverheadActual,1,620160,1499700.0,2.418246904024768
after,NestedModelComparison.CborDecode/OrderCount=1,1,OverheadActual,2,620160,1826100.0,2.944562693498452
after,NestedModelComparison.CborDecode/OrderCount=1,1,OverheadActual,3,620160,1491300.0,2.404702012383901
after,NestedModelComparison.CborDecode/OrderCount=1,1,OverheadActual,4,620160,1469500.0,2.369549793601651
after,NestedModelComparison.CborDecode/OrderCount=1,1,OverheadActual,5,620160,1471300.0,2.372452270381837
after,NestedModelComparison.CborDecode/OrderCount=1,1,OverheadActual,6,620160,1465000.0,2.362293601651187
after,NestedModelComparison.CborDecode/OrderCount=1,1,OverheadActual,7,620160,1467400.0,2.3661635706914343
after,NestedModelComparison.CborDecode/OrderCount=1,1,OverheadActual,8,620160,1970400.0,3.1772445820433437
after,NestedModelComparison.CborDecode/OrderCount=1,1,OverheadActual,9,620160,1423900.0,2.296020381836945
after,NestedModelComparison.CborDecode/OrderCount=1,1,OverheadActual,10,620160,1484700.0,2.3940595975232197
after,NestedModelComparison.CborDecode/OrderCount=1,1,OverheadActual,11,620160,1534800.0,2.47484520123839
after,NestedModelComparison.CborDecode/OrderCount=1,1,OverheadActual,12,620160,1515800.0,2.4442079463364292
after,NestedModelComparison.CborDecode/OrderCount=1,1,OverheadActual,13,620160,1521000.0,2.452592879256966
after,NestedModelComparison.CborDecode/OrderCount=1,1,OverheadActual,14,620160,1470000.0,2.3703560371517027
after,NestedModelComparison.CborDecode/OrderCount=1,1,OverheadActual,15,620160,1811500.0,2.921020381836945
after,NestedModelComparison.CborDecode/OrderCount=1,1,WorkloadActual,1,620160,200447000.0,323.218201754386
after,NestedModelComparison.CborDecode/OrderCount=1,1,WorkloadActual,2,620160,201713700.0,325.2607391640867
after,NestedModelComparison.CborDecode/OrderCount=1,1,WorkloadActual,3,620160,199148500.0,321.12438725490193
after,NestedModelComparison.CborDecode/OrderCount=1,1,WorkloadActual,4,620160,200583200.0,323.43782249742003
after,NestedModelComparison.CborDecode/OrderCount=1,1,WorkloadActual,5,620160,201131000.0,324.3211429308566
after,NestedModelComparison.CborDecode/OrderCount=1,1,WorkloadActual,6,620160,201874300.0,325.51970459236327
after,NestedModelComparison.CborDecode/OrderCount=1,1,WorkloadResult,1,620160,198955700.0,320.8134997420021
after,NestedModelComparison.CborDecode/OrderCount=1,1,WorkloadResult,2,620160,200222400.0,322.85603715170276
after,NestedModelComparison.CborDecode/OrderCount=1,1,WorkloadResult,3,620160,197657200.0,318.71968524251804
after,NestedModelComparison.CborDecode/OrderCount=1,1,WorkloadResult,4,620160,199091900.0,321.03312048503614
after,NestedModelComparison.CborDecode/OrderCount=1,1,WorkloadResult,5,620160,199639700.0,321.91644091847263
after,NestedModelComparison.CborDecode/OrderCount=1,1,WorkloadResult,6,620160,200383000.0,323.1150025799794
after,NestedModelComparison.CborDecode/OrderCount=1,2,OverheadActual,1,631488,1531100.0,2.4245908077429816
after,NestedModelComparison.CborDecode/OrderCount=1,2,OverheadActual,2,631488,1512200.0,2.3946614979223675
after,NestedModelComparison.CborDecode/OrderCount=1,2,OverheadActual,3,631488,1526500.0,2.4173064254585994
after,NestedModelComparison.CborDecode/OrderCount=1,2,OverheadActual,4,631488,1537000.0,2.433933819803385
after,NestedModelComparison.CborDecode/OrderCount=1,2,OverheadActual,5,631488,1546500.0,2.4489776527820006
after,NestedModelComparison.CborDecode/OrderCount=1,2,OverheadActual,6,631488,1495800.0,2.3686910915171784
after,NestedModelComparison.CborDecode/OrderCount=1,2,OverheadActual,7,631488,1463300.0,2.3172253471166515
after,NestedModelComparison.CborDecode/OrderCount=1,2,OverheadActual,8,631488,1486300.0,2.353647258538563
after,NestedModelComparison.CborDecode/OrderCount=1,2,OverheadActual,9,631488,1480800.0,2.3449376710246277
after,NestedModelComparison.CborDecode/OrderCount=1,2,OverheadActual,10,631488,1578100.0,2.4990181919529744
after,NestedModelComparison.CborDecode/OrderCount=1,2,OverheadActual,11,631488,1475300.0,2.3362280835106923
after,NestedModelComparison.CborDecode/OrderCount=1,2,OverheadActual,12,631488,1501900.0,2.378350815850816
after,NestedModelComparison.CborDecode/OrderCount=1,2,OverheadActual,13,631488,1507400.0,2.3870604033647513
after,NestedModelComparison.CborDecode/OrderCount=1,2,OverheadActual,14,631488,1474000.0,2.3341694537346713
after,NestedModelComparison.CborDecode/OrderCount=1,2,OverheadActual,15,631488,1501600.0,2.3778757474409646
after,NestedModelComparison.CborDecode/OrderCount=1,2,WorkloadActual,1,631488,210464700.0,333.28376786257223
after,NestedModelComparison.CborDecode/OrderCount=1,2,WorkloadActual,2,631488,203813900.0,322.75181792844836
after,NestedModelComparison.CborDecode/OrderCount=1,2,WorkloadActual,3,631488,199442300.0,315.82912106009934
after,NestedModelComparison.CborDecode/OrderCount=1,2,WorkloadActual,4,631488,202657300.0,320.92027085233605
after,NestedModelComparison.CborDecode/OrderCount=1,2,WorkloadActual,5,631488,200651500.0,317.7439634640722
after,NestedModelComparison.CborDecode/OrderCount=1,2,WorkloadActual,6,631488,204686000.0,324.13284179588527
after,NestedModelComparison.CborDecode/OrderCount=1,2,WorkloadResult,1,631488,202312000.0,320.37346711259755
after,NestedModelComparison.CborDecode/OrderCount=1,2,WorkloadResult,2,631488,197940400.0,313.45077024424853
after,NestedModelComparison.CborDecode/OrderCount=1,2,WorkloadResult,3,631488,201155400.0,318.54192003648524
after,NestedModelComparison.CborDecode/OrderCount=1,2,WorkloadResult,4,631488,199149600.0,315.3656126482214
after,NestedModelComparison.CborDecode/OrderCount=1,2,WorkloadResult,5,631488,203184100.0,321.75449098003446
after,NestedModelComparison.CborDecode/OrderCount=64,1,OverheadActual,1,10432,24800.0,2.3773006134969323
after,NestedModelComparison.CborDecode/OrderCount=64,1,OverheadActual,2,10432,25800.0,2.473159509202454
after,NestedModelComparison.CborDecode/OrderCount=64,1,OverheadActual,3,10432,25600.0,2.4539877300613497
after,NestedModelComparison.CborDecode/OrderCount=64,1,OverheadActual,4,10432,27200.0,2.607361963190184
after,NestedModelComparison.CborDecode/OrderCount=64,1,OverheadActual,5,10432,25600.0,2.4539877300613497
after,NestedModelComparison.CborDecode/OrderCount=64,1,OverheadActual,6,10432,25000.0,2.396472392638037
after,NestedModelComparison.CborDecode/OrderCount=64,1,OverheadActual,7,10432,26700.0,2.559432515337423
after,NestedModelComparison.CborDecode/OrderCount=64,1,OverheadActual,8,10432,25000.0,2.396472392638037
after,NestedModelComparison.CborDecode/OrderCount=64,1,OverheadActual,9,10432,25300.0,2.4252300613496933
after,NestedModelComparison.CborDecode/OrderCount=64,1,OverheadActual,10,10432,25000.0,2.396472392638037
after,NestedModelComparison.CborDecode/OrderCount=64,1,OverheadActual,11,10432,25200.0,2.415644171779141
after,NestedModelComparison.CborDecode/OrderCount=64,1,OverheadActual,12,10432,25000.0,2.396472392638037
after,NestedModelComparison.CborDecode/OrderCount=64,1,OverheadActual,13,10432,24900.0,2.3868865030674846
after,NestedModelComparison.CborDecode/OrderCount=64,1,OverheadActual,14,10432,24400.0,2.338957055214724
after,NestedModelComparison.CborDecode/OrderCount=64,1,OverheadActual,15,10432,25400.0,2.4348159509202456
after,NestedModelComparison.CborDecode/OrderCount=64,1,WorkloadActual,1,10432,204649600.0,19617.484662576688
after,NestedModelComparison.CborDecode/OrderCount=64,1,WorkloadActual,2,10432,200209200.0,19191.83282208589
after,NestedModelComparison.CborDecode/OrderCount=64,1,WorkloadActual,3,10432,197620500.0,18943.682898773008
after,NestedModelComparison.CborDecode/OrderCount=64,1,WorkloadActual,4,10432,197775100.0,18958.50268404908
after,NestedModelComparison.CborDecode/OrderCount=64,1,WorkloadActual,5,10432,202692400.0,19429.86963190184
after,NestedModelComparison.CborDecode/OrderCount=64,1,WorkloadActual,6,10432,198373800.0,19015.893404907976
after,NestedModelComparison.CborDecode/OrderCount=64,1,WorkloadResult,1,10432,204624400.0,19615.06901840491
after,NestedModelComparison.CborDecode/OrderCount=64,1,WorkloadResult,2,10432,200184000.0,19189.41717791411
after,NestedModelComparison.CborDecode/OrderCount=64,1,WorkloadResult,3,10432,197595300.0,18941.267254601225
after,NestedModelComparison.CborDecode/OrderCount=64,1,WorkloadResult,4,10432,197749900.0,18956.0870398773
after,NestedModelComparison.CborDecode/OrderCount=64,1,WorkloadResult,5,10432,202667200.0,19427.453987730063
after,NestedModelComparison.CborDecode/OrderCount=64,1,WorkloadResult,6,10432,198348600.0,19013.477760736198
after,NestedModelComparison.CborDecode/OrderCount=64,2,OverheadActual,1,10192,26000.0,2.5510204081632653
after,NestedModelComparison.CborDecode/OrderCount=64,2,OverheadActual,2,10192,25500.0,2.5019623233908947
after,NestedModelComparison.CborDecode/OrderCount=64,2,OverheadActual,3,10192,25300.0,2.482339089481947
after,NestedModelComparison.CborDecode/OrderCount=64,2,OverheadActual,4,10192,24700.0,2.423469387755102
after,NestedModelComparison.CborDecode/OrderCount=64,2,OverheadActual,5,10192,25000.0,2.4529042386185242
after,NestedModelComparison.CborDecode/OrderCount=64,2,OverheadActual,6,10192,25200.0,2.4725274725274726
after,NestedModelComparison.CborDecode/OrderCount=64,2,OverheadActual,7,10192,24200.0,2.3744113029827316
after,NestedModelComparison.CborDecode/OrderCount=64,2,OverheadActual,8,10192,24300.0,2.384222919937206
after,NestedModelComparison.CborDecode/OrderCount=64,2,OverheadActual,9,10192,24200.0,2.3744113029827316
after,NestedModelComparison.CborDecode/OrderCount=64,2,OverheadActual,10,10192,24500.0,2.4038461538461537
after,NestedModelComparison.CborDecode/OrderCount=64,2,OverheadActual,11,10192,24600.0,2.413657770800628
after,NestedModelComparison.CborDecode/OrderCount=64,2,OverheadActual,12,10192,25200.0,2.4725274725274726
after,NestedModelComparison.CborDecode/OrderCount=64,2,OverheadActual,13,10192,24700.0,2.423469387755102
after,NestedModelComparison.CborDecode/OrderCount=64,2,OverheadActual,14,10192,25200.0,2.4725274725274726
after,NestedModelComparison.CborDecode/OrderCount=64,2,OverheadActual,15,10192,25900.0,2.541208791208791
after,NestedModelComparison.CborDecode/OrderCount=64,2,WorkloadActual,1,10192,205442700.0,20157.250784929358
after,NestedModelComparison.CborDecode/OrderCount=64,2,WorkloadActual,2,10192,199219300.0,19546.634615384617
after,NestedModelComparison.CborDecode/OrderCount=64,2,WorkloadActual,3,10192,197273200.0,19355.690737833596
after,NestedModelComparison.CborDecode/OrderCount=64,2,WorkloadActual,4,10192,202435800.0,19862.225274725275
after,NestedModelComparison.CborDecode/OrderCount=64,2,WorkloadActual,5,10192,196772700.0,19306.58359497645
after,NestedModelComparison.CborDecode/OrderCount=64,2,WorkloadActual,6,10192,197156300.0,19344.220957613816
after,NestedModelComparison.CborDecode/OrderCount=64,2,WorkloadResult,1,10192,205417700.0,20154.797880690738
after,NestedModelComparison.CborDecode/OrderCount=64,2,WorkloadResult,2,10192,199194300.0,19544.181711145997
after,NestedModelComparison.CborDecode/OrderCount=64,2,WorkloadResult,3,10192,197248200.0,19353.237833594976
after,NestedModelComparison.CborDecode/OrderCount=64,2,WorkloadResult,4,10192,202410800.0,19859.772370486655
after,NestedModelComparison.CborDecode/OrderCount=64,2,WorkloadResult,5,10192,196747700.0,19304.130690737835
after,NestedModelComparison.CborDecode/OrderCount=64,2,WorkloadResult,6,10192,197131300.0,19341.768053375195
after,NestedModelComparison.CborEncode/OrderCount=1,1,OverheadActual,1,860144,2032400.0,2.362860172250228
after,NestedModelComparison.CborEncode/OrderCount=1,1,OverheadActual,2,860144,2033100.0,2.3636739894715304
after,NestedModelComparison.CborEncode/OrderCount=1,1,OverheadActual,3,860144,2014100.0,2.34158466489332
after,NestedModelComparison.CborEncode/OrderCount=1,1,OverheadActual,4,860144,2099700.0,2.441102885098309
after,NestedModelComparison.CborEncode/OrderCount=1,1,OverheadActual,5,860144,2040200.0,2.371928421287598
after,NestedModelComparison.CborEncode/OrderCount=1,1,OverheadActual,6,860144,1983200.0,2.305660447552968
after,NestedModelComparison.CborEncode/OrderCount=1,1,OverheadActual,7,860144,1963300.0,2.282524786547369
after,NestedModelComparison.CborEncode/OrderCount=1,1,OverheadActual,8,860144,2027300.0,2.356930932495024
after,NestedModelComparison.CborEncode/OrderCount=1,1,OverheadActual,9,860144,2013100.0,2.340422068862888
after,NestedModelComparison.CborEncode/OrderCount=1,1,OverheadActual,10,860144,2044500.0,2.3769275842184565
after,NestedModelComparison.CborEncode/OrderCount=1,1,OverheadActual,11,860144,1985300.0,2.3081018992168754
after,NestedModelComparison.CborEncode/OrderCount=1,1,OverheadActual,12,860144,2025500.0,2.354838259640246
after,NestedModelComparison.CborEncode/OrderCount=1,1,OverheadActual,13,860144,1985300.0,2.3081018992168754
after,NestedModelComparison.CborEncode/OrderCount=1,1,OverheadActual,14,860144,2066500.0,2.402504696887963
after,NestedModelComparison.CborEncode/OrderCount=1,1,OverheadActual,15,860144,2027700.0,2.3573959709071968
after,NestedModelComparison.CborEncode/OrderCount=1,1,WorkloadActual,1,860144,203418800.0,236.49388939526406
after,NestedModelComparison.CborEncode/OrderCount=1,1,WorkloadActual,2,860144,204365200.0,237.59417027846501
after,NestedModelComparison.CborEncode/OrderCount=1,1,WorkloadActual,3,860144,198958400.0,231.30824606112463
after,NestedModelComparison.CborEncode/OrderCount=1,1,WorkloadActual,4,860144,197982400.0,230.1735523354229
after,NestedModelComparison.CborEncode/OrderCount=1,1,WorkloadActual,5,860144,203484200.0,236.5699231756543
after,NestedModelComparison.CborEncode/OrderCount=1,1,WorkloadActual,6,860144,208042100.0,241.86891962276084
after,NestedModelComparison.CborEncode/OrderCount=1,1,WorkloadResult,1,860144,201391500.0,234.13695846276903
after,NestedModelComparison.CborEncode/OrderCount=1,1,WorkloadResult,2,860144,202337900.0,235.23723934596998
after,NestedModelComparison.CborEncode/OrderCount=1,1,WorkloadResult,3,860144,196931100.0,228.95131512862963
after,NestedModelComparison.CborEncode/OrderCount=1,1,WorkloadResult,4,860144,195955100.0,227.8166214029279
after,NestedModelComparison.CborEncode/OrderCount=1,1,WorkloadResult,5,860144,201456900.0,234.21299224315928
after,NestedModelComparison.CborEncode/OrderCount=1,1,WorkloadResult,6,860144,206014800.0,239.5119886902658
after,NestedModelComparison.CborEncode/OrderCount=1,2,OverheadActual,1,933392,2177700.0,2.3331033477895673
after,NestedModelComparison.CborEncode/OrderCount=1,2,OverheadActual,2,933392,2178600.0,2.334067572895418
after,NestedModelComparison.CborEncode/OrderCount=1,2,OverheadActual,3,933392,2280100.0,2.442810737610779
after,NestedModelComparison.CborEncode/OrderCount=1,2,OverheadActual,4,933392,2165500.0,2.32003274079915
after,NestedModelComparison.CborEncode/OrderCount=1,2,OverheadActual,5,933392,2192300.0,2.3487452217289198
after,NestedModelComparison.CborEncode/OrderCount=1,2,OverheadActual,6,933392,2184100.0,2.3399600596533934
after,NestedModelComparison.CborEncode/OrderCount=1,2,OverheadActual,7,933392,2204900.0,2.3622443732108267
after,NestedModelComparison.CborEncode/OrderCount=1,2,OverheadActual,8,933392,2217100.0,2.3753149802012445
after,NestedModelComparison.CborEncode/OrderCount=1,2,OverheadActual,9,933392,2220600.0,2.379064744501774
after,NestedModelComparison.CborEncode/OrderCount=1,2,OverheadActual,10,933392,2213900.0,2.3718866242693317
after,NestedModelComparison.CborEncode/OrderCount=1,2,OverheadActual,11,933392,2155700.0,2.3095334007576667
after,NestedModelComparison.CborEncode/OrderCount=1,2,OverheadActual,12,933392,2168800.0,2.323568232853935
after,NestedModelComparison.CborEncode/OrderCount=1,2,OverheadActual,13,933392,2257200.0,2.4182765654730276
after,NestedModelComparison.CborEncode/OrderCount=1,2,OverheadActual,14,933392,2169000.0,2.3237825050996794
after,NestedModelComparison.CborEncode/OrderCount=1,2,OverheadActual,15,933392,2186800.0,2.3428527349709447
after,NestedModelComparison.CborEncode/OrderCount=1,2,WorkloadActual,1,933392,211250900.0,226.32602379279018
after,NestedModelComparison.CborEncode/OrderCount=1,2,WorkloadActual,2,933392,200021000.0,214.29474433035637
after,NestedModelComparison.CborEncode/OrderCount=1,2,WorkloadActual,3,933392,202987300.0,217.47272314311672
after,NestedModelComparison.CborEncode/OrderCount=1,2,WorkloadActual,4,933392,203981000.0,218.53733479609852
after,NestedModelComparison.CborEncode/OrderCount=1,2,WorkloadActual,5,933392,202263900.0,216.69770043025866
after,NestedModelComparison.CborEncode/OrderCount=1,2,WorkloadActual,6,933392,202282100.0,216.71719920462144
after,NestedModelComparison.CborEncode/OrderCount=1,2,WorkloadResult,1,933392,197834200.0,211.95189159538543
after,NestedModelComparison.CborEncode/OrderCount=1,2,WorkloadResult,2,933392,200800500.0,215.12987040814576
after,NestedModelComparison.CborEncode/OrderCount=1,2,WorkloadResult,3,933392,201794200.0,216.1944820611276
after,NestedModelComparison.CborEncode/OrderCount=1,2,WorkloadResult,4,933392,200077100.0,214.35484769528773
after,NestedModelComparison.CborEncode/OrderCount=1,2,WorkloadResult,5,933392,200095300.0,214.37434646965048
after,NestedModelComparison.CborEncode/OrderCount=64,1,OverheadActual,1,14416,35600.0,2.469478357380688
after,NestedModelComparison.CborEncode/OrderCount=64,1,OverheadActual,2,14416,35600.0,2.469478357380688
after,NestedModelComparison.CborEncode/OrderCount=64,1,OverheadActual,3,14416,35500.0,2.4625416204217534
after,NestedModelComparison.CborEncode/OrderCount=64,1,OverheadActual,4,14416,35500.0,2.4625416204217534
after,NestedModelComparison.CborEncode/OrderCount=64,1,OverheadActual,5,14416,36200.0,2.5110987791342954
after,NestedModelComparison.CborEncode/OrderCount=64,1,OverheadActual,6,14416,34100.0,2.3654273029966704
after,NestedModelComparison.CborEncode/OrderCount=64,1,OverheadActual,7,14416,34500.0,2.3931742508324083
after,NestedModelComparison.CborEncode/OrderCount=64,1,OverheadActual,8,14416,34800.0,2.413984461709212
after,NestedModelComparison.CborEncode/OrderCount=64,1,OverheadActual,9,14416,34000.0,2.358490566037736
after,NestedModelComparison.CborEncode/OrderCount=64,1,OverheadActual,10,14416,34800.0,2.413984461709212
after,NestedModelComparison.CborEncode/OrderCount=64,1,OverheadActual,11,14416,34400.0,2.386237513873474
after,NestedModelComparison.CborEncode/OrderCount=64,1,OverheadActual,12,14416,34300.0,2.3793007769145396
after,NestedModelComparison.CborEncode/OrderCount=64,1,OverheadActual,13,14416,34300.0,2.3793007769145396
after,NestedModelComparison.CborEncode/OrderCount=64,1,OverheadActual,14,14416,34700.0,2.4070477247502775
after,NestedModelComparison.CborEncode/OrderCount=64,1,OverheadActual,15,14416,33800.0,2.344617092119867
after,NestedModelComparison.CborEncode/OrderCount=64,1,WorkloadActual,1,14416,201637100.0,13987.035238623752
after,NestedModelComparison.CborEncode/OrderCount=64,1,WorkloadActual,2,14416,201199200.0,13956.659267480578
after,NestedModelComparison.CborEncode/OrderCount=64,1,WorkloadActual,3,14416,200656500.0,13919.013596004439
after,NestedModelComparison.CborEncode/OrderCount=64,1,WorkloadActual,4,14416,201242600.0,13959.669811320755
after,NestedModelComparison.CborEncode/OrderCount=64,1,WorkloadActual,5,14416,201141400.0,13952.649833518313
after,NestedModelComparison.CborEncode/OrderCount=64,1,WorkloadActual,6,14416,200290300.0,13893.61126526082
after,NestedModelComparison.CborEncode/OrderCount=64,1,WorkloadResult,1,14416,201602400.0,13984.628190899
after,NestedModelComparison.CborEncode/OrderCount=64,1,WorkloadResult,2,14416,201164500.0,13954.252219755826
after,NestedModelComparison.CborEncode/OrderCount=64,1,WorkloadResult,3,14416,200621800.0,13916.60654827969
after,NestedModelComparison.CborEncode/OrderCount=64,1,WorkloadResult,4,14416,201207900.0,13957.262763596005
after,NestedModelComparison.CborEncode/OrderCount=64,1,WorkloadResult,5,14416,201106700.0,13950.242785793564
after,NestedModelComparison.CborEncode/OrderCount=64,1,WorkloadResult,6,14416,200255600.0,13891.204217536071
after,NestedModelComparison.CborEncode/OrderCount=64,2,OverheadActual,1,14720,36000.0,2.4456521739130435
after,NestedModelComparison.CborEncode/OrderCount=64,2,OverheadActual,2,14720,36600.0,2.4864130434782608
after,NestedModelComparison.CborEncode/OrderCount=64,2,OverheadActual,3,14720,36000.0,2.4456521739130435
after,NestedModelComparison.CborEncode/OrderCount=64,2,OverheadActual,4,14720,36300.0,2.4660326086956523
after,NestedModelComparison.CborEncode/OrderCount=64,2,OverheadActual,5,14720,36200.0,2.4592391304347827
after,NestedModelComparison.CborEncode/OrderCount=64,2,OverheadActual,6,14720,34800.0,2.364130434782609
after,NestedModelComparison.CborEncode/OrderCount=64,2,OverheadActual,7,14720,35500.0,2.411684782608696
after,NestedModelComparison.CborEncode/OrderCount=64,2,OverheadActual,8,14720,37600.0,2.5543478260869565
after,NestedModelComparison.CborEncode/OrderCount=64,2,OverheadActual,9,14720,35500.0,2.411684782608696
after,NestedModelComparison.CborEncode/OrderCount=64,2,OverheadActual,10,14720,38700.0,2.629076086956522
after,NestedModelComparison.CborEncode/OrderCount=64,2,OverheadActual,11,14720,35500.0,2.411684782608696
after,NestedModelComparison.CborEncode/OrderCount=64,2,OverheadActual,12,14720,35100.0,2.3845108695652173
after,NestedModelComparison.CborEncode/OrderCount=64,2,OverheadActual,13,14720,35100.0,2.3845108695652173
after,NestedModelComparison.CborEncode/OrderCount=64,2,OverheadActual,14,14720,35700.0,2.4252717391304346
after,NestedModelComparison.CborEncode/OrderCount=64,2,OverheadActual,15,14720,34700.0,2.3573369565217392
after,NestedModelComparison.CborEncode/OrderCount=64,2,WorkloadActual,1,14720,201303400.0,13675.502717391304
after,NestedModelComparison.CborEncode/OrderCount=64,2,WorkloadActual,2,14720,201449400.0,13685.421195652174
after,NestedModelComparison.CborEncode/OrderCount=64,2,WorkloadActual,3,14720,201309100.0,13675.889945652174
after,NestedModelComparison.CborEncode/OrderCount=64,2,WorkloadActual,4,14720,201780500.0,13707.914402173914
after,NestedModelComparison.CborEncode/OrderCount=64,2,WorkloadActual,5,14720,201267200.0,13673.04347826087
after,NestedModelComparison.CborEncode/OrderCount=64,2,WorkloadActual,6,14720,200976100.0,13653.267663043478
after,NestedModelComparison.CborEncode/OrderCount=64,2,WorkloadResult,1,14720,201267700.0,13673.077445652174
after,NestedModelComparison.CborEncode/OrderCount=64,2,WorkloadResult,2,14720,201413700.0,13682.995923913044
after,NestedModelComparison.CborEncode/OrderCount=64,2,WorkloadResult,3,14720,201273400.0,13673.464673913044
after,NestedModelComparison.CborEncode/OrderCount=64,2,WorkloadResult,4,14720,201231500.0,13670.61820652174
after,NestedModelComparison.CborEncode/OrderCount=64,2,WorkloadResult,5,14720,200940400.0,13650.842391304348
after,StringMapComparison.CborDecode,1,OverheadActual,1,5184,12700.0,2.4498456790123457
after,StringMapComparison.CborDecode,1,OverheadActual,2,5184,12900.0,2.488425925925926
after,StringMapComparison.CborDecode,1,OverheadActual,3,5184,13600.0,2.623456790123457
after,StringMapComparison.CborDecode,1,OverheadActual,4,5184,12700.0,2.4498456790123457
after,StringMapComparison.CborDecode,1,OverheadActual,5,5184,12900.0,2.488425925925926
after,StringMapComparison.CborDecode,1,OverheadActual,6,5184,12500.0,2.4112654320987654
after,StringMapComparison.CborDecode,1,OverheadActual,7,5184,13400.0,2.5848765432098766
after,StringMapComparison.CborDecode,1,OverheadActual,8,5184,12500.0,2.4112654320987654
after,StringMapComparison.CborDecode,1,OverheadActual,9,5184,12600.0,2.4305555555555554
after,StringMapComparison.CborDecode,1,OverheadActual,10,5184,12600.0,2.4305555555555554
after,StringMapComparison.CborDecode,1,OverheadActual,11,5184,12600.0,2.4305555555555554
after,StringMapComparison.CborDecode,1,OverheadActual,12,5184,12600.0,2.4305555555555554
after,StringMapComparison.CborDecode,1,OverheadActual,13,5184,12500.0,2.4112654320987654
after,StringMapComparison.CborDecode,1,OverheadActual,14,5184,13300.0,2.565586419753086
after,StringMapComparison.CborDecode,1,OverheadActual,15,5184,12400.0,2.3919753086419755
after,StringMapComparison.CborDecode,1,WorkloadActual,1,5184,198596100.0,38309.43287037037
after,StringMapComparison.CborDecode,1,WorkloadActual,2,5184,203923900.0,39337.172067901236
after,StringMapComparison.CborDecode,1,WorkloadActual,3,5184,198473100.0,38285.70601851852
after,StringMapComparison.CborDecode,1,WorkloadActual,4,5184,201748800.0,38917.59259259259
after,StringMapComparison.CborDecode,1,WorkloadActual,5,5184,199682300.0,38518.96219135803
after,StringMapComparison.CborDecode,1,WorkloadActual,6,5184,197887100.0,38172.66589506173
after,StringMapComparison.CborDecode,1,WorkloadResult,1,5184,198583500.0,38307.00231481482
after,StringMapComparison.CborDecode,1,WorkloadResult,2,5184,203911300.0,39334.74151234568
after,StringMapComparison.CborDecode,1,WorkloadResult,3,5184,198460500.0,38283.27546296296
after,StringMapComparison.CborDecode,1,WorkloadResult,4,5184,201736200.0,38915.16203703704
after,StringMapComparison.CborDecode,1,WorkloadResult,5,5184,199669700.0,38516.53163580247
after,StringMapComparison.CborDecode,1,WorkloadResult,6,5184,197874500.0,38170.23533950617
after,StringMapComparison.CborDecode,2,OverheadActual,1,5216,12900.0,2.473159509202454
after,StringMapComparison.CborDecode,2,OverheadActual,2,5216,13000.0,2.4923312883435584
after,StringMapComparison.CborDecode,2,OverheadActual,3,5216,12800.0,2.4539877300613497
after,StringMapComparison.CborDecode,2,OverheadActual,4,5216,12800.0,2.4539877300613497
after,StringMapComparison.CborDecode,2,OverheadActual,5,5216,13300.0,2.5498466257668713
after,StringMapComparison.CborDecode,2,OverheadActual,6,5216,12700.0,2.4348159509202456
after,StringMapComparison.CborDecode,2,OverheadActual,7,5216,12500.0,2.396472392638037
after,StringMapComparison.CborDecode,2,OverheadActual,8,5216,12600.0,2.415644171779141
after,StringMapComparison.CborDecode,2,OverheadActual,9,5216,13300.0,2.5498466257668713
after,StringMapComparison.CborDecode,2,OverheadActual,10,5216,12500.0,2.396472392638037
after,StringMapComparison.CborDecode,2,OverheadActual,11,5216,12400.0,2.3773006134969323
after,StringMapComparison.CborDecode,2,OverheadActual,12,5216,12500.0,2.396472392638037
after,StringMapComparison.CborDecode,2,OverheadActual,13,5216,12600.0,2.415644171779141
after,StringMapComparison.CborDecode,2,OverheadActual,14,5216,12600.0,2.415644171779141
after,StringMapComparison.CborDecode,2,OverheadActual,15,5216,13800.0,2.645705521472393
after,StringMapComparison.CborDecode,2,WorkloadActual,1,5216,200864100.0,38509.22162576687
after,StringMapComparison.CborDecode,2,WorkloadActual,2,5216,199732700.0,38292.31211656442
after,StringMapComparison.CborDecode,2,WorkloadActual,3,5216,200591000.0,38456.863496932514
after,StringMapComparison.CborDecode,2,WorkloadActual,4,5216,202441200.0,38811.579754601225
after,StringMapComparison.CborDecode,2,WorkloadActual,5,5216,204609300.0,39227.24309815951
after,StringMapComparison.CborDecode,2,WorkloadActual,6,5216,200392600.0,38418.82668711656
after,StringMapComparison.CborDecode,2,WorkloadResult,1,5216,200851400.0,38506.78680981595
after,StringMapComparison.CborDecode,2,WorkloadResult,2,5216,199720000.0,38289.877300613494
after,StringMapComparison.CborDecode,2,WorkloadResult,3,5216,200578300.0,38454.4286809816
after,StringMapComparison.CborDecode,2,WorkloadResult,4,5216,202428500.0,38809.14493865031
after,StringMapComparison.CborDecode,2,WorkloadResult,5,5216,200379900.0,38416.391871165644
after,StringMapComparison.CborEncode,1,OverheadActual,1,13776,33300.0,2.417247386759582
after,StringMapComparison.CborEncode,1,OverheadActual,2,13776,33300.0,2.417247386759582
after,StringMapComparison.CborEncode,1,OverheadActual,3,13776,33000.0,2.3954703832752613
after,StringMapComparison.CborEncode,1,OverheadActual,4,13776,33200.0,2.4099883855981417
after,StringMapComparison.CborEncode,1,OverheadActual,5,13776,34000.0,2.468060394889663
after,StringMapComparison.CborEncode,1,OverheadActual,6,13776,33700.0,2.4462833914053426
after,StringMapComparison.CborEncode,1,OverheadActual,7,13776,32300.0,2.34465737514518
after,StringMapComparison.CborEncode,1,OverheadActual,8,13776,32500.0,2.3591753774680604
after,StringMapComparison.CborEncode,1,OverheadActual,9,13776,34000.0,2.468060394889663
after,StringMapComparison.CborEncode,1,OverheadActual,10,13776,32900.0,2.388211382113821
after,StringMapComparison.CborEncode,1,OverheadActual,11,13776,34200.0,2.4825783972125435
after,StringMapComparison.CborEncode,1,OverheadActual,12,13776,32900.0,2.388211382113821
after,StringMapComparison.CborEncode,1,OverheadActual,13,13776,32100.0,2.3301393728222997
after,StringMapComparison.CborEncode,1,OverheadActual,14,13776,34500.0,2.504355400696864
after,StringMapComparison.CborEncode,1,OverheadActual,15,13776,32500.0,2.3591753774680604
after,StringMapComparison.CborEncode,1,WorkloadActual,1,13776,200326400.0,14541.695702671312
after,StringMapComparison.CborEncode,1,WorkloadActual,2,13776,198962600.0,14442.69744483159
after,StringMapComparison.CborEncode,1,WorkloadActual,3,13776,198699800.0,14423.620789779327
after,StringMapComparison.CborEncode,1,WorkloadActual,4,13776,199482100.0,14480.407955865274
after,StringMapComparison.CborEncode,1,WorkloadActual,5,13776,199345900.0,14470.521196283391
after,StringMapComparison.CborEncode,1,WorkloadActual,6,13776,200501300.0,14554.39169570267
after,StringMapComparison.CborEncode,1,WorkloadResult,1,13776,200293200.0,14539.285714285714
after,StringMapComparison.CborEncode,1,WorkloadResult,2,13776,198929400.0,14440.287456445993
after,StringMapComparison.CborEncode,1,WorkloadResult,3,13776,198666600.0,14421.210801393729
after,StringMapComparison.CborEncode,1,WorkloadResult,4,13776,199448900.0,14477.997967479674
after,StringMapComparison.CborEncode,1,WorkloadResult,5,13776,199312700.0,14468.111207897793
after,StringMapComparison.CborEncode,1,WorkloadResult,6,13776,200468100.0,14551.981707317073
after,StringMapComparison.CborEncode,2,OverheadActual,1,13872,33200.0,2.3933102652825835
after,StringMapComparison.CborEncode,2,OverheadActual,2,13872,33800.0,2.436562860438293
after,StringMapComparison.CborEncode,2,OverheadActual,3,13872,33200.0,2.3933102652825835
after,StringMapComparison.CborEncode,2,OverheadActual,4,13872,32900.0,2.371683967704729
after,StringMapComparison.CborEncode,2,OverheadActual,5,13872,33600.0,2.422145328719723
after,StringMapComparison.CborEncode,2,OverheadActual,6,13872,32800.0,2.364475201845444
after,StringMapComparison.CborEncode,2,OverheadActual,7,13872,33900.0,2.4437716262975777
after,StringMapComparison.CborEncode,2,OverheadActual,8,13872,33400.0,2.4077277970011535
after,StringMapComparison.CborEncode,2,OverheadActual,9,13872,35100.0,2.5302768166089966
after,StringMapComparison.CborEncode,2,OverheadActual,10,13872,35200.0,2.5374855824682814
after,StringMapComparison.CborEncode,2,OverheadActual,11,13872,39100.0,2.8186274509803924
after,StringMapComparison.CborEncode,2,OverheadActual,12,13872,36100.0,2.6023644752018456
after,StringMapComparison.CborEncode,2,OverheadActual,13,13872,32500.0,2.3428489042675893
after,StringMapComparison.CborEncode,2,OverheadActual,14,13872,32600.0,2.3500576701268745
after,StringMapComparison.CborEncode,2,OverheadActual,15,13872,32800.0,2.364475201845444
after,StringMapComparison.CborEncode,2,WorkloadActual,1,13872,201215400.0,14505.14705882353
after,StringMapComparison.CborEncode,2,WorkloadActual,2,13872,205224200.0,14794.132064590542
after,StringMapComparison.CborEncode,2,WorkloadActual,3,13872,200495400.0,14453.243944636679
after,StringMapComparison.CborEncode,2,WorkloadActual,4,13872,204268200.0,14725.216262975779
after,StringMapComparison.CborEncode,2,WorkloadActual,5,13872,201550200.0,14529.282006920415
after,StringMapComparison.CborEncode,2,WorkloadActual,6,13872,201445900.0,14521.76326412918
after,StringMapComparison.CborEncode,2,WorkloadResult,1,13872,201182000.0,14502.739331026529
after,StringMapComparison.CborEncode,2,WorkloadResult,2,13872,205190800.0,14791.72433679354
after,StringMapComparison.CborEncode,2,WorkloadResult,3,13872,200462000.0,14450.836216839678
after,StringMapComparison.CborEncode,2,WorkloadResult,4,13872,204234800.0,14722.808535178778
after,StringMapComparison.CborEncode,2,WorkloadResult,5,13872,201516800.0,14526.874279123414
after,StringMapComparison.CborEncode,2,WorkloadResult,6,13872,201412500.0,14519.35553633218
after,IntegerArrayDevelopment.Encode/Count=1,1,OverheadActual,1,11321568,28371200.0,2.505942639747427
after,IntegerArrayDevelopment.Encode/Count=1,1,OverheadActual,2,11321568,28212900.0,2.4919604775592923
after,IntegerArrayDevelopment.Encode/Count=1,1,OverheadActual,3,11321568,28223600.0,2.492905576330063
after,IntegerArrayDevelopment.Encode/Count=1,1,OverheadActual,4,11321568,28452000.0,2.513079460371567
after,IntegerArrayDevelopment.Encode/Count=1,1,OverheadActual,5,11321568,28687200.0,2.533853967930944
after,IntegerArrayDevelopment.Encode/Count=1,1,OverheadActual,6,11321568,28447800.0,2.512708487022292
after,IntegerArrayDevelopment.Encode/Count=1,1,OverheadActual,7,11321568,28134100.0,2.4850003109109973
after,IntegerArrayDevelopment.Encode/Count=1,1,OverheadActual,8,11321568,28476600.0,2.515252304274461
after,IntegerArrayDevelopment.Encode/Count=1,1,OverheadActual,9,11321568,28524300.0,2.5194655015983654
after,IntegerArrayDevelopment.Encode/Count=1,1,OverheadActual,10,11321568,28967200.0,2.5585855245492497
after,IntegerArrayDevelopment.Encode/Count=1,1,OverheadActual,11,11321568,22709600.0,2.0058705649252824
after,IntegerArrayDevelopment.Encode/Count=1,1,OverheadActual,12,11321568,22400900.0,1.9786040237536002
after,IntegerArrayDevelopment.Encode/Count=1,1,OverheadActual,13,11321568,22053100.0,1.9478838973541475
after,IntegerArrayDevelopment.Encode/Count=1,1,OverheadActual,14,11321568,22201200.0,1.9609651242654729
after,IntegerArrayDevelopment.Encode/Count=1,1,OverheadActual,15,11321568,21918100.0,1.9359597539846072
after,IntegerArrayDevelopment.Encode/Count=1,1,OverheadActual,16,11321568,22085800.0,1.9507721898592139
after,IntegerArrayDevelopment.Encode/Count=1,1,OverheadActual,17,11321568,22112300.0,1.9531128550391605
after,IntegerArrayDevelopment.Encode/Count=1,1,OverheadActual,18,11321568,22233300.0,1.9638004205777857
after,IntegerArrayDevelopment.Encode/Count=1,1,OverheadActual,19,11321568,22152100.0,1.956628269158477
after,IntegerArrayDevelopment.Encode/Count=1,1,OverheadActual,20,11321568,22605800.0,1.9967022235789247
after,IntegerArrayDevelopment.Encode/Count=1,1,WorkloadActual,1,11321568,206295200.0,18.22143363887405
after,IntegerArrayDevelopment.Encode/Count=1,1,WorkloadActual,2,11321568,207252400.0,18.305980231713487
after,IntegerArrayDevelopment.Encode/Count=1,1,WorkloadActual,3,11321568,201530900.0,17.800617370314782
after,IntegerArrayDevelopment.Encode/Count=1,1,WorkloadActual,4,11321568,200249100.0,17.687399837195695
after,IntegerArrayDevelopment.Encode/Count=1,1,WorkloadActual,5,11321568,200469800.0,17.706893603430196
after,IntegerArrayDevelopment.Encode/Count=1,1,WorkloadActual,6,11321568,199942700.0,17.660336448096235
after,IntegerArrayDevelopment.Encode/Count=1,1,WorkloadResult,1,11321568,180873350.0,15.97599820095591
after,IntegerArrayDevelopment.Encode/Count=1,1,WorkloadResult,2,11321568,181830550.0,16.060544793795348
after,IntegerArrayDevelopment.Encode/Count=1,1,WorkloadResult,3,11321568,176109050.0,15.555181932396643
after,IntegerArrayDevelopment.Encode/Count=1,1,WorkloadResult,4,11321568,174827250.0,15.441964399277555
after,IntegerArrayDevelopment.Encode/Count=1,1,WorkloadResult,5,11321568,175047950.0,15.461458165512056
after,IntegerArrayDevelopment.Encode/Count=1,1,WorkloadResult,6,11321568,174520850.0,15.414901010178095
after,IntegerArrayDevelopment.Encode/Count=1,2,OverheadActual,1,11856352,30370500.0,2.5615383213993645
after,IntegerArrayDevelopment.Encode/Count=1,2,OverheadActual,2,11856352,29970700.0,2.527818000005398
after,IntegerArrayDevelopment.Encode/Count=1,2,OverheadActual,3,11856352,29506900.0,2.4886997282131973
after,IntegerArrayDevelopment.Encode/Count=1,2,OverheadActual,4,11856352,30107500.0,2.5393561189816225
after,IntegerArrayDevelopment.Encode/Count=1,2,OverheadActual,5,11856352,30177200.0,2.545234824337199
after,IntegerArrayDevelopment.Encode/Count=1,2,OverheadActual,6,11856352,30338000.0,2.5587971747127614
after,IntegerArrayDevelopment.Encode/Count=1,2,OverheadActual,7,11856352,31125000.0,2.6251750960160427
after,IntegerArrayDevelopment.Encode/Count=1,2,OverheadActual,8,11856352,30362400.0,2.560855143302088
after,IntegerArrayDevelopment.Encode/Count=1,2,OverheadActual,9,11856352,23937600.0,2.0189683976993935
after,IntegerArrayDevelopment.Encode/Count=1,2,OverheadActual,10,11856352,23286700.0,1.9640695552898564
after,IntegerArrayDevelopment.Encode/Count=1,2,OverheadActual,11,11856352,23175100.0,1.9546568792829362
after,IntegerArrayDevelopment.Encode/Count=1,2,OverheadActual,12,11856352,23072300.0,1.9459864214557732
after,IntegerArrayDevelopment.Encode/Count=1,2,OverheadActual,13,11856352,22827200.0,1.9253139582900374
after,IntegerArrayDevelopment.Encode/Count=1,2,OverheadActual,14,11856352,22720500.0,1.9163145628604819
after,IntegerArrayDevelopment.Encode/Count=1,2,OverheadActual,15,11856352,22684600.0,1.9132866500589727
after,IntegerArrayDevelopment.Encode/Count=1,2,OverheadActual,16,11856352,22575500.0,1.9040848314894834
after,IntegerArrayDevelopment.Encode/Count=1,2,OverheadActual,17,11856352,22618500.0,1.9077115794132968
after,IntegerArrayDevelopment.Encode/Count=1,2,OverheadActual,18,11856352,22690100.0,1.9137505364213208
after,IntegerArrayDevelopment.Encode/Count=1,2,OverheadActual,19,11856352,22768000.0,1.920320854171671
after,IntegerArrayDevelopment.Encode/Count=1,2,OverheadActual,20,11856352,22729100.0,1.9170399124452446
after,IntegerArrayDevelopment.Encode/Count=1,2,WorkloadActual,1,11856352,201720300.0,17.01369021432562
after,IntegerArrayDevelopment.Encode/Count=1,2,WorkloadActual,2,11856352,209770700.0,17.692684900043453
after,IntegerArrayDevelopment.Encode/Count=1,2,WorkloadActual,3,11856352,199750900.0,16.84758515941497
after,IntegerArrayDevelopment.Encode/Count=1,2,WorkloadActual,4,11856352,202184500.0,17.05284222330781
after,IntegerArrayDevelopment.Encode/Count=1,2,WorkloadActual,5,11856352,205596700.0,17.340637322508645
after,IntegerArrayDevelopment.Encode/Count=1,2,WorkloadActual,6,11856352,201761700.0,17.017182013489478
after,IntegerArrayDevelopment.Encode/Count=1,2,WorkloadResult,1,11856352,178489400.0,15.054326997039224
after,IntegerArrayDevelopment.Encode/Count=1,2,WorkloadResult,2,11856352,176520000.0,14.888221942128574
after,IntegerArrayDevelopment.Encode/Count=1,2,WorkloadResult,3,11856352,178953600.0,15.093479006021413
after,IntegerArrayDevelopment.Encode/Count=1,2,WorkloadResult,4,11856352,182365800.0,15.381274105222246
after,IntegerArrayDevelopment.Encode/Count=1,2,WorkloadResult,5,11856352,178530800.0,15.057818796203081
after,IntegerArrayDevelopment.Decode/Count=1,1,OverheadActual,1,16923536,42701400.0,2.52319609802585
after,IntegerArrayDevelopment.Decode/Count=1,1,OverheadActual,2,16923536,42616500.0,2.518179415932935
after,IntegerArrayDevelopment.Decode/Count=1,1,OverheadActual,3,16923536,42780500.0,2.5278700621430414
after,IntegerArrayDevelopment.Decode/Count=1,1,OverheadActual,4,16923536,42844000.0,2.53162223308415
after,IntegerArrayDevelopment.Decode/Count=1,1,OverheadActual,5,16923536,42702400.0,2.5232551873320093
after,IntegerArrayDevelopment.Decode/Count=1,1,OverheadActual,6,16923536,42081900.0,2.4865902728602345
after,IntegerArrayDevelopment.Decode/Count=1,1,OverheadActual,7,16923536,42161800.0,2.491311508422353
after,IntegerArrayDevelopment.Decode/Count=1,1,OverheadActual,8,16923536,36945800.0,2.183101687496041
after,IntegerArrayDevelopment.Decode/Count=1,1,OverheadActual,9,16923536,32944900.0,1.9466912824837552
after,IntegerArrayDevelopment.Decode/Count=1,1,OverheadActual,10,16923536,33013000.0,1.9507152642331957
after,IntegerArrayDevelopment.Decode/Count=1,1,OverheadActual,11,16923536,33150100.0,1.95881640810762
after,IntegerArrayDevelopment.Decode/Count=1,1,OverheadActual,12,16923536,32779100.0,1.9368942755225622
after,IntegerArrayDevelopment.Decode/Count=1,1,OverheadActual,13,16923536,34301300.0,2.0268400173580745
after,IntegerArrayDevelopment.Decode/Count=1,1,OverheadActual,14,16923536,33077400.0,1.9545206155498474
after,IntegerArrayDevelopment.Decode/Count=1,1,OverheadActual,15,16923536,33092700.0,1.9554246819340828
after,IntegerArrayDevelopment.Decode/Count=1,1,OverheadActual,16,16923536,33499300.0,1.9794503938184076
after,IntegerArrayDevelopment.Decode/Count=1,1,OverheadActual,17,16923536,33247200.0,1.964553979735677
after,IntegerArrayDevelopment.Decode/Count=1,1,OverheadActual,18,16923536,33103300.0,1.9560510285793702
after,IntegerArrayDevelopment.Decode/Count=1,1,OverheadActual,19,16923536,33011900.0,1.9506502659964207
after,IntegerArrayDevelopment.Decode/Count=1,1,OverheadActual,20,16923536,33317000.0,1.9686784133055881
after,IntegerArrayDevelopment.Decode/Count=1,1,WorkloadActual,1,16923536,200902900.0,11.871212966368258
after,IntegerArrayDevelopment.Decode/Count=1,1,WorkloadActual,2,16923536,200627900.0,11.854963407174482
after,IntegerArrayDevelopment.Decode/Count=1,1,WorkloadActual,3,16923536,197899800.0,11.693761871041607
after,IntegerArrayDevelopment.Decode/Count=1,1,WorkloadActual,4,16923536,200285300.0,11.834719410884345
after,IntegerArrayDevelopment.Decode/Count=1,1,WorkloadActual,5,16923536,200053600.0,11.821028418647261
after,IntegerArrayDevelopment.Decode/Count=1,1,WorkloadActual,6,16923536,200578300.0,11.852032577588986
after,IntegerArrayDevelopment.Decode/Count=1,1,WorkloadResult,1,16923536,167494750.0,9.89714856280626
after,IntegerArrayDevelopment.Decode/Count=1,1,WorkloadResult,2,16923536,167219750.0,9.880899003612484
after,IntegerArrayDevelopment.Decode/Count=1,1,WorkloadResult,3,16923536,164491650.0,9.719697467479609
after,IntegerArrayDevelopment.Decode/Count=1,1,WorkloadResult,4,16923536,166877150.0,9.860655007322347
after,IntegerArrayDevelopment.Decode/Count=1,1,WorkloadResult,5,16923536,166645450.0,9.846964015085263
after,IntegerArrayDevelopment.Decode/Count=1,1,WorkloadResult,6,16923536,167170150.0,9.877968174026988
after,IntegerArrayDevelopment.Decode/Count=1,2,OverheadActual,1,16909536,33043300.0,1.9541222183742948
after,IntegerArrayDevelopment.Decode/Count=1,2,OverheadActual,2,16909536,32557600.0,1.925398780900907
after,IntegerArrayDevelopment.Decode/Count=1,2,OverheadActual,3,16909536,32442700.0,1.9186037984720574
after,IntegerArrayDevelopment.Decode/Count=1,2,OverheadActual,4,16909536,32529000.0,1.923707427572229
after,IntegerArrayDevelopment.Decode/Count=1,2,OverheadActual,5,16909536,32521300.0,1.923252063214508
after,IntegerArrayDevelopment.Decode/Count=1,2,OverheadActual,6,16909536,32338600.0,1.9124475089085826
after,IntegerArrayDevelopment.Decode/Count=1,2,OverheadActual,7,16909536,32404200.0,1.9163269766834525
after,IntegerArrayDevelopment.Decode/Count=1,2,OverheadActual,8,16909536,32497200.0,1.9218268319130696
after,IntegerArrayDevelopment.Decode/Count=1,2,OverheadActual,9,16909536,32869700.0,1.943855821945676
after,IntegerArrayDevelopment.Decode/Count=1,2,OverheadActual,10,16909536,32888400.0,1.9449617068144271
after,IntegerArrayDevelopment.Decode/Count=1,2,OverheadActual,11,16909536,32952800.0,1.9487702087153662
after,IntegerArrayDevelopment.Decode/Count=1,2,OverheadActual,12,16909536,33318500.0,1.9703970587956996
after,IntegerArrayDevelopment.Decode/Count=1,2,OverheadActual,13,16909536,34210800.0,2.023166099885887
after,IntegerArrayDevelopment.Decode/Count=1,2,OverheadActual,14,16909536,34814200.0,2.0588501068272955
after,IntegerArrayDevelopment.Decode/Count=1,2,OverheadActual,15,16909536,34191200.0,2.022006990611688
after,IntegerArrayDevelopment.Decode/Count=1,2,WorkloadActual,1,16909536,201482200.0,11.915300337040591
after,IntegerArrayDevelopment.Decode/Count=1,2,WorkloadActual,2,16909536,199467600.0,11.796160462356863
after,IntegerArrayDevelopment.Decode/Count=1,2,WorkloadActual,3,16909536,198090600.0,11.714727122021563
after,IntegerArrayDevelopment.Decode/Count=1,2,WorkloadActual,4,16909536,204874500.0,12.115914948819412
after,IntegerArrayDevelopment.Decode/Count=1,2,WorkloadActual,5,16909536,199631000.0,11.805823648857071
after,IntegerArrayDevelopment.Decode/Count=1,2,WorkloadActual,6,16909536,201322400.0,11.905850048162174
after,IntegerArrayDevelopment.Decode/Count=1,2,WorkloadResult,1,16909536,168612500.0,9.971444515094914
after,IntegerArrayDevelopment.Decode/Count=1,2,WorkloadResult,2,16909536,166597900.0,9.852304640411186
after,IntegerArrayDevelopment.Decode/Count=1,2,WorkloadResult,3,16909536,165220900.0,9.770871300075886
after,IntegerArrayDevelopment.Decode/Count=1,2,WorkloadResult,4,16909536,166761300.0,9.861967826911394
after,IntegerArrayDevelopment.Decode/Count=1,2,WorkloadResult,5,16909536,168452700.0,9.961994226216497
after,IntegerArrayDevelopment.Encode/Count=8,1,OverheadActual,1,5699456,14501800.0,2.5444182743054777
after,IntegerArrayDevelopment.Encode/Count=8,1,OverheadActual,2,5699456,14523400.0,2.5482081096862577
after,IntegerArrayDevelopment.Encode/Count=8,1,OverheadActual,3,5699456,14536100.0,2.5504363925258833
after,IntegerArrayDevelopment.Encode/Count=8,1,OverheadActual,4,5699456,14842900.0,2.6042660913602984
after,IntegerArrayDevelopment.Encode/Count=8,1,OverheadActual,5,5699456,14624600.0,2.56596419026658
after,IntegerArrayDevelopment.Encode/Count=8,1,OverheadActual,6,5699456,14778600.0,2.592984312888809
after,IntegerArrayDevelopment.Encode/Count=8,1,OverheadActual,7,5699456,14610100.0,2.5634200878118896
after,IntegerArrayDevelopment.Encode/Count=8,1,OverheadActual,8,5699456,15360100.0,2.69501159408898
after,IntegerArrayDevelopment.Encode/Count=8,1,OverheadActual,9,5699456,14504700.0,2.5449270947964155
after,IntegerArrayDevelopment.Encode/Count=8,1,OverheadActual,10,5699456,14745800.0,2.587229377680958
after,IntegerArrayDevelopment.Encode/Count=8,1,OverheadActual,11,5699456,15161200.0,2.6601135266242952
after,IntegerArrayDevelopment.Encode/Count=8,1,OverheadActual,12,5699456,14447300.0,2.5348559581826757
after,IntegerArrayDevelopment.Encode/Count=8,1,OverheadActual,13,5699456,11244700.0,1.9729426808453299
after,IntegerArrayDevelopment.Encode/Count=8,1,OverheadActual,14,5699456,11280000.0,1.9791362544074382
after,IntegerArrayDevelopment.Encode/Count=8,1,OverheadActual,15,5699456,11589000.0,2.0333519549935994
after,IntegerArrayDevelopment.Encode/Count=8,1,OverheadActual,16,5699456,11911500.0,2.0899363026927484
after,IntegerArrayDevelopment.Encode/Count=8,1,OverheadActual,17,5699456,11109700.0,1.9492562097154535
after,IntegerArrayDevelopment.Encode/Count=8,1,OverheadActual,18,5699456,11029200.0,1.9351320547083792
after,IntegerArrayDevelopment.Encode/Count=8,1,OverheadActual,19,5699456,11251500.0,1.9741357771689088
after,IntegerArrayDevelopment.Encode/Count=8,1,OverheadActual,20,5699456,10962200.0,1.9233765468142925
after,IntegerArrayDevelopment.Encode/Count=8,1,WorkloadActual,1,5699456,200388900.0,35.15930292294563
after,IntegerArrayDevelopment.Encode/Count=8,1,WorkloadActual,2,5699456,199642900.0,35.02841323803535
after,IntegerArrayDevelopment.Encode/Count=8,1,WorkloadActual,3,5699456,201522800.0,35.35825173490242
after,IntegerArrayDevelopment.Encode/Count=8,1,WorkloadActual,4,5699456,201580500.0,35.36837550811867
after,IntegerArrayDevelopment.Encode/Count=8,1,WorkloadActual,5,5699456,199298100.0,34.967916236216226
after,IntegerArrayDevelopment.Encode/Count=8,1,WorkloadActual,6,5699456,200983900.0,35.26369885125879
after,IntegerArrayDevelopment.Encode/Count=8,1,WorkloadResult,1,5699456,185885650.0,32.61463023839468
after,IntegerArrayDevelopment.Encode/Count=8,1,WorkloadResult,2,5699456,185139650.0,32.4837405534844
after,IntegerArrayDevelopment.Encode/Count=8,1,WorkloadResult,3,5699456,187019550.0,32.81357905035147
after,IntegerArrayDevelopment.Encode/Count=8,1,WorkloadResult,4,5699456,187077250.0,32.82370282356772
after,IntegerArrayDevelopment.Encode/Count=8,1,WorkloadResult,5,5699456,184794850.0,32.42324355166528
after,IntegerArrayDevelopment.Encode/Count=8,1,WorkloadResult,6,5699456,186480650.0,32.71902616670784
after,IntegerArrayDevelopment.Encode/Count=8,2,OverheadActual,1,6611552,16997500.0,2.5708789706259587
after,IntegerArrayDevelopment.Encode/Count=8,2,OverheadActual,2,6611552,16809300.0,2.542413642061652
after,IntegerArrayDevelopment.Encode/Count=8,2,OverheadActual,3,6611552,16924600.0,2.55985281519377
after,IntegerArrayDevelopment.Encode/Count=8,2,OverheadActual,4,6611552,16944300.0,2.5628324484175575
after,IntegerArrayDevelopment.Encode/Count=8,2,OverheadActual,5,6611552,16752100.0,2.533762118183446
after,IntegerArrayDevelopment.Encode/Count=8,2,OverheadActual,6,6611552,16523200.0,2.4991408976288776
after,IntegerArrayDevelopment.Encode/Count=8,2,OverheadActual,7,6611552,16845800.0,2.5479342822986193
after,IntegerArrayDevelopment.Encode/Count=8,2,OverheadActual,8,6611552,16746600.0,2.532930240887465
after,IntegerArrayDevelopment.Encode/Count=8,2,OverheadActual,9,6611552,16864400.0,2.5507475400632105
after,IntegerArrayDevelopment.Encode/Count=8,2,OverheadActual,10,6611552,16856000.0,2.549477036556621
after,IntegerArrayDevelopment.Encode/Count=8,2,OverheadActual,11,6611552,16893400.0,2.555133802169294
after,IntegerArrayDevelopment.Encode/Count=8,2,OverheadActual,12,6611552,16640400.0,2.5168674465541523
after,IntegerArrayDevelopment.Encode/Count=8,2,OverheadActual,13,6611552,16657300.0,2.519423578609077
after,IntegerArrayDevelopment.Encode/Count=8,2,OverheadActual,14,6611552,16587800.0,2.508911674596222
after,IntegerArrayDevelopment.Encode/Count=8,2,OverheadActual,15,6611552,16023000.0,2.423485438819811
after,IntegerArrayDevelopment.Encode/Count=8,2,WorkloadActual,1,6611552,202616700.0,30.645860457574862
after,IntegerArrayDevelopment.Encode/Count=8,2,WorkloadActual,2,6611552,199144800.0,30.120734133226208
after,IntegerArrayDevelopment.Encode/Count=8,2,WorkloadActual,3,6611552,196418000.0,29.708304494920405
after,IntegerArrayDevelopment.Encode/Count=8,2,WorkloadActual,4,6611552,202033600.0,30.557666339159095
after,IntegerArrayDevelopment.Encode/Count=8,2,WorkloadActual,5,6611552,201547500.0,30.48414351123609
after,IntegerArrayDevelopment.Encode/Count=8,2,WorkloadActual,6,6611552,203126300.0,30.72293767030797
after,IntegerArrayDevelopment.Encode/Count=8,2,WorkloadResult,1,6611552,185807400.0,28.103446815513212
after,IntegerArrayDevelopment.Encode/Count=8,2,WorkloadResult,2,6611552,182335500.0,27.578320491164554
after,IntegerArrayDevelopment.Encode/Count=8,2,WorkloadResult,3,6611552,179608700.0,27.165890852858755
after,IntegerArrayDevelopment.Encode/Count=8,2,WorkloadResult,4,6611552,185224300.0,28.015252697097445
after,IntegerArrayDevelopment.Encode/Count=8,2,WorkloadResult,5,6611552,184738200.0,27.941729869174438
after,IntegerArrayDevelopment.Encode/Count=8,2,WorkloadResult,6,6611552,186317000.0,28.180524028246317
after,IntegerArrayDevelopment.Decode/Count=8,1,OverheadActual,1,5858512,15334700.0,2.617507653820629
after,IntegerArrayDevelopment.Decode/Count=8,1,OverheadActual,2,5858512,15793100.0,2.695752778179852
after,IntegerArrayDevelopment.Decode/Count=8,1,OverheadActual,3,5858512,15931200.0,2.719325316735717
after,IntegerArrayDevelopment.Decode/Count=8,1,OverheadActual,4,5858512,15528300.0,2.6505535876686777
after,IntegerArrayDevelopment.Decode/Count=8,1,OverheadActual,5,5858512,15222800.0,2.598407240609902
after,IntegerArrayDevelopment.Decode/Count=8,1,OverheadActual,6,5858512,14953000.0,2.5523545910633962
after,IntegerArrayDevelopment.Decode/Count=8,1,OverheadActual,7,5858512,14939900.0,2.550118528390827
after,IntegerArrayDevelopment.Decode/Count=8,1,OverheadActual,8,5858512,15198100.0,2.594191152975363
after,IntegerArrayDevelopment.Decode/Count=8,1,OverheadActual,9,5858512,14854400.0,2.5355243788866524
after,IntegerArrayDevelopment.Decode/Count=8,1,OverheadActual,10,5858512,14875500.0,2.539125976015753
after,IntegerArrayDevelopment.Decode/Count=8,1,OverheadActual,11,5858512,15102200.0,2.5778218086776983
after,IntegerArrayDevelopment.Decode/Count=8,1,OverheadActual,12,5858512,15281600.0,2.608443918865405
after,IntegerArrayDevelopment.Decode/Count=8,1,OverheadActual,13,5858512,15107100.0,2.5786581985323234
after,IntegerArrayDevelopment.Decode/Count=8,1,OverheadActual,14,5858512,15241000.0,2.6015138314985102
after,IntegerArrayDevelopment.Decode/Count=8,1,OverheadActual,15,5858512,15122500.0,2.5812868523611456
after,IntegerArrayDevelopment.Decode/Count=8,1,WorkloadActual,1,5858512,197882900.0,33.776989788533335
after,IntegerArrayDevelopment.Decode/Count=8,1,WorkloadActual,2,5858512,200121700.0,34.15913460619352
after,IntegerArrayDevelopment.Decode/Count=8,1,WorkloadActual,3,5858512,201746800.0,34.43652586185707
after,IntegerArrayDevelopment.Decode/Count=8,1,WorkloadActual,4,5858512,201393000.0,34.37613510051699
after,IntegerArrayDevelopment.Decode/Count=8,1,WorkloadActual,5,5858512,204362800.0,34.88305562914269
after,IntegerArrayDevelopment.Decode/Count=8,1,WorkloadActual,6,5858512,199378800.0,34.032327662723915
after,IntegerArrayDevelopment.Decode/Count=8,1,WorkloadResult,1,5858512,182684800.0,31.182798635557972
after,IntegerArrayDevelopment.Decode/Count=8,1,WorkloadResult,2,5858512,184923600.0,31.564943453218156
after,IntegerArrayDevelopment.Decode/Count=8,1,WorkloadResult,3,5858512,186548700.0,31.842334708881708
after,IntegerArrayDevelopment.Decode/Count=8,1,WorkloadResult,4,5858512,186194900.0,31.781943947541627
after,IntegerArrayDevelopment.Decode/Count=8,1,WorkloadResult,5,5858512,189164700.0,32.288864476167326
after,IntegerArrayDevelopment.Decode/Count=8,1,WorkloadResult,6,5858512,184180700.0,31.43813650974855
after,IntegerArrayDevelopment.Decode/Count=8,2,OverheadActual,1,5516400,13868100.0,2.5139765064172286
after,IntegerArrayDevelopment.Decode/Count=8,2,OverheadActual,2,5516400,13934000.0,2.52592270321224
after,IntegerArrayDevelopment.Decode/Count=8,2,OverheadActual,3,5516400,13784200.0,2.498767312015082
after,IntegerArrayDevelopment.Decode/Count=8,2,OverheadActual,4,5516400,13762500.0,2.494833587122036
after,IntegerArrayDevelopment.Decode/Count=8,2,OverheadActual,5,5516400,14095900.0,2.5552715539119717
after,IntegerArrayDevelopment.Decode/Count=8,2,OverheadActual,6,5516400,14374300.0,2.605739250235661
after,IntegerArrayDevelopment.Decode/Count=8,2,OverheadActual,7,5516400,14358700.0,2.602911318976144
after,IntegerArrayDevelopment.Decode/Count=8,2,OverheadActual,8,5516400,14262200.0,2.585418026249003
after,IntegerArrayDevelopment.Decode/Count=8,2,OverheadActual,9,5516400,14198000.0,2.573780001450221
after,IntegerArrayDevelopment.Decode/Count=8,2,OverheadActual,10,5516400,13925800.0,2.524436226524545
after,IntegerArrayDevelopment.Decode/Count=8,2,OverheadActual,11,5516400,13912900.0,2.522097744906098
after,IntegerArrayDevelopment.Decode/Count=8,2,OverheadActual,12,5516400,14098500.0,2.5557428757885576
after,IntegerArrayDevelopment.Decode/Count=8,2,OverheadActual,13,5516400,11643400.0,2.110688129939816
after,IntegerArrayDevelopment.Decode/Count=8,2,OverheadActual,14,5516400,10836400.0,1.9643970705532594
after,IntegerArrayDevelopment.Decode/Count=8,2,OverheadActual,15,5516400,10693100.0,1.9384199840475673
after,IntegerArrayDevelopment.Decode/Count=8,2,OverheadActual,16,5516400,10601900.0,1.9218874628380829
after,IntegerArrayDevelopment.Decode/Count=8,2,OverheadActual,17,5516400,10904000.0,1.9766514393445
after,IntegerArrayDevelopment.Decode/Count=8,2,OverheadActual,18,5516400,11093700.0,2.011039808570807
after,IntegerArrayDevelopment.Decode/Count=8,2,OverheadActual,19,5516400,10894500.0,1.974929301718512
after,IntegerArrayDevelopment.Decode/Count=8,2,OverheadActual,20,5516400,10876400.0,1.971648176346893
after,IntegerArrayDevelopment.Decode/Count=8,2,WorkloadActual,1,5516400,197585600.0,35.81785222246393
after,IntegerArrayDevelopment.Decode/Count=8,2,WorkloadActual,2,5516400,199177400.0,36.10640997752157
after,IntegerArrayDevelopment.Decode/Count=8,2,WorkloadActual,3,5516400,200370400.0,36.32267420781669
after,IntegerArrayDevelopment.Decode/Count=8,2,WorkloadActual,4,5516400,198233000.0,35.935211369733885
after,IntegerArrayDevelopment.Decode/Count=8,2,WorkloadActual,5,5516400,199462500.0,36.1580922340657
after,IntegerArrayDevelopment.Decode/Count=8,2,WorkloadActual,6,5516400,199013200.0,36.07664418823871
after,IntegerArrayDevelopment.Decode/Count=8,2,WorkloadResult,1,5516400,183759450.0,33.31148031324777
after,IntegerArrayDevelopment.Decode/Count=8,2,WorkloadResult,2,5516400,185351250.0,33.600038068305416
after,IntegerArrayDevelopment.Decode/Count=8,2,WorkloadResult,3,5516400,186544250.0,33.81630229860053
after,IntegerArrayDevelopment.Decode/Count=8,2,WorkloadResult,4,5516400,184406850.0,33.42883946051773
after,IntegerArrayDevelopment.Decode/Count=8,2,WorkloadResult,5,5516400,185636350.0,33.65172032484954
after,IntegerArrayDevelopment.Decode/Count=8,2,WorkloadResult,6,5516400,185187050.0,33.570272279022554
after,IntegerArrayDevelopment.Encode/Count=1024,1,OverheadActual,1,100240,252800.0,2.5219473264166004
after,IntegerArrayDevelopment.Encode/Count=1024,1,OverheadActual,2,100240,257300.0,2.5668395849960097
after,IntegerArrayDevelopment.Encode/Count=1024,1,OverheadActual,3,100240,265900.0,2.652633679169992
after,IntegerArrayDevelopment.Encode/Count=1024,1,OverheadActual,4,100240,252100.0,2.5149640861931366
after,IntegerArrayDevelopment.Encode/Count=1024,1,OverheadActual,5,100240,259200.0,2.5857940941739823
after,IntegerArrayDevelopment.Encode/Count=1024,1,OverheadActual,6,100240,259700.0,2.590782122905028
after,IntegerArrayDevelopment.Encode/Count=1024,1,OverheadActual,7,100240,264300.0,2.6366719872306463
after,IntegerArrayDevelopment.Encode/Count=1024,1,OverheadActual,8,100240,258700.0,2.580806065442937
after,IntegerArrayDevelopment.Encode/Count=1024,1,OverheadActual,9,100240,271100.0,2.704509177972865
after,IntegerArrayDevelopment.Encode/Count=1024,1,OverheadActual,10,100240,264900.0,2.642657621707901
after,IntegerArrayDevelopment.Encode/Count=1024,1,OverheadActual,11,100240,257900.0,2.5728252194732644
after,IntegerArrayDevelopment.Encode/Count=1024,1,OverheadActual,12,100240,267300.0,2.6666001596169195
after,IntegerArrayDevelopment.Encode/Count=1024,1,OverheadActual,13,100240,256200.0,2.5558659217877095
after,IntegerArrayDevelopment.Encode/Count=1024,1,OverheadActual,14,100240,278700.0,2.7803272146847564
after,IntegerArrayDevelopment.Encode/Count=1024,1,OverheadActual,15,100240,271500.0,2.7084996009577016
after,IntegerArrayDevelopment.Encode/Count=1024,1,WorkloadActual,1,100240,200361000.0,1998.8128491620112
after,IntegerArrayDevelopment.Encode/Count=1024,1,WorkloadActual,2,100240,203865400.0,2033.7729449321628
after,IntegerArrayDevelopment.Encode/Count=1024,1,WorkloadActual,3,100240,202004900.0,2015.2124900239426
after,IntegerArrayDevelopment.Encode/Count=1024,1,WorkloadActual,4,100240,199943200.0,1994.6448523543495
after,IntegerArrayDevelopment.Encode/Count=1024,1,WorkloadActual,5,100240,199438200.0,1989.6069433359937
after,IntegerArrayDevelopment.Encode/Count=1024,1,WorkloadActual,6,100240,200705700.0,2002.251596169194
after,IntegerArrayDevelopment.Encode/Count=1024,1,WorkloadResult,1,100240,200101300.0,1996.2220670391062
after,IntegerArrayDevelopment.Encode/Count=1024,1,WorkloadResult,2,100240,203605700.0,2031.1821628092578
after,IntegerArrayDevelopment.Encode/Count=1024,1,WorkloadResult,3,100240,201745200.0,2012.6217079010376
after,IntegerArrayDevelopment.Encode/Count=1024,1,WorkloadResult,4,100240,199683500.0,1992.0540702314445
after,IntegerArrayDevelopment.Encode/Count=1024,1,WorkloadResult,5,100240,199178500.0,1987.0161612130885
after,IntegerArrayDevelopment.Encode/Count=1024,1,WorkloadResult,6,100240,200446000.0,1999.6608140462888
after,IntegerArrayDevelopment.Encode/Count=1024,2,OverheadActual,1,100528,257500.0,2.5614754098360657
after,IntegerArrayDevelopment.Encode/Count=1024,2,OverheadActual,2,100528,290900.0,2.8937211523157726
after,IntegerArrayDevelopment.Encode/Count=1024,2,OverheadActual,3,100528,258400.0,2.570428139423842
after,IntegerArrayDevelopment.Encode/Count=1024,2,OverheadActual,4,100528,258700.0,2.5734123826197677
after,IntegerArrayDevelopment.Encode/Count=1024,2,OverheadActual,5,100528,249500.0,2.481895591278052
after,IntegerArrayDevelopment.Encode/Count=1024,2,OverheadActual,6,100528,254500.0,2.5316329778768103
after,IntegerArrayDevelopment.Encode/Count=1024,2,OverheadActual,7,100528,252900.0,2.5157170141652077
after,IntegerArrayDevelopment.Encode/Count=1024,2,OverheadActual,8,100528,267200.0,2.6579659398376574
after,IntegerArrayDevelopment.Encode/Count=1024,2,OverheadActual,9,100528,247600.0,2.4629953843705237
after,IntegerArrayDevelopment.Encode/Count=1024,2,OverheadActual,10,100528,273000.0,2.715661308292217
after,IntegerArrayDevelopment.Encode/Count=1024,2,OverheadActual,11,100528,254000.0,2.5266592392169347
after,IntegerArrayDevelopment.Encode/Count=1024,2,OverheadActual,12,100528,256900.0,2.5555069234442147
after,IntegerArrayDevelopment.Encode/Count=1024,2,OverheadActual,13,100528,257500.0,2.5614754098360657
after,IntegerArrayDevelopment.Encode/Count=1024,2,OverheadActual,14,100528,258300.0,2.569433391691867
after,IntegerArrayDevelopment.Encode/Count=1024,2,OverheadActual,15,100528,264600.0,2.6321024988063026
after,IntegerArrayDevelopment.Encode/Count=1024,2,WorkloadActual,1,100528,206262600.0,2051.7925354130193
after,IntegerArrayDevelopment.Encode/Count=1024,2,WorkloadActual,2,100528,205359000.0,2042.8039949068916
after,IntegerArrayDevelopment.Encode/Count=1024,2,WorkloadActual,3,100528,205194100.0,2041.1636558968646
after,IntegerArrayDevelopment.Encode/Count=1024,2,WorkloadActual,4,100528,202477700.0,2014.142328505491
after,IntegerArrayDevelopment.Encode/Count=1024,2,WorkloadActual,5,100528,200537100.0,1994.8382540187808
after,IntegerArrayDevelopment.Encode/Count=1024,2,WorkloadActual,6,100528,205119900.0,2040.425553079739
after,IntegerArrayDevelopment.Encode/Count=1024,2,WorkloadResult,1,100528,206005100.0,2049.2310600031833
after,IntegerArrayDevelopment.Encode/Count=1024,2,WorkloadResult,2,100528,205101500.0,2040.2425194970556
after,IntegerArrayDevelopment.Encode/Count=1024,2,WorkloadResult,3,100528,204936600.0,2038.6021804870286
after,IntegerArrayDevelopment.Encode/Count=1024,2,WorkloadResult,4,100528,202220200.0,2011.580853095655
after,IntegerArrayDevelopment.Encode/Count=1024,2,WorkloadResult,5,100528,200279600.0,1992.2767786089448
after,IntegerArrayDevelopment.Encode/Count=1024,2,WorkloadResult,6,100528,204862400.0,2037.8640776699028
after,IntegerArrayDevelopment.Decode/Count=1024,1,OverheadActual,1,60048,154200.0,2.5679456434852117
after,IntegerArrayDevelopment.Decode/Count=1024,1,OverheadActual,2,60048,155700.0,2.592925659472422
after,IntegerArrayDevelopment.Decode/Count=1024,1,OverheadActual,3,60048,153900.0,2.5629496402877696
after,IntegerArrayDevelopment.Decode/Count=1024,1,OverheadActual,4,60048,153500.0,2.5562883026911805
after,IntegerArrayDevelopment.Decode/Count=1024,1,OverheadActual,5,60048,162200.0,2.7011723954169997
after,IntegerArrayDevelopment.Decode/Count=1024,1,OverheadActual,6,60048,152400.0,2.5379696243005596
after,IntegerArrayDevelopment.Decode/Count=1024,1,OverheadActual,7,60048,158500.0,2.639555022648548
after,IntegerArrayDevelopment.Decode/Count=1024,1,OverheadActual,8,60048,151900.0,2.529642952304823
after,IntegerArrayDevelopment.Decode/Count=1024,1,OverheadActual,9,60048,149700.0,2.4930055955235813
after,IntegerArrayDevelopment.Decode/Count=1024,1,OverheadActual,10,60048,148500.0,2.473021582733813
after,IntegerArrayDevelopment.Decode/Count=1024,1,OverheadActual,11,60048,168200.0,2.8010924593658406
after,IntegerArrayDevelopment.Decode/Count=1024,1,OverheadActual,12,60048,150800.0,2.511324273914202
after,IntegerArrayDevelopment.Decode/Count=1024,1,OverheadActual,13,60048,156200.0,2.601252331468159
after,IntegerArrayDevelopment.Decode/Count=1024,1,OverheadActual,14,60048,161400.0,2.687849720223821
after,IntegerArrayDevelopment.Decode/Count=1024,1,OverheadActual,15,60048,149300.0,2.4863442579269917
after,IntegerArrayDevelopment.Decode/Count=1024,1,WorkloadActual,1,60048,215135000.0,3582.7171596056487
after,IntegerArrayDevelopment.Decode/Count=1024,1,WorkloadActual,2,60048,204391600.0,3403.8036237676524
after,IntegerArrayDevelopment.Decode/Count=1024,1,WorkloadActual,3,60048,203765200.0,3393.3719690913936
after,IntegerArrayDevelopment.Decode/Count=1024,1,WorkloadActual,4,60048,201824300.0,3361.049493738343
after,IntegerArrayDevelopment.Decode/Count=1024,1,WorkloadActual,5,60048,202276800.0,3368.585131894484
after,IntegerArrayDevelopment.Decode/Count=1024,1,WorkloadActual,6,60048,201910300.0,3362.4816813216094
after,IntegerArrayDevelopment.Decode/Count=1024,1,WorkloadResult,1,60048,204237700.0,3401.240674127365
after,IntegerArrayDevelopment.Decode/Count=1024,1,WorkloadResult,2,60048,203611300.0,3390.809019451106
after,IntegerArrayDevelopment.Decode/Count=1024,1,WorkloadResult,3,60048,201670400.0,3358.4865440980548
after,IntegerArrayDevelopment.Decode/Count=1024,1,WorkloadResult,4,60048,202122900.0,3366.0221822541967
after,IntegerArrayDevelopment.Decode/Count=1024,1,WorkloadResult,5,60048,201756400.0,3359.918731681322
after,IntegerArrayDevelopment.Decode/Count=1024,2,OverheadActual,1,58656,155000.0,2.6425259138025097
after,IntegerArrayDevelopment.Decode/Count=1024,2,OverheadActual,2,58656,148900.0,2.538529732678669
after,IntegerArrayDevelopment.Decode/Count=1024,2,OverheadActual,3,58656,150000.0,2.5572831423895255
after,IntegerArrayDevelopment.Decode/Count=1024,2,OverheadActual,4,58656,150700.0,2.5692171303873432
after,IntegerArrayDevelopment.Decode/Count=1024,2,OverheadActual,5,58656,153900.0,2.623772504091653
after,IntegerArrayDevelopment.Decode/Count=1024,2,OverheadActual,6,58656,154000.0,2.6254773595199126
after,IntegerArrayDevelopment.Decode/Count=1024,2,OverheadActual,7,58656,147400.0,2.5129569012547734
after,IntegerArrayDevelopment.Decode/Count=1024,2,OverheadActual,8,58656,158500.0,2.7021958537915984
after,IntegerArrayDevelopment.Decode/Count=1024,2,OverheadActual,9,58656,158600.0,2.7039007092198584
after,IntegerArrayDevelopment.Decode/Count=1024,2,OverheadActual,10,58656,165400.0,2.8198308783415165
after,IntegerArrayDevelopment.Decode/Count=1024,2,OverheadActual,11,58656,144600.0,2.4652209492635024
after,IntegerArrayDevelopment.Decode/Count=1024,2,OverheadActual,12,58656,151700.0,2.58626568466994
after,IntegerArrayDevelopment.Decode/Count=1024,2,OverheadActual,13,58656,155000.0,2.6425259138025097
after,IntegerArrayDevelopment.Decode/Count=1024,2,OverheadActual,14,58656,146900.0,2.504432624113475
after,IntegerArrayDevelopment.Decode/Count=1024,2,OverheadActual,15,58656,147700.0,2.518071467539553
after,IntegerArrayDevelopment.Decode/Count=1024,2,WorkloadActual,1,58656,205047700.0,3495.7668439716313
after,IntegerArrayDevelopment.Decode/Count=1024,2,WorkloadActual,2,58656,201689100.0,3438.5075695581013
after,IntegerArrayDevelopment.Decode/Count=1024,2,WorkloadActual,3,58656,201200300.0,3430.1742362247683
after,IntegerArrayDevelopment.Decode/Count=1024,2,WorkloadActual,4,58656,200298800.0,3414.804964539007
after,IntegerArrayDevelopment.Decode/Count=1024,2,WorkloadActual,5,58656,200456500.0,3417.4935215493724
after,IntegerArrayDevelopment.Decode/Count=1024,2,WorkloadActual,6,58656,201215300.0,3430.429964539007
after,IntegerArrayDevelopment.Decode/Count=1024,2,WorkloadResult,1,58656,201537400.0,3435.9213038734315
after,IntegerArrayDevelopment.Decode/Count=1024,2,WorkloadResult,2,58656,201048600.0,3427.587970540098
after,IntegerArrayDevelopment.Decode/Count=1024,2,WorkloadResult,3,58656,200147100.0,3412.218698854337
after,IntegerArrayDevelopment.Decode/Count=1024,2,WorkloadResult,4,58656,200304800.0,3414.9072558647026
after,IntegerArrayDevelopment.Decode/Count=1024,2,WorkloadResult,5,58656,201063600.0,3427.843698854337
