case,launch,stage,iteration,operations,total_ns,ns_per_operation
IntegerArrayComparison.CborDecode,1,OverheadActual,1,59072,141900.0,2.4021533044420367
IntegerArrayComparison.CborDecode,1,OverheadActual,2,59072,144400.0,2.444474539544962
IntegerArrayComparison.CborDecode,1,OverheadActual,3,59072,142600.0,2.4140032502708557
IntegerArrayComparison.CborDecode,1,OverheadActual,4,59072,143700.0,2.432624593716143
IntegerArrayComparison.CborDecode,1,OverheadActual,5,59072,140300.0,2.375067713976165
IntegerArrayComparison.CborDecode,1,OverheadActual,6,59072,144100.0,2.439395991332611
IntegerArrayComparison.CborDecode,1,OverheadActual,7,59072,151500.0,2.5646668472372696
IntegerArrayComparison.CborDecode,1,OverheadActual,8,59072,140800.0,2.38353196099675
IntegerArrayComparison.CborDecode,1,OverheadActual,9,59072,137300.0,2.3242822318526546
IntegerArrayComparison.CborDecode,1,OverheadActual,10,59072,141800.0,2.4004604550379196
IntegerArrayComparison.CborDecode,1,OverheadActual,11,59072,146200.0,2.4749458288190684
IntegerArrayComparison.CborDecode,1,OverheadActual,12,59072,142900.0,2.419081798483207
IntegerArrayComparison.CborDecode,1,OverheadActual,13,59072,143400.0,2.427546045503792
IntegerArrayComparison.CborDecode,1,OverheadActual,14,59072,145700.0,2.466481581798483
IntegerArrayComparison.CborDecode,1,OverheadActual,15,59072,140700.0,2.3818391115926327
IntegerArrayComparison.CborDecode,1,WorkloadActual,1,59072,200106900.0,3387.5084642470206
IntegerArrayComparison.CborDecode,1,WorkloadActual,2,59072,199034700.0,3369.357732936078
IntegerArrayComparison.CborDecode,1,WorkloadActual,3,59072,199820900.0,3382.666914951246
IntegerArrayComparison.CborDecode,1,WorkloadActual,4,59072,199796300.0,3382.250473997833
IntegerArrayComparison.CborDecode,1,WorkloadActual,5,59072,199585900.0,3378.688718851571
IntegerArrayComparison.CborDecode,1,WorkloadActual,6,59072,198988400.0,3368.573943661972
IntegerArrayComparison.CborDecode,1,WorkloadResult,1,59072,199964000.0,3385.0893824485374
IntegerArrayComparison.CborDecode,1,WorkloadResult,2,59072,198891800.0,3366.9386511375947
IntegerArrayComparison.CborDecode,1,WorkloadResult,3,59072,199678000.0,3380.2478331527627
IntegerArrayComparison.CborDecode,1,WorkloadResult,4,59072,199653400.0,3379.83139219935
IntegerArrayComparison.CborDecode,1,WorkloadResult,5,59072,199443000.0,3376.2696370530875
IntegerArrayComparison.CborDecode,1,WorkloadResult,6,59072,198845500.0,3366.154861863489
IntegerArrayComparison.CborDecode,2,OverheadActual,1,58992,141800.0,2.403715758068891
IntegerArrayComparison.CborDecode,2,OverheadActual,2,58992,142900.0,2.422362354217521
IntegerArrayComparison.CborDecode,2,OverheadActual,3,58992,142200.0,2.4104963384865745
IntegerArrayComparison.CborDecode,2,OverheadActual,4,58992,143200.0,2.4274477895307838
IntegerArrayComparison.CborDecode,2,OverheadActual,5,58992,147000.0,2.4918633034987794
IntegerArrayComparison.CborDecode,2,OverheadActual,6,58992,143900.0,2.4393138052617305
IntegerArrayComparison.CborDecode,2,OverheadActual,7,58992,140500.0,2.3816788717114186
IntegerArrayComparison.CborDecode,2,OverheadActual,8,58992,141800.0,2.403715758068891
IntegerArrayComparison.CborDecode,2,OverheadActual,9,58992,142100.0,2.4088011933821534
IntegerArrayComparison.CborDecode,2,OverheadActual,10,58992,140100.0,2.374898291293735
IntegerArrayComparison.CborDecode,2,OverheadActual,11,58992,140800.0,2.386764307024681
IntegerArrayComparison.CborDecode,2,OverheadActual,12,58992,143800.0,2.4376186601573093
IntegerArrayComparison.CborDecode,2,OverheadActual,13,58992,145800.0,2.4715215622457283
IntegerArrayComparison.CborDecode,2,OverheadActual,14,58992,146700.0,2.486777868185517
IntegerArrayComparison.CborDecode,2,OverheadActual,15,58992,142700.0,2.418972064008679
IntegerArrayComparison.CborDecode,2,WorkloadActual,1,58992,203526600.0,3450.071196094386
IntegerArrayComparison.CborDecode,2,WorkloadActual,2,58992,201692300.0,3418.9771494439924
IntegerArrayComparison.CborDecode,2,WorkloadActual,3,58992,214295000.0,3632.61120151885
IntegerArrayComparison.CborDecode,2,WorkloadActual,4,58992,208840100.0,3540.142731217792
IntegerArrayComparison.CborDecode,2,WorkloadActual,5,58992,213108500.0,3612.4983048548957
IntegerArrayComparison.CborDecode,2,WorkloadActual,6,58992,202651600.0,3435.2386764307025
IntegerArrayComparison.CborDecode,2,WorkloadResult,1,58992,203383900.0,3447.652224030377
IntegerArrayComparison.CborDecode,2,WorkloadResult,2,58992,201549600.0,3416.5581773799836
IntegerArrayComparison.CborDecode,2,WorkloadResult,3,58992,214152300.0,3630.1922294548413
IntegerArrayComparison.CborDecode,2,WorkloadResult,4,58992,208697400.0,3537.7237591537837
IntegerArrayComparison.CborDecode,2,WorkloadResult,5,58992,212965800.0,3610.079332790887
IntegerArrayComparison.CborDecode,2,WorkloadResult,6,58992,202508900.0,3432.8197043666937
IntegerArrayComparison.MessagePackV4Decode,1,OverheadActual,1,72320,177300.0,2.451603982300885
IntegerArrayComparison.MessagePackV4Decode,1,OverheadActual,2,72320,175300.0,2.423949115044248
IntegerArrayComparison.MessagePackV4Decode,1,OverheadActual,3,72320,173700.0,2.401825221238938
IntegerArrayComparison.MessagePackV4Decode,1,OverheadActual,4,72320,169700.0,2.346515486725664
IntegerArrayComparison.MessagePackV4Decode,1,OverheadActual,5,72320,180300.0,2.493086283185841
IntegerArrayComparison.MessagePackV4Decode,1,OverheadActual,6,72320,180700.0,2.4986172566371683
IntegerArrayComparison.MessagePackV4Decode,1,OverheadActual,7,72320,182300.0,2.5207411504424777
IntegerArrayComparison.MessagePackV4Decode,1,OverheadActual,8,72320,170500.0,2.3575774336283186
IntegerArrayComparison.MessagePackV4Decode,1,OverheadActual,9,72320,179100.0,2.4764933628318584
IntegerArrayComparison.MessagePackV4Decode,1,OverheadActual,10,72320,174600.0,2.414269911504425
IntegerArrayComparison.MessagePackV4Decode,1,OverheadActual,11,72320,176900.0,2.4460730088495577
IntegerArrayComparison.MessagePackV4Decode,1,OverheadActual,12,72320,170200.0,2.353429203539823
IntegerArrayComparison.MessagePackV4Decode,1,OverheadActual,13,72320,177400.0,2.452986725663717
IntegerArrayComparison.MessagePackV4Decode,1,OverheadActual,14,72320,170400.0,2.356194690265487
IntegerArrayComparison.MessagePackV4Decode,1,OverheadActual,15,72320,174500.0,2.412887168141593
IntegerArrayComparison.MessagePackV4Decode,1,WorkloadActual,1,72320,199930000.0,2764.5188053097345
IntegerArrayComparison.MessagePackV4Decode,1,WorkloadActual,2,72320,199319700.0,2756.079922566372
IntegerArrayComparison.MessagePackV4Decode,1,WorkloadActual,3,72320,199052500.0,2752.385232300885
IntegerArrayComparison.MessagePackV4Decode,1,WorkloadActual,4,72320,199073900.0,2752.681139380531
IntegerArrayComparison.MessagePackV4Decode,1,WorkloadActual,5,72320,199120600.0,2753.3268805309735
IntegerArrayComparison.MessagePackV4Decode,1,WorkloadActual,6,72320,199094500.0,2752.965984513274
IntegerArrayComparison.MessagePackV4Decode,1,WorkloadResult,1,72320,199144400.0,2753.6559734513276
IntegerArrayComparison.MessagePackV4Decode,1,WorkloadResult,2,72320,198877200.0,2749.961283185841
IntegerArrayComparison.MessagePackV4Decode,1,WorkloadResult,3,72320,198898600.0,2750.2571902654868
IntegerArrayComparison.MessagePackV4Decode,1,WorkloadResult,4,72320,198945300.0,2750.9029314159293
IntegerArrayComparison.MessagePackV4Decode,1,WorkloadResult,5,72320,198919200.0,2750.54203539823
IntegerArrayComparison.MessagePackV4Decode,2,OverheadActual,1,72912,174900.0,2.3987820934825543
IntegerArrayComparison.MessagePackV4Decode,2,OverheadActual,2,72912,178400.0,2.446785165679175
IntegerArrayComparison.MessagePackV4Decode,2,OverheadActual,3,72912,173800.0,2.3836954136493307
IntegerArrayComparison.MessagePackV4Decode,2,OverheadActual,4,72912,182500.0,2.5030173359666446
IntegerArrayComparison.MessagePackV4Decode,2,OverheadActual,5,72912,176200.0,2.4166118060127277
IntegerArrayComparison.MessagePackV4Decode,2,OverheadActual,6,72912,173800.0,2.3836954136493307
IntegerArrayComparison.MessagePackV4Decode,2,OverheadActual,7,72912,173000.0,2.3727232828615317
IntegerArrayComparison.MessagePackV4Decode,2,OverheadActual,8,72912,175100.0,2.401525126179504
IntegerArrayComparison.MessagePackV4Decode,2,OverheadActual,9,72912,178400.0,2.446785165679175
IntegerArrayComparison.MessagePackV4Decode,2,OverheadActual,10,72912,175200.0,2.402896642527979
IntegerArrayComparison.MessagePackV4Decode,2,OverheadActual,11,72912,172800.0,2.369980250164582
IntegerArrayComparison.MessagePackV4Decode,2,OverheadActual,12,72912,176800.0,2.424840904103577
IntegerArrayComparison.MessagePackV4Decode,2,OverheadActual,13,72912,173400.0,2.378209348255431
IntegerArrayComparison.MessagePackV4Decode,2,OverheadActual,14,72912,171600.0,2.3535220539828834
IntegerArrayComparison.MessagePackV4Decode,2,OverheadActual,15,72912,176100.0,2.415240289664253
IntegerArrayComparison.MessagePackV4Decode,2,WorkloadActual,1,72912,198733100.0,2725.6569563309195
IntegerArrayComparison.MessagePackV4Decode,2,WorkloadActual,2,72912,197642400.0,2710.697827518104
IntegerArrayComparison.MessagePackV4Decode,2,WorkloadActual,3,72912,198061600.0,2716.447224050911
IntegerArrayComparison.MessagePackV4Decode,2,WorkloadActual,4,72912,199104000.0,2730.7439104674127
IntegerArrayComparison.MessagePackV4Decode,2,WorkloadActual,5,72912,197378600.0,2707.0797673908273
IntegerArrayComparison.MessagePackV4Decode,2,WorkloadActual,6,72912,202700700.0,2780.0732389730088
IntegerArrayComparison.MessagePackV4Decode,2,WorkloadResult,1,72912,198558000.0,2723.25543120474
IntegerArrayComparison.MessagePackV4Decode,2,WorkloadResult,2,72912,197467300.0,2708.2963023919247
IntegerArrayComparison.MessagePackV4Decode,2,WorkloadResult,3,72912,197886500.0,2714.0456989247314
IntegerArrayComparison.MessagePackV4Decode,2,WorkloadResult,4,72912,198928900.0,2728.3423853412332
IntegerArrayComparison.MessagePackV4Decode,2,WorkloadResult,5,72912,197203500.0,2704.678242264648
IntegerArrayComparison.REDoxDecode,1,OverheadActual,1,30960,75800.0,2.4483204134366927
IntegerArrayComparison.REDoxDecode,1,OverheadActual,2,30960,75300.0,2.432170542635659
IntegerArrayComparison.REDoxDecode,1,OverheadActual,3,30960,74700.0,2.4127906976744184
IntegerArrayComparison.REDoxDecode,1,OverheadActual,4,30960,75200.0,2.4289405684754524
IntegerArrayComparison.REDoxDecode,1,OverheadActual,5,30960,75400.0,2.4354005167958657
IntegerArrayComparison.REDoxDecode,1,OverheadActual,6,30960,79500.0,2.567829457364341
IntegerArrayComparison.REDoxDecode,1,OverheadActual,7,30960,74500.0,2.406330749354005
IntegerArrayComparison.REDoxDecode,1,OverheadActual,8,30960,75200.0,2.4289405684754524
IntegerArrayComparison.REDoxDecode,1,OverheadActual,9,30960,80600.0,2.603359173126615
IntegerArrayComparison.REDoxDecode,1,OverheadActual,10,30960,77100.0,2.49031007751938
IntegerArrayComparison.REDoxDecode,1,OverheadActual,11,30960,72700.0,2.348191214470284
IntegerArrayComparison.REDoxDecode,1,OverheadActual,12,30960,72700.0,2.348191214470284
IntegerArrayComparison.REDoxDecode,1,OverheadActual,13,30960,77900.0,2.5161498708010335
IntegerArrayComparison.REDoxDecode,1,OverheadActual,14,30960,74500.0,2.406330749354005
IntegerArrayComparison.REDoxDecode,1,OverheadActual,15,30960,76100.0,2.458010335917313
IntegerArrayComparison.REDoxDecode,1,WorkloadActual,1,30960,206392400.0,6666.421188630491
IntegerArrayComparison.REDoxDecode,1,WorkloadActual,2,30960,200778900.0,6485.106589147287
IntegerArrayComparison.REDoxDecode,1,WorkloadActual,3,30960,199933000.0,6457.784237726099
IntegerArrayComparison.REDoxDecode,1,WorkloadActual,4,30960,200145200.0,6464.638242894057
IntegerArrayComparison.REDoxDecode,1,WorkloadActual,5,30960,199993400.0,6459.735142118863
IntegerArrayComparison.REDoxDecode,1,WorkloadActual,6,30960,199444100.0,6441.992894056848
IntegerArrayComparison.REDoxDecode,1,WorkloadResult,1,30960,200703600.0,6482.674418604651
IntegerArrayComparison.REDoxDecode,1,WorkloadResult,2,30960,199857700.0,6455.352067183462
IntegerArrayComparison.REDoxDecode,1,WorkloadResult,3,30960,200069900.0,6462.206072351421
IntegerArrayComparison.REDoxDecode,1,WorkloadResult,4,30960,199918100.0,6457.302971576228
IntegerArrayComparison.REDoxDecode,1,WorkloadResult,5,30960,199368800.0,6439.5607235142115
IntegerArrayComparison.REDoxDecode,2,OverheadActual,1,30768,77100.0,2.5058502340093605
IntegerArrayComparison.REDoxDecode,2,OverheadActual,2,30768,73700.0,2.395345813832553
IntegerArrayComparison.REDoxDecode,2,OverheadActual,3,30768,74900.0,2.4343473738949557
IntegerArrayComparison.REDoxDecode,2,OverheadActual,4,30768,73100.0,2.375845033801352
IntegerArrayComparison.REDoxDecode,2,OverheadActual,5,30768,77600.0,2.5221008840353614
IntegerArrayComparison.REDoxDecode,2,OverheadActual,6,30768,76800.0,2.49609984399376
IntegerArrayComparison.REDoxDecode,2,OverheadActual,7,30768,78400.0,2.548101924076963
IntegerArrayComparison.REDoxDecode,2,OverheadActual,8,30768,74500.0,2.421346853874155
IntegerArrayComparison.REDoxDecode,2,OverheadActual,9,30768,74000.0,2.405096203848154
IntegerArrayComparison.REDoxDecode,2,OverheadActual,10,30768,85200.0,2.769110764430577
IntegerArrayComparison.REDoxDecode,2,OverheadActual,11,30768,75500.0,2.453848153926157
IntegerArrayComparison.REDoxDecode,2,OverheadActual,12,30768,78500.0,2.5513520540821633
IntegerArrayComparison.REDoxDecode,2,OverheadActual,13,30768,74900.0,2.4343473738949557
IntegerArrayComparison.REDoxDecode,2,OverheadActual,14,30768,81700.0,2.65535621424857
IntegerArrayComparison.REDoxDecode,2,OverheadActual,15,30768,74300.0,2.4148465938637544
IntegerArrayComparison.REDoxDecode,2,WorkloadActual,1,30768,202748100.0,6589.576833073323
IntegerArrayComparison.REDoxDecode,2,WorkloadActual,2,30768,201211800.0,6539.645085803432
IntegerArrayComparison.REDoxDecode,2,WorkloadActual,3,30768,202920300.0,6595.173556942278
IntegerArrayComparison.REDoxDecode,2,WorkloadActual,4,30768,201544400.0,6550.455018200728
IntegerArrayComparison.REDoxDecode,2,WorkloadActual,5,30768,200695900.0,6522.877665106605
IntegerArrayComparison.REDoxDecode,2,WorkloadActual,6,30768,200953500.0,6531.25
IntegerArrayComparison.REDoxDecode,2,WorkloadResult,1,30768,202672600.0,6587.122984919397
IntegerArrayComparison.REDoxDecode,2,WorkloadResult,2,30768,201136300.0,6537.191237649506
IntegerArrayComparison.REDoxDecode,2,WorkloadResult,3,30768,202844800.0,6592.719708788351
IntegerArrayComparison.REDoxDecode,2,WorkloadResult,4,30768,201468900.0,6548.001170046802
IntegerArrayComparison.REDoxDecode,2,WorkloadResult,5,30768,200620400.0,6520.423816952678
IntegerArrayComparison.REDoxDecode,2,WorkloadResult,6,30768,200878000.0,6528.796151846074
IntegerArrayComparison.SystemFormatsDecode,1,OverheadActual,1,24752,59900.0,2.420006464124111
IntegerArrayComparison.SystemFormatsDecode,1,OverheadActual,2,24752,58100.0,2.3472850678733033
IntegerArrayComparison.SystemFormatsDecode,1,OverheadActual,3,24752,60200.0,2.432126696832579
IntegerArrayComparison.SystemFormatsDecode,1,OverheadActual,4,24752,62600.0,2.529088558500323
IntegerArrayComparison.SystemFormatsDecode,1,OverheadActual,5,24752,60100.0,2.4280866192630897
IntegerArrayComparison.SystemFormatsDecode,1,OverheadActual,6,24752,60500.0,2.4442469295410474
IntegerArrayComparison.SystemFormatsDecode,1,OverheadActual,7,24752,58800.0,2.3755656108597285
IntegerArrayComparison.SystemFormatsDecode,1,OverheadActual,8,24752,63900.0,2.5816095669036847
IntegerArrayComparison.SystemFormatsDecode,1,OverheadActual,9,24752,60200.0,2.432126696832579
IntegerArrayComparison.SystemFormatsDecode,1,OverheadActual,10,24752,59400.0,2.3998060762766644
IntegerArrayComparison.SystemFormatsDecode,1,OverheadActual,11,24752,63700.0,2.573529411764706
IntegerArrayComparison.SystemFormatsDecode,1,OverheadActual,12,24752,64300.0,2.597769877181642
IntegerArrayComparison.SystemFormatsDecode,1,OverheadActual,13,24752,60600.0,2.4482870071105367
IntegerArrayComparison.SystemFormatsDecode,1,OverheadActual,14,24752,58400.0,2.3594053005817712
IntegerArrayComparison.SystemFormatsDecode,1,OverheadActual,15,24752,61800.0,2.4967679379444085
IntegerArrayComparison.SystemFormatsDecode,1,WorkloadActual,1,24752,198213900.0,8007.9953135100195
IntegerArrayComparison.SystemFormatsDecode,1,WorkloadActual,2,24752,197660800.0,7985.649644473174
IntegerArrayComparison.SystemFormatsDecode,1,WorkloadActual,3,24752,200221600.0,8089.107950872657
IntegerArrayComparison.SystemFormatsDecode,1,WorkloadActual,4,24752,196328100.0,7931.807530704589
IntegerArrayComparison.SystemFormatsDecode,1,WorkloadActual,5,24752,196336500.0,7932.146897220427
IntegerArrayComparison.SystemFormatsDecode,1,WorkloadActual,6,24752,196542100.0,7940.4532967032965
IntegerArrayComparison.SystemFormatsDecode,1,WorkloadResult,1,24752,198153700.0,8005.563186813187
IntegerArrayComparison.SystemFormatsDecode,1,WorkloadResult,2,24752,197600600.0,7983.217517776341
IntegerArrayComparison.SystemFormatsDecode,1,WorkloadResult,3,24752,200161400.0,8086.675824175824
IntegerArrayComparison.SystemFormatsDecode,1,WorkloadResult,4,24752,196267900.0,7929.3754040077565
IntegerArrayComparison.SystemFormatsDecode,1,WorkloadResult,5,24752,196276300.0,7929.714770523594
IntegerArrayComparison.SystemFormatsDecode,1,WorkloadResult,6,24752,196481900.0,7938.021170006464
IntegerArrayComparison.SystemFormatsDecode,2,OverheadActual,1,25104,61500.0,2.44980879541109
IntegerArrayComparison.SystemFormatsDecode,2,OverheadActual,2,25104,59900.0,2.3860739324410454
IntegerArrayComparison.SystemFormatsDecode,2,OverheadActual,3,25104,61600.0,2.4537922243467176
IntegerArrayComparison.SystemFormatsDecode,2,OverheadActual,4,25104,60600.0,2.4139579349904396
IntegerArrayComparison.SystemFormatsDecode,2,OverheadActual,5,25104,61500.0,2.44980879541109
IntegerArrayComparison.SystemFormatsDecode,2,OverheadActual,6,25104,64500.0,2.5693116634799233
IntegerArrayComparison.SystemFormatsDecode,2,OverheadActual,7,25104,60700.0,2.4179413639260674
IntegerArrayComparison.SystemFormatsDecode,2,OverheadActual,8,25104,59600.0,2.3741236456341617
IntegerArrayComparison.SystemFormatsDecode,2,OverheadActual,9,25104,60100.0,2.394040790312301
IntegerArrayComparison.SystemFormatsDecode,2,OverheadActual,10,25104,60300.0,2.4020076481835564
IntegerArrayComparison.SystemFormatsDecode,2,OverheadActual,11,25104,65100.0,2.5932122370936903
IntegerArrayComparison.SystemFormatsDecode,2,OverheadActual,12,25104,59700.0,2.37810707456979
IntegerArrayComparison.SystemFormatsDecode,2,OverheadActual,13,25104,60600.0,2.4139579349904396
IntegerArrayComparison.SystemFormatsDecode,2,OverheadActual,14,25104,62000.0,2.4697259400892286
IntegerArrayComparison.SystemFormatsDecode,2,OverheadActual,15,25104,59900.0,2.3860739324410454
IntegerArrayComparison.SystemFormatsDecode,2,WorkloadActual,1,25104,201014100.0,8007.253824091778
IntegerArrayComparison.SystemFormatsDecode,2,WorkloadActual,2,25104,199427300.0,7944.044773741237
IntegerArrayComparison.SystemFormatsDecode,2,WorkloadActual,3,25104,199532300.0,7948.227374123646
IntegerArrayComparison.SystemFormatsDecode,2,WorkloadActual,4,25104,199687300.0,7954.401688973869
IntegerArrayComparison.SystemFormatsDecode,2,WorkloadActual,5,25104,199102400.0,7931.102613129382
IntegerArrayComparison.SystemFormatsDecode,2,WorkloadActual,6,25104,200408800.0,7983.142128744424
IntegerArrayComparison.SystemFormatsDecode,2,WorkloadResult,1,25104,200953500.0,8004.839866156788
IntegerArrayComparison.SystemFormatsDecode,2,WorkloadResult,2,25104,199366700.0,7941.630815806246
IntegerArrayComparison.SystemFormatsDecode,2,WorkloadResult,3,25104,199471700.0,7945.8134161886555
IntegerArrayComparison.SystemFormatsDecode,2,WorkloadResult,4,25104,199626700.0,7951.987731038878
IntegerArrayComparison.SystemFormatsDecode,2,WorkloadResult,5,25104,199041800.0,7928.688655194392
IntegerArrayComparison.SystemFormatsDecode,2,WorkloadResult,6,25104,200348200.0,7980.728170809432
IntegerArrayComparison.PeterODecode,1,OverheadActual,1,6320,15700.0,2.4841772151898733
IntegerArrayComparison.PeterODecode,1,OverheadActual,2,6320,23700.0,3.75
IntegerArrayComparison.PeterODecode,1,OverheadActual,3,6320,15400.0,2.4367088607594938
IntegerArrayComparison.PeterODecode,1,OverheadActual,4,6320,15500.0,2.4525316455696204
IntegerArrayComparison.PeterODecode,1,OverheadActual,5,6320,16100.0,2.5474683544303796
IntegerArrayComparison.PeterODecode,1,OverheadActual,6,6320,19400.0,3.069620253164557
IntegerArrayComparison.PeterODecode,1,OverheadActual,7,6320,15500.0,2.4525316455696204
IntegerArrayComparison.PeterODecode,1,OverheadActual,8,6320,15500.0,2.4525316455696204
IntegerArrayComparison.PeterODecode,1,OverheadActual,9,6320,15400.0,2.4367088607594938
IntegerArrayComparison.PeterODecode,1,OverheadActual,10,6320,15200.0,2.4050632911392404
IntegerArrayComparison.PeterODecode,1,OverheadActual,11,6320,16100.0,2.5474683544303796
IntegerArrayComparison.PeterODecode,1,OverheadActual,12,6320,15300.0,2.420886075949367
IntegerArrayComparison.PeterODecode,1,OverheadActual,13,6320,15300.0,2.420886075949367
IntegerArrayComparison.PeterODecode,1,OverheadActual,14,6320,15700.0,2.4841772151898733
IntegerArrayComparison.PeterODecode,1,OverheadActual,15,6320,16600.0,2.6265822784810124
IntegerArrayComparison.PeterODecode,1,WorkloadActual,1,6320,203944400.0,32269.683544303796
IntegerArrayComparison.PeterODecode,1,WorkloadActual,2,6320,206762000.0,32715.506329113923
IntegerArrayComparison.PeterODecode,1,WorkloadActual,3,6320,200383900.0,31706.313291139242
IntegerArrayComparison.PeterODecode,1,WorkloadActual,4,6320,201677200.0,31910.949367088608
IntegerArrayComparison.PeterODecode,1,WorkloadActual,5,6320,199619900.0,31585.427215189873
IntegerArrayComparison.PeterODecode,1,WorkloadActual,6,6320,201157500.0,31828.71835443038
IntegerArrayComparison.PeterODecode,1,WorkloadResult,1,6320,203928900.0,32267.231012658227
IntegerArrayComparison.PeterODecode,1,WorkloadResult,2,6320,206746500.0,32713.053797468354
IntegerArrayComparison.PeterODecode,1,WorkloadResult,3,6320,200368400.0,31703.86075949367
IntegerArrayComparison.PeterODecode,1,WorkloadResult,4,6320,201661700.0,31908.49683544304
IntegerArrayComparison.PeterODecode,1,WorkloadResult,5,6320,199604400.0,31582.974683544304
IntegerArrayComparison.PeterODecode,1,WorkloadResult,6,6320,201142000.0,31826.26582278481
IntegerArrayComparison.PeterODecode,2,OverheadActual,1,6272,15500.0,2.471301020408163
IntegerArrayComparison.PeterODecode,2,OverheadActual,2,6272,16300.0,2.5988520408163267
IntegerArrayComparison.PeterODecode,2,OverheadActual,3,6272,15500.0,2.471301020408163
IntegerArrayComparison.PeterODecode,2,OverheadActual,4,6272,15200.0,2.423469387755102
IntegerArrayComparison.PeterODecode,2,OverheadActual,5,6272,15500.0,2.471301020408163
IntegerArrayComparison.PeterODecode,2,OverheadActual,6,6272,15200.0,2.423469387755102
IntegerArrayComparison.PeterODecode,2,OverheadActual,7,6272,15000.0,2.391581632653061
IntegerArrayComparison.PeterODecode,2,OverheadActual,8,6272,15500.0,2.471301020408163
IntegerArrayComparison.PeterODecode,2,OverheadActual,9,6272,15800.0,2.5191326530612246
IntegerArrayComparison.PeterODecode,2,OverheadActual,10,6272,15200.0,2.423469387755102
IntegerArrayComparison.PeterODecode,2,OverheadActual,11,6272,15300.0,2.4394132653061225
IntegerArrayComparison.PeterODecode,2,OverheadActual,12,6272,15600.0,2.4872448979591835
IntegerArrayComparison.PeterODecode,2,OverheadActual,13,6272,15200.0,2.423469387755102
IntegerArrayComparison.PeterODecode,2,OverheadActual,14,6272,16600.0,2.6466836734693877
IntegerArrayComparison.PeterODecode,2,OverheadActual,15,6272,15700.0,2.5031887755102042
IntegerArrayComparison.PeterODecode,2,WorkloadActual,1,6272,202335300.0,32260.092474489797
IntegerArrayComparison.PeterODecode,2,WorkloadActual,2,6272,202855700.0,32343.064413265307
IntegerArrayComparison.PeterODecode,2,WorkloadActual,3,6272,201082200.0,32060.29974489796
IntegerArrayComparison.PeterODecode,2,WorkloadActual,4,6272,200531100.0,31972.433035714286
IntegerArrayComparison.PeterODecode,2,WorkloadActual,5,6272,200626000.0,31987.563775510203
IntegerArrayComparison.PeterODecode,2,WorkloadActual,6,6272,200880400.0,32028.125
IntegerArrayComparison.PeterODecode,2,WorkloadResult,1,6272,202319800.0,32257.621173469386
IntegerArrayComparison.PeterODecode,2,WorkloadResult,2,6272,202840200.0,32340.593112244896
IntegerArrayComparison.PeterODecode,2,WorkloadResult,3,6272,201066700.0,32057.82844387755
IntegerArrayComparison.PeterODecode,2,WorkloadResult,4,6272,200515600.0,31969.961734693876
IntegerArrayComparison.PeterODecode,2,WorkloadResult,5,6272,200610500.0,31985.092474489797
IntegerArrayComparison.PeterODecode,2,WorkloadResult,6,6272,200864900.0,32025.653698979593
IntegerArrayComparison.CborEncode,1,OverheadActual,1,101744,286000.0,2.8109765686428685
IntegerArrayComparison.CborEncode,1,OverheadActual,2,101744,251100.0,2.467958798553232
IntegerArrayComparison.CborEncode,1,OverheadActual,3,101744,239200.0,2.350998584683126
IntegerArrayComparison.CborEncode,1,OverheadActual,4,101744,238500.0,2.344118572102532
IntegerArrayComparison.CborEncode,1,OverheadActual,5,101744,241000.0,2.3686900456046547
IntegerArrayComparison.CborEncode,1,OverheadActual,6,101744,235000.0,2.3097185091995596
IntegerArrayComparison.CborEncode,1,OverheadActual,7,101744,246300.0,2.4207815694291557
IntegerArrayComparison.CborEncode,1,OverheadActual,8,101744,237600.0,2.3352728416417676
IntegerArrayComparison.CborEncode,1,OverheadActual,9,101744,256800.0,2.523981758138072
IntegerArrayComparison.CborEncode,1,OverheadActual,10,101744,242900.0,2.387364365466268
IntegerArrayComparison.CborEncode,1,OverheadActual,11,101744,243300.0,2.391295801226608
IntegerArrayComparison.CborEncode,1,OverheadActual,12,101744,252900.0,2.48565025947476
IntegerArrayComparison.CborEncode,1,OverheadActual,13,101744,237000.0,2.329375688001258
IntegerArrayComparison.CborEncode,1,OverheadActual,14,101744,260100.0,2.5564161031608745
IntegerArrayComparison.CborEncode,1,OverheadActual,15,101744,245500.0,2.4129186979084762
IntegerArrayComparison.CborEncode,1,WorkloadActual,1,101744,200329800.0,1968.959348954238
IntegerArrayComparison.CborEncode,1,WorkloadActual,2,101744,205087600.0,2015.7218116055983
IntegerArrayComparison.CborEncode,1,WorkloadActual,3,101744,198838800.0,1954.304922157572
IntegerArrayComparison.CborEncode,1,WorkloadActual,4,101744,202175400.0,1987.0989935524453
IntegerArrayComparison.CborEncode,1,WorkloadActual,5,101744,200613800.0,1971.7506683440793
IntegerArrayComparison.CborEncode,1,WorkloadActual,6,101744,199767200.0,1963.4297845573203
IntegerArrayComparison.CborEncode,1,WorkloadResult,1,101744,200086500.0,1966.5680531530115
IntegerArrayComparison.CborEncode,1,WorkloadResult,2,101744,198595500.0,1951.9136263563453
IntegerArrayComparison.CborEncode,1,WorkloadResult,3,101744,201932100.0,1984.7076977512188
IntegerArrayComparison.CborEncode,1,WorkloadResult,4,101744,200370500.0,1969.3593725428527
IntegerArrayComparison.CborEncode,1,WorkloadResult,5,101744,199523900.0,1961.0384887560938
IntegerArrayComparison.CborEncode,2,OverheadActual,1,101568,239300.0,2.3560570258349087
IntegerArrayComparison.CborEncode,2,OverheadActual,2,101568,246100.0,2.4230072463768115
IntegerArrayComparison.CborEncode,2,OverheadActual,3,101568,247100.0,2.4328528670447387
IntegerArrayComparison.CborEncode,2,OverheadActual,4,101568,242300.0,2.3855938878386893
IntegerArrayComparison.CborEncode,2,OverheadActual,5,101568,241900.0,2.3816556395715187
IntegerArrayComparison.CborEncode,2,OverheadActual,6,101568,243600.0,2.3983931947069945
IntegerArrayComparison.CborEncode,2,OverheadActual,7,101568,242400.0,2.386578449905482
IntegerArrayComparison.CborEncode,2,OverheadActual,8,101568,247500.0,2.4367911153119093
IntegerArrayComparison.CborEncode,2,OverheadActual,9,101568,245800.0,2.4200535601764335
IntegerArrayComparison.CborEncode,2,OverheadActual,10,101568,243900.0,2.4013468809073726
IntegerArrayComparison.CborEncode,2,OverheadActual,11,101568,239700.0,2.3599952741020793
IntegerArrayComparison.CborEncode,2,OverheadActual,12,101568,318100.0,3.1318919344675487
IntegerArrayComparison.CborEncode,2,OverheadActual,13,101568,248800.0,2.449590422180214
IntegerArrayComparison.CborEncode,2,OverheadActual,14,101568,243600.0,2.3983931947069945
IntegerArrayComparison.CborEncode,2,OverheadActual,15,101568,244400.0,2.4062696912413357
IntegerArrayComparison.CborEncode,2,WorkloadActual,1,101568,202695500.0,1995.6630040957782
IntegerArrayComparison.CborEncode,2,WorkloadActual,2,101568,203464300.0,2003.2323172652805
IntegerArrayComparison.CborEncode,2,WorkloadActual,3,101568,199608700.0,1965.2715422180215
IntegerArrayComparison.CborEncode,2,WorkloadActual,4,101568,203253400.0,2001.1558758664146
IntegerArrayComparison.CborEncode,2,WorkloadActual,5,101568,199260000.0,1961.8383742911153
IntegerArrayComparison.CborEncode,2,WorkloadActual,6,101568,196992400.0,1939.5124448645242
IntegerArrayComparison.CborEncode,2,WorkloadResult,1,101568,202451600.0,1993.2616572148709
IntegerArrayComparison.CborEncode,2,WorkloadResult,2,101568,203220400.0,2000.8309703843731
IntegerArrayComparison.CborEncode,2,WorkloadResult,3,101568,199364800.0,1962.870195337114
IntegerArrayComparison.CborEncode,2,WorkloadResult,4,101568,203009500.0,1998.7545289855072
IntegerArrayComparison.CborEncode,2,WorkloadResult,5,101568,199016100.0,1959.437027410208
IntegerArrayComparison.CborEncode,2,WorkloadResult,6,101568,196748500.0,1937.111097983617
IntegerArrayComparison.MessagePackV4Encode,1,OverheadActual,1,157136,369900.0,2.3540118114244986
IntegerArrayComparison.MessagePackV4Encode,1,OverheadActual,2,157136,371900.0,2.3667396395479074
IntegerArrayComparison.MessagePackV4Encode,1,OverheadActual,3,157136,380800.0,2.4233784746970777
IntegerArrayComparison.MessagePackV4Encode,1,OverheadActual,4,157136,379100.0,2.41255982079218
IntegerArrayComparison.MessagePackV4Encode,1,OverheadActual,5,157136,380300.0,2.4201965176662252
IntegerArrayComparison.MessagePackV4Encode,1,OverheadActual,6,157136,379300.0,2.413832603604521
IntegerArrayComparison.MessagePackV4Encode,1,OverheadActual,7,157136,374700.0,2.3845585989206803
IntegerArrayComparison.MessagePackV4Encode,1,OverheadActual,8,157136,366800.0,2.3342836778332146
IntegerArrayComparison.MessagePackV4Encode,1,OverheadActual,9,157136,378000.0,2.4055595153243052
IntegerArrayComparison.MessagePackV4Encode,1,OverheadActual,10,157136,383400.0,2.4399246512575092
IntegerArrayComparison.MessagePackV4Encode,1,OverheadActual,11,157136,371700.0,2.3654668567355666
IntegerArrayComparison.MessagePackV4Encode,1,OverheadActual,12,157136,388500.0,2.4723806129722026
IntegerArrayComparison.MessagePackV4Encode,1,OverheadActual,13,157136,417400.0,2.6562977293554626
IntegerArrayComparison.MessagePackV4Encode,1,OverheadActual,14,157136,383800.0,2.442470216882191
IntegerArrayComparison.MessagePackV4Encode,1,OverheadActual,15,157136,376900.0,2.39855920985643
IntegerArrayComparison.MessagePackV4Encode,1,WorkloadActual,1,157136,202607000.0,1289.3735362997659
IntegerArrayComparison.MessagePackV4Encode,1,WorkloadActual,2,157136,204347700.0,1300.451201506975
IntegerArrayComparison.MessagePackV4Encode,1,WorkloadActual,3,157136,198130500.0,1260.8854750025455
IntegerArrayComparison.MessagePackV4Encode,1,WorkloadActual,4,157136,199649200.0,1270.5503512880562
IntegerArrayComparison.MessagePackV4Encode,1,WorkloadActual,5,157136,199766800.0,1271.2987475817126
IntegerArrayComparison.MessagePackV4Encode,1,WorkloadActual,6,157136,199739900.0,1271.1275582934527
IntegerArrayComparison.MessagePackV4Encode,1,WorkloadResult,1,157136,202227900.0,1286.9609764789736
IntegerArrayComparison.MessagePackV4Encode,1,WorkloadResult,2,157136,203968600.0,1298.0386416861827
IntegerArrayComparison.MessagePackV4Encode,1,WorkloadResult,3,157136,197751400.0,1258.4729151817535
IntegerArrayComparison.MessagePackV4Encode,1,WorkloadResult,4,157136,199270100.0,1268.137791467264
IntegerArrayComparison.MessagePackV4Encode,1,WorkloadResult,5,157136,199387700.0,1268.8861877609204
IntegerArrayComparison.MessagePackV4Encode,1,WorkloadResult,6,157136,199360800.0,1268.7149984726607
IntegerArrayComparison.MessagePackV4Encode,2,OverheadActual,1,159616,384200.0,2.4070268644747395
IntegerArrayComparison.MessagePackV4Encode,2,OverheadActual,2,159616,380300.0,2.382593223736969
IntegerArrayComparison.MessagePackV4Encode,2,OverheadActual,3,159616,381600.0,2.390737770649559
IntegerArrayComparison.MessagePackV4Encode,2,OverheadActual,4,159616,382900.0,2.398882317562149
IntegerArrayComparison.MessagePackV4Encode,2,OverheadActual,5,159616,385600.0,2.4157979149959905
IntegerArrayComparison.MessagePackV4Encode,2,OverheadActual,6,159616,379900.0,2.3800872093023258
IntegerArrayComparison.MessagePackV4Encode,2,OverheadActual,7,159616,380700.0,2.385099238171612
IntegerArrayComparison.MessagePackV4Encode,2,OverheadActual,8,159616,394300.0,2.470303728949479
IntegerArrayComparison.MessagePackV4Encode,2,OverheadActual,9,159616,382800.0,2.3982558139534884
IntegerArrayComparison.MessagePackV4Encode,2,OverheadActual,10,159616,379100.0,2.3750751804330394
IntegerArrayComparison.MessagePackV4Encode,2,OverheadActual,11,159616,375600.0,2.3531475541299116
IntegerArrayComparison.MessagePackV4Encode,2,OverheadActual,12,159616,386500.0,2.4214364474739374
IntegerArrayComparison.MessagePackV4Encode,2,OverheadActual,13,159616,381000.0,2.386978748997594
IntegerArrayComparison.MessagePackV4Encode,2,OverheadActual,14,159616,378400.0,2.3706896551724137
IntegerArrayComparison.MessagePackV4Encode,2,OverheadActual,15,159616,382800.0,2.3982558139534884
IntegerArrayComparison.MessagePackV4Encode,2,WorkloadActual,1,159616,208920900.0,1308.8969777465918
IntegerArrayComparison.MessagePackV4Encode,2,WorkloadActual,2,159616,202118000.0,1266.2765637530072
IntegerArrayComparison.MessagePackV4Encode,2,WorkloadActual,3,159616,201641700.0,1263.292527064956
IntegerArrayComparison.MessagePackV4Encode,2,WorkloadActual,4,159616,202468700.0,1268.4737119085805
IntegerArrayComparison.MessagePackV4Encode,2,WorkloadActual,5,159616,200845800.0,1258.3061848436248
IntegerArrayComparison.MessagePackV4Encode,2,WorkloadActual,6,159616,208236200.0,1304.6073075380914
IntegerArrayComparison.MessagePackV4Encode,2,WorkloadResult,1,159616,208539300.0,1306.5062399759422
IntegerArrayComparison.MessagePackV4Encode,2,WorkloadResult,2,159616,201736400.0,1263.8858259823576
IntegerArrayComparison.MessagePackV4Encode,2,WorkloadResult,3,159616,201260100.0,1260.9017892943064
IntegerArrayComparison.MessagePackV4Encode,2,WorkloadResult,4,159616,202087100.0,1266.082974137931
IntegerArrayComparison.MessagePackV4Encode,2,WorkloadResult,5,159616,200464200.0,1255.9154470729752
IntegerArrayComparison.MessagePackV4Encode,2,WorkloadResult,6,159616,207854600.0,1302.2165697674418
IntegerArrayComparison.REDoxEncode,1,OverheadActual,1,86240,203300.0,2.3573747680890538
IntegerArrayComparison.REDoxEncode,1,OverheadActual,2,86240,214900.0,2.491883116883117
IntegerArrayComparison.REDoxEncode,1,OverheadActual,3,86240,205400.0,2.381725417439703
IntegerArrayComparison.REDoxEncode,1,OverheadActual,4,86240,204600.0,2.372448979591837
IntegerArrayComparison.REDoxEncode,1,OverheadActual,5,86240,209000.0,2.423469387755102
IntegerArrayComparison.REDoxEncode,1,OverheadActual,6,86240,213500.0,2.4756493506493507
IntegerArrayComparison.REDoxEncode,1,OverheadActual,7,86240,217400.0,2.5208719851576995
IntegerArrayComparison.REDoxEncode,1,OverheadActual,8,86240,208100.0,2.413033395176252
IntegerArrayComparison.REDoxEncode,1,OverheadActual,9,86240,285500.0,3.3105287569573285
IntegerArrayComparison.REDoxEncode,1,OverheadActual,10,86240,226200.0,2.62291280148423
IntegerArrayComparison.REDoxEncode,1,OverheadActual,11,86240,211200.0,2.4489795918367347
IntegerArrayComparison.REDoxEncode,1,OverheadActual,12,86240,211500.0,2.4524582560296846
IntegerArrayComparison.REDoxEncode,1,OverheadActual,13,86240,209400.0,2.4281076066790352
IntegerArrayComparison.REDoxEncode,1,OverheadActual,14,86240,216000.0,2.504638218923933
IntegerArrayComparison.REDoxEncode,1,OverheadActual,15,86240,205000.0,2.37708719851577
IntegerArrayComparison.REDoxEncode,1,WorkloadActual,1,86240,200234900.0,2321.8332560296844
IntegerArrayComparison.REDoxEncode,1,WorkloadActual,2,86240,201721600.0,2339.0723562152134
IntegerArrayComparison.REDoxEncode,1,WorkloadActual,3,86240,201707300.0,2338.906539888683
IntegerArrayComparison.REDoxEncode,1,WorkloadActual,4,86240,199213000.0,2309.9837662337663
IntegerArrayComparison.REDoxEncode,1,WorkloadActual,5,86240,201161300.0,2332.575371057514
IntegerArrayComparison.REDoxEncode,1,WorkloadActual,6,86240,200148900.0,2320.836038961039
IntegerArrayComparison.REDoxEncode,1,WorkloadResult,1,86240,200023700.0,2319.384276437848
IntegerArrayComparison.REDoxEncode,1,WorkloadResult,2,86240,201510400.0,2336.6233766233768
IntegerArrayComparison.REDoxEncode,1,WorkloadResult,3,86240,201496100.0,2336.457560296846
IntegerArrayComparison.REDoxEncode,1,WorkloadResult,4,86240,199001800.0,2307.5347866419297
IntegerArrayComparison.REDoxEncode,1,WorkloadResult,5,86240,200950100.0,2330.126391465677
IntegerArrayComparison.REDoxEncode,1,WorkloadResult,6,86240,199937700.0,2318.3870593692022
IntegerArrayComparison.REDoxEncode,2,OverheadActual,1,89824,259300.0,2.8867563234770217
IntegerArrayComparison.REDoxEncode,2,OverheadActual,2,89824,215000.0,2.393569647310296
IntegerArrayComparison.REDoxEncode,2,OverheadActual,3,89824,224600.0,2.5004453152832204
IntegerArrayComparison.REDoxEncode,2,OverheadActual,4,89824,223000.0,2.4826327039544
IntegerArrayComparison.REDoxEncode,2,OverheadActual,5,89824,218200.0,2.429194869967937
IntegerArrayComparison.REDoxEncode,2,OverheadActual,6,89824,221100.0,2.461480228001425
IntegerArrayComparison.REDoxEncode,2,OverheadActual,7,89824,219900.0,2.4481207695048095
IntegerArrayComparison.REDoxEncode,2,OverheadActual,8,89824,215700.0,2.401362664766655
IntegerArrayComparison.REDoxEncode,2,OverheadActual,9,89824,215700.0,2.401362664766655
IntegerArrayComparison.REDoxEncode,2,OverheadActual,10,89824,223400.0,2.4870858567866048
IntegerArrayComparison.REDoxEncode,2,OverheadActual,11,89824,216800.0,2.413608835055219
IntegerArrayComparison.REDoxEncode,2,OverheadActual,12,89824,224600.0,2.5004453152832204
IntegerArrayComparison.REDoxEncode,2,OverheadActual,13,89824,233600.0,2.6006412540078374
IntegerArrayComparison.REDoxEncode,2,OverheadActual,14,89824,224600.0,2.5004453152832204
IntegerArrayComparison.REDoxEncode,2,OverheadActual,15,89824,233400.0,2.598414677591735
IntegerArrayComparison.REDoxEncode,2,WorkloadActual,1,89824,200297300.0,2229.886221945137
IntegerArrayComparison.REDoxEncode,2,WorkloadActual,2,89824,197814900.0,2202.249955468472
IntegerArrayComparison.REDoxEncode,2,WorkloadActual,3,89824,198407700.0,2208.8495279658
IntegerArrayComparison.REDoxEncode,2,WorkloadActual,4,89824,202545200.0,2254.9118275739224
IntegerArrayComparison.REDoxEncode,2,WorkloadActual,5,89824,204693000.0,2278.823031706448
IntegerArrayComparison.REDoxEncode,2,WorkloadActual,6,89824,202172100.0,2250.758149269683
IntegerArrayComparison.REDoxEncode,2,WorkloadResult,1,89824,200074300.0,2227.4035892411825
IntegerArrayComparison.REDoxEncode,2,WorkloadResult,2,89824,197591900.0,2199.7673227645173
IntegerArrayComparison.REDoxEncode,2,WorkloadResult,3,89824,198184700.0,2206.3668952618455
IntegerArrayComparison.REDoxEncode,2,WorkloadResult,4,89824,202322200.0,2252.429194869968
IntegerArrayComparison.REDoxEncode,2,WorkloadResult,5,89824,204470000.0,2276.3403990024935
IntegerArrayComparison.REDoxEncode,2,WorkloadResult,6,89824,201949100.0,2248.2755165657286
IntegerArrayComparison.SystemFormatsEncode,1,OverheadActual,1,41072,99200.0,2.415270744059213
IntegerArrayComparison.SystemFormatsEncode,1,OverheadActual,2,41072,96200.0,2.3422282820412934
IntegerArrayComparison.SystemFormatsEncode,1,OverheadActual,3,41072,98400.0,2.395792754187768
IntegerArrayComparison.SystemFormatsEncode,1,OverheadActual,4,41072,100300.0,2.44205298013245
IntegerArrayComparison.SystemFormatsEncode,1,OverheadActual,5,41072,96900.0,2.359271523178808
IntegerArrayComparison.SystemFormatsEncode,1,OverheadActual,6,41072,97500.0,2.373880015582392
IntegerArrayComparison.SystemFormatsEncode,1,OverheadActual,7,41072,95800.0,2.3324892871055707
IntegerArrayComparison.SystemFormatsEncode,1,OverheadActual,8,41072,95700.0,2.3300545383716402
IntegerArrayComparison.SystemFormatsEncode,1,OverheadActual,9,41072,98400.0,2.395792754187768
IntegerArrayComparison.SystemFormatsEncode,1,OverheadActual,10,41072,105000.0,2.556486170627191
IntegerArrayComparison.SystemFormatsEncode,1,OverheadActual,11,41072,103700.0,2.524834437086093
IntegerArrayComparison.SystemFormatsEncode,1,OverheadActual,12,41072,104500.0,2.544312426957538
IntegerArrayComparison.SystemFormatsEncode,1,OverheadActual,13,41072,104100.0,2.534573432021815
IntegerArrayComparison.SystemFormatsEncode,1,OverheadActual,14,41072,100100.0,2.437183482664589
IntegerArrayComparison.SystemFormatsEncode,1,OverheadActual,15,41072,106000.0,2.580833657966498
IntegerArrayComparison.SystemFormatsEncode,1,WorkloadActual,1,41072,201335200.0,4902.006232956759
IntegerArrayComparison.SystemFormatsEncode,1,WorkloadActual,2,41072,202427800.0,4928.608297623685
IntegerArrayComparison.SystemFormatsEncode,1,WorkloadActual,3,41072,207133300.0,5043.175399298792
IntegerArrayComparison.SystemFormatsEncode,1,WorkloadActual,4,41072,203849400.0,4963.220685625243
IntegerArrayComparison.SystemFormatsEncode,1,WorkloadActual,5,41072,201346400.0,4902.278924814959
IntegerArrayComparison.SystemFormatsEncode,1,WorkloadActual,6,41072,199127300.0,4848.249415660304
IntegerArrayComparison.SystemFormatsEncode,1,WorkloadResult,1,41072,201236000.0,4899.590962212699
IntegerArrayComparison.SystemFormatsEncode,1,WorkloadResult,2,41072,202328600.0,4926.193026879626
IntegerArrayComparison.SystemFormatsEncode,1,WorkloadResult,3,41072,203750200.0,4960.805414881184
IntegerArrayComparison.SystemFormatsEncode,1,WorkloadResult,4,41072,201247200.0,4899.863654070899
IntegerArrayComparison.SystemFormatsEncode,1,WorkloadResult,5,41072,199028100.0,4845.834144916244
IntegerArrayComparison.SystemFormatsEncode,2,OverheadActual,1,41376,99600.0,2.4071925754060324
IntegerArrayComparison.SystemFormatsEncode,2,OverheadActual,2,41376,100400.0,2.426527455529776
IntegerArrayComparison.SystemFormatsEncode,2,OverheadActual,3,41376,101200.0,2.4458623356535187
IntegerArrayComparison.SystemFormatsEncode,2,OverheadActual,4,41376,106900.0,2.5836233565351896
IntegerArrayComparison.SystemFormatsEncode,2,OverheadActual,5,41376,102100.0,2.46761407579273
IntegerArrayComparison.SystemFormatsEncode,2,OverheadActual,6,41376,101300.0,2.4482791956689867
IntegerArrayComparison.SystemFormatsEncode,2,OverheadActual,7,41376,98800.0,2.3878576952822894
IntegerArrayComparison.SystemFormatsEncode,2,OverheadActual,8,41376,98900.0,2.3902745552977573
IntegerArrayComparison.SystemFormatsEncode,2,OverheadActual,9,41376,104900.0,2.5352861562258315
IntegerArrayComparison.SystemFormatsEncode,2,OverheadActual,10,41376,102700.0,2.4821152358855376
IntegerArrayComparison.SystemFormatsEncode,2,OverheadActual,11,41376,102500.0,2.4772815158546018
IntegerArrayComparison.SystemFormatsEncode,2,OverheadActual,12,41376,97700.0,2.3612722351121422
IntegerArrayComparison.SystemFormatsEncode,2,OverheadActual,13,41376,103000.0,2.4893658159319414
IntegerArrayComparison.SystemFormatsEncode,2,OverheadActual,14,41376,97600.0,2.3588553750966743
IntegerArrayComparison.SystemFormatsEncode,2,OverheadActual,15,41376,97800.0,2.36368909512761
IntegerArrayComparison.SystemFormatsEncode,2,WorkloadActual,1,41376,201197600.0,4862.664346481052
IntegerArrayComparison.SystemFormatsEncode,2,WorkloadActual,2,41376,203415800.0,4916.275135344161
IntegerArrayComparison.SystemFormatsEncode,2,WorkloadActual,3,41376,196320600.0,4744.794083526682
IntegerArrayComparison.SystemFormatsEncode,2,WorkloadActual,4,41376,201196000.0,4862.625676720804
IntegerArrayComparison.SystemFormatsEncode,2,WorkloadActual,5,41376,200182900.0,4838.140467904099
IntegerArrayComparison.SystemFormatsEncode,2,WorkloadActual,6,41376,197278900.0,4767.954853054911
IntegerArrayComparison.SystemFormatsEncode,2,WorkloadResult,1,41376,201096400.0,4860.218484145398
IntegerArrayComparison.SystemFormatsEncode,2,WorkloadResult,2,41376,203314600.0,4913.829273008508
IntegerArrayComparison.SystemFormatsEncode,2,WorkloadResult,3,41376,196219400.0,4742.348221191029
IntegerArrayComparison.SystemFormatsEncode,2,WorkloadResult,4,41376,201094800.0,4860.179814385151
IntegerArrayComparison.SystemFormatsEncode,2,WorkloadResult,5,41376,200081700.0,4835.694605568446
IntegerArrayComparison.SystemFormatsEncode,2,WorkloadResult,6,41376,197177700.0,4765.508990719258
IntegerArrayComparison.PeterOEncode,1,OverheadActual,1,8400,20700.0,2.4642857142857144
IntegerArrayComparison.PeterOEncode,1,OverheadActual,2,8400,20500.0,2.4404761904761907
IntegerArrayComparison.PeterOEncode,1,OverheadActual,3,8400,21000.0,2.5
IntegerArrayComparison.PeterOEncode,1,OverheadActual,4,8400,20200.0,2.4047619047619047
IntegerArrayComparison.PeterOEncode,1,OverheadActual,5,8400,20600.0,2.4523809523809526
IntegerArrayComparison.PeterOEncode,1,OverheadActual,6,8400,20900.0,2.488095238095238
IntegerArrayComparison.PeterOEncode,1,OverheadActual,7,8400,21000.0,2.5
IntegerArrayComparison.PeterOEncode,1,OverheadActual,8,8400,20700.0,2.4642857142857144
IntegerArrayComparison.PeterOEncode,1,OverheadActual,9,8400,20800.0,2.4761904761904763
IntegerArrayComparison.PeterOEncode,1,OverheadActual,10,8400,21000.0,2.5
IntegerArrayComparison.PeterOEncode,1,OverheadActual,11,8400,20300.0,2.4166666666666665
IntegerArrayComparison.PeterOEncode,1,OverheadActual,12,8400,21300.0,2.5357142857142856
IntegerArrayComparison.PeterOEncode,1,OverheadActual,13,8400,20400.0,2.4285714285714284
IntegerArrayComparison.PeterOEncode,1,OverheadActual,14,8400,20500.0,2.4404761904761907
IntegerArrayComparison.PeterOEncode,1,OverheadActual,15,8400,20800.0,2.4761904761904763
IntegerArrayComparison.PeterOEncode,1,WorkloadActual,1,8400,250716900.0,29847.25
IntegerArrayComparison.PeterOEncode,1,WorkloadActual,2,8400,206970400.0,24639.333333333332
IntegerArrayComparison.PeterOEncode,1,WorkloadActual,3,8400,204592300.0,24356.22619047619
IntegerArrayComparison.PeterOEncode,1,WorkloadActual,4,8400,207308000.0,24679.52380952381
IntegerArrayComparison.PeterOEncode,1,WorkloadActual,5,8400,201270300.0,23960.75
IntegerArrayComparison.PeterOEncode,1,WorkloadActual,6,8400,202363900.0,24090.940476190477
IntegerArrayComparison.PeterOEncode,1,WorkloadResult,1,8400,206949700.0,24636.869047619046
IntegerArrayComparison.PeterOEncode,1,WorkloadResult,2,8400,204571600.0,24353.761904761905
IntegerArrayComparison.PeterOEncode,1,WorkloadResult,3,8400,207287300.0,24677.059523809523
IntegerArrayComparison.PeterOEncode,1,WorkloadResult,4,8400,201249600.0,23958.285714285714
IntegerArrayComparison.PeterOEncode,1,WorkloadResult,5,8400,202343200.0,24088.47619047619
IntegerArrayComparison.PeterOEncode,2,OverheadActual,1,8432,20600.0,2.4430740037950662
IntegerArrayComparison.PeterOEncode,2,OverheadActual,2,8432,20900.0,2.47865275142315
IntegerArrayComparison.PeterOEncode,2,OverheadActual,3,8432,20900.0,2.47865275142315
IntegerArrayComparison.PeterOEncode,2,OverheadActual,4,8432,21000.0,2.4905123339658446
IntegerArrayComparison.PeterOEncode,2,OverheadActual,5,8432,20800.0,2.4667931688804554
IntegerArrayComparison.PeterOEncode,2,OverheadActual,6,8432,20400.0,2.4193548387096775
IntegerArrayComparison.PeterOEncode,2,OverheadActual,7,8432,21400.0,2.5379506641366225
IntegerArrayComparison.PeterOEncode,2,OverheadActual,8,8432,20800.0,2.4667931688804554
IntegerArrayComparison.PeterOEncode,2,OverheadActual,9,8432,20900.0,2.47865275142315
IntegerArrayComparison.PeterOEncode,2,OverheadActual,10,8432,20100.0,2.383776091081594
IntegerArrayComparison.PeterOEncode,2,OverheadActual,11,8432,20200.0,2.3956356736242883
IntegerArrayComparison.PeterOEncode,2,OverheadActual,12,8432,20800.0,2.4667931688804554
IntegerArrayComparison.PeterOEncode,2,OverheadActual,13,8432,20900.0,2.47865275142315
IntegerArrayComparison.PeterOEncode,2,OverheadActual,14,8432,21200.0,2.5142314990512333
IntegerArrayComparison.PeterOEncode,2,OverheadActual,15,8432,20900.0,2.47865275142315
IntegerArrayComparison.PeterOEncode,2,WorkloadActual,1,8432,205071500.0,24320.623814041744
IntegerArrayComparison.PeterOEncode,2,WorkloadActual,2,8432,200773000.0,23810.839658444023
IntegerArrayComparison.PeterOEncode,2,WorkloadActual,3,8432,203358600.0,24117.48102466793
IntegerArrayComparison.PeterOEncode,2,WorkloadActual,4,8432,202337100.0,23996.335388994306
IntegerArrayComparison.PeterOEncode,2,WorkloadActual,5,8432,202988500.0,24073.58870967742
IntegerArrayComparison.PeterOEncode,2,WorkloadActual,6,8432,203446700.0,24127.929316888047
IntegerArrayComparison.PeterOEncode,2,WorkloadResult,1,8432,200752100.0,23808.3610056926
IntegerArrayComparison.PeterOEncode,2,WorkloadResult,2,8432,203337700.0,24115.002371916507
IntegerArrayComparison.PeterOEncode,2,WorkloadResult,3,8432,202316200.0,23993.856736242884
IntegerArrayComparison.PeterOEncode,2,WorkloadResult,4,8432,202967600.0,24071.110056925998
IntegerArrayComparison.PeterOEncode,2,WorkloadResult,5,8432,203425800.0,24125.45066413662
NestedModelComparison.CborDecode/OrderCount=1,1,OverheadActual,1,634016,1513300.0,2.3868482814313836
NestedModelComparison.CborDecode/OrderCount=1,1,OverheadActual,2,634016,1528900.0,2.411453338717004
NestedModelComparison.CborDecode/OrderCount=1,1,OverheadActual,3,634016,1533800.0,2.419181850300308
NestedModelComparison.CborDecode/OrderCount=1,1,OverheadActual,4,634016,1509600.0,2.381012466562358
NestedModelComparison.CborDecode/OrderCount=1,1,OverheadActual,5,634016,1517000.0,2.392684096300409
NestedModelComparison.CborDecode/OrderCount=1,1,OverheadActual,6,634016,1521100.0,2.3991508100741936
NestedModelComparison.CborDecode/OrderCount=1,1,OverheadActual,7,634016,1500300.0,2.3663440670266995
NestedModelComparison.CborDecode/OrderCount=1,1,OverheadActual,8,634016,1535500.0,2.4218631706455356
NestedModelComparison.CborDecode/OrderCount=1,1,OverheadActual,9,634016,1516500.0,2.3918954726694595
NestedModelComparison.CborDecode/OrderCount=1,1,OverheadActual,10,634016,1526900.0,2.4082988441932063
NestedModelComparison.CborDecode/OrderCount=1,1,OverheadActual,11,634016,1514700.0,2.3890564275980415
NestedModelComparison.CborDecode/OrderCount=1,1,OverheadActual,12,634016,1538200.0,2.4261217382526623
NestedModelComparison.CborDecode/OrderCount=1,1,OverheadActual,13,634016,1486800.0,2.3450512289910663
NestedModelComparison.CborDecode/OrderCount=1,1,OverheadActual,14,634016,1585100.0,2.500094634835714
NestedModelComparison.CborDecode/OrderCount=1,1,OverheadActual,15,634016,1498800.0,2.3639781961338513
NestedModelComparison.CborDecode/OrderCount=1,1,WorkloadActual,1,634016,204628300.0,322.7494258819967
NestedModelComparison.CborDecode/OrderCount=1,1,WorkloadActual,2,634016,205952200.0,324.8375435320244
NestedModelComparison.CborDecode/OrderCount=1,1,WorkloadActual,3,634016,199171400.0,314.14254529854134
NestedModelComparison.CborDecode/OrderCount=1,1,WorkloadActual,4,634016,202940100.0,320.0867170544592
NestedModelComparison.CborDecode/OrderCount=1,1,WorkloadActual,5,634016,206504600.0,325.7088149194973
NestedModelComparison.CborDecode/OrderCount=1,1,WorkloadActual,6,634016,204648500.0,322.781286276687
NestedModelComparison.CborDecode/OrderCount=1,1,WorkloadResult,1,634016,203111300.0,320.3567417856963
NestedModelComparison.CborDecode/OrderCount=1,1,WorkloadResult,2,634016,204435200.0,322.444859435724
NestedModelComparison.CborDecode/OrderCount=1,1,WorkloadResult,3,634016,197654400.0,311.74986120224094
NestedModelComparison.CborDecode/OrderCount=1,1,WorkloadResult,4,634016,201423100.0,317.6940329581588
NestedModelComparison.CborDecode/OrderCount=1,1,WorkloadResult,5,634016,204987600.0,323.3161308231969
NestedModelComparison.CborDecode/OrderCount=1,1,WorkloadResult,6,634016,203131500.0,320.3886021803866
NestedModelComparison.CborDecode/OrderCount=1,2,OverheadActual,1,633904,1502300.0,2.369917211438956
NestedModelComparison.CborDecode/OrderCount=1,2,OverheadActual,2,633904,1517700.0,2.394211110830662
NestedModelComparison.CborDecode/OrderCount=1,2,OverheadActual,3,633904,1558900.0,2.459205179333148
NestedModelComparison.CborDecode/OrderCount=1,2,OverheadActual,4,633904,1465000.0,2.311075494081123
NestedModelComparison.CborDecode/OrderCount=1,2,OverheadActual,5,633904,1519500.0,2.3970506575128097
NestedModelComparison.CborDecode/OrderCount=1,2,OverheadActual,6,633904,1519100.0,2.396419647138999
NestedModelComparison.CborDecode/OrderCount=1,2,OverheadActual,7,633904,1491000.0,2.352091168378808
NestedModelComparison.CborDecode/OrderCount=1,2,OverheadActual,8,633904,1472800.0,2.323380196370428
NestedModelComparison.CborDecode/OrderCount=1,2,OverheadActual,9,633904,1486000.0,2.3442035387061764
NestedModelComparison.CborDecode/OrderCount=1,2,OverheadActual,10,633904,1498100.0,2.363291602513945
NestedModelComparison.CborDecode/OrderCount=1,2,OverheadActual,11,633904,1488900.0,2.3487783639163027
NestedModelComparison.CborDecode/OrderCount=1,2,OverheadActual,12,633904,1473300.0,2.3241689593376913
NestedModelComparison.CborDecode/OrderCount=1,2,OverheadActual,13,633904,1527900.0,2.410301875362831
NestedModelComparison.CborDecode/OrderCount=1,2,OverheadActual,14,633904,1510100.0,2.382221913728262
NestedModelComparison.CborDecode/OrderCount=1,2,OverheadActual,15,633904,1522700.0,2.402098740503294
NestedModelComparison.CborDecode/OrderCount=1,2,WorkloadActual,1,633904,202477900.0,319.4141384184356
NestedModelComparison.CborDecode/OrderCount=1,2,WorkloadActual,2,633904,205871500.0,324.76763042984425
NestedModelComparison.CborDecode/OrderCount=1,2,WorkloadActual,3,633904,204629500.0,322.8083432191625
NestedModelComparison.CborDecode/OrderCount=1,2,WorkloadActual,4,633904,202763500.0,319.86467982533634
NestedModelComparison.CborDecode/OrderCount=1,2,WorkloadActual,5,633904,201574200.0,317.98852823140413
NestedModelComparison.CborDecode/OrderCount=1,2,WorkloadActual,6,633904,202704700.0,319.77192130038617
NestedModelComparison.CborDecode/OrderCount=1,2,WorkloadResult,1,633904,200975600.0,317.04422120699667
NestedModelComparison.CborDecode/OrderCount=1,2,WorkloadResult,2,633904,204369200.0,322.39771321840533
NestedModelComparison.CborDecode/OrderCount=1,2,WorkloadResult,3,633904,203127200.0,320.4384260077236
NestedModelComparison.CborDecode/OrderCount=1,2,WorkloadResult,4,633904,201261200.0,317.49476261389736
NestedModelComparison.CborDecode/OrderCount=1,2,WorkloadResult,5,633904,200071900.0,315.61861101996516
NestedModelComparison.CborDecode/OrderCount=1,2,WorkloadResult,6,633904,201202400.0,317.4020040889472
NestedModelComparison.MessagePackV4Decode/OrderCount=1,1,OverheadActual,1,913200,2170600.0,2.376916338151555
NestedModelComparison.MessagePackV4Decode/OrderCount=1,1,OverheadActual,2,913200,2185700.0,2.3934515987735434
NestedModelComparison.MessagePackV4Decode/OrderCount=1,1,OverheadActual,3,913200,2166200.0,2.3720981165133597
NestedModelComparison.MessagePackV4Decode/OrderCount=1,1,OverheadActual,4,913200,2122200.0,2.3239159001314063
NestedModelComparison.MessagePackV4Decode/OrderCount=1,1,OverheadActual,5,913200,2203500.0,2.4129434954007882
NestedModelComparison.MessagePackV4Decode/OrderCount=1,1,OverheadActual,6,913200,2173200.0,2.3797634691195797
NestedModelComparison.MessagePackV4Decode/OrderCount=1,1,OverheadActual,7,913200,2115200.0,2.316250547525186
NestedModelComparison.MessagePackV4Decode/OrderCount=1,1,OverheadActual,8,913200,2124100.0,2.3259964958388086
NestedModelComparison.MessagePackV4Decode/OrderCount=1,1,OverheadActual,9,913200,2173800.0,2.3804204993429696
NestedModelComparison.MessagePackV4Decode/OrderCount=1,1,OverheadActual,10,913200,2146600.0,2.3506351292159438
NestedModelComparison.MessagePackV4Decode/OrderCount=1,1,OverheadActual,11,913200,2188400.0,2.3964082347787996
NestedModelComparison.MessagePackV4Decode/OrderCount=1,1,OverheadActual,12,913200,2122700.0,2.3244634253175644
NestedModelComparison.MessagePackV4Decode/OrderCount=1,1,OverheadActual,13,913200,2142800.0,2.346473937801139
NestedModelComparison.MessagePackV4Decode/OrderCount=1,1,OverheadActual,14,913200,2162800.0,2.3683749452474814
NestedModelComparison.MessagePackV4Decode/OrderCount=1,1,OverheadActual,15,913200,2148700.0,2.35293473499781
NestedModelComparison.MessagePackV4Decode/OrderCount=1,1,WorkloadActual,1,913200,204161400.0,223.5670170827858
NestedModelComparison.MessagePackV4Decode/OrderCount=1,1,WorkloadActual,2,913200,203389900.0,222.72218572054314
NestedModelComparison.MessagePackV4Decode/OrderCount=1,1,WorkloadActual,3,913200,204061600.0,223.45773105562856
NestedModelComparison.MessagePackV4Decode/OrderCount=1,1,WorkloadActual,4,913200,199667300.0,218.6457512045554
NestedModelComparison.MessagePackV4Decode/OrderCount=1,1,WorkloadActual,5,913200,199658000.0,218.63556723609287
NestedModelComparison.MessagePackV4Decode/OrderCount=1,1,WorkloadActual,6,913200,204146700.0,223.55091984231274
NestedModelComparison.MessagePackV4Decode/OrderCount=1,1,WorkloadResult,1,913200,201998600.0,221.19864213753831
NestedModelComparison.MessagePackV4Decode/OrderCount=1,1,WorkloadResult,2,913200,201227100.0,220.35381077529567
NestedModelComparison.MessagePackV4Decode/OrderCount=1,1,WorkloadResult,3,913200,201898800.0,221.0893561103811
NestedModelComparison.MessagePackV4Decode/OrderCount=1,1,WorkloadResult,4,913200,197504500.0,216.2773762593079
NestedModelComparison.MessagePackV4Decode/OrderCount=1,1,WorkloadResult,5,913200,197495200.0,216.26719229084537
NestedModelComparison.MessagePackV4Decode/OrderCount=1,1,WorkloadResult,6,913200,201983900.0,221.18254489706527
NestedModelComparison.MessagePackV4Decode/OrderCount=1,2,OverheadActual,1,915392,2145300.0,2.3435861357757113
NestedModelComparison.MessagePackV4Decode/OrderCount=1,2,OverheadActual,2,915392,2161100.0,2.3608465007341115
NestedModelComparison.MessagePackV4Decode/OrderCount=1,2,OverheadActual,3,915392,2156200.0,2.3554936027406836
NestedModelComparison.MessagePackV4Decode/OrderCount=1,2,OverheadActual,4,915392,2165900.0,2.366090155911347
NestedModelComparison.MessagePackV4Decode/OrderCount=1,2,OverheadActual,5,915392,2172300.0,2.3730816961476613
NestedModelComparison.MessagePackV4Decode/OrderCount=1,2,OverheadActual,6,915392,2162000.0,2.3618296860798433
NestedModelComparison.MessagePackV4Decode/OrderCount=1,2,OverheadActual,7,915392,2113200.0,2.3085191917779486
NestedModelComparison.MessagePackV4Decode/OrderCount=1,2,OverheadActual,8,915392,2151500.0,2.3503591903796406
NestedModelComparison.MessagePackV4Decode/OrderCount=1,2,OverheadActual,9,915392,2151500.0,2.3503591903796406
NestedModelComparison.MessagePackV4Decode/OrderCount=1,2,OverheadActual,10,915392,2131000.0,2.3279644130601973
NestedModelComparison.MessagePackV4Decode/OrderCount=1,2,OverheadActual,11,915392,2148000.0,2.3465356918129063
NestedModelComparison.MessagePackV4Decode/OrderCount=1,2,OverheadActual,12,915392,2138300.0,2.335939138642243
NestedModelComparison.MessagePackV4Decode/OrderCount=1,2,OverheadActual,13,915392,2128300.0,2.3250148570230023
NestedModelComparison.MessagePackV4Decode/OrderCount=1,2,OverheadActual,14,915392,2161200.0,2.360955743550304
NestedModelComparison.MessagePackV4Decode/OrderCount=1,2,OverheadActual,15,915392,2146400.0,2.344787806753828
NestedModelComparison.MessagePackV4Decode/OrderCount=1,2,WorkloadActual,1,915392,215949700.0,235.90953383905475
NestedModelComparison.MessagePackV4Decode/OrderCount=1,2,WorkloadActual,2,915392,211385900.0,230.92391019366568
NestedModelComparison.MessagePackV4Decode/OrderCount=1,2,WorkloadActual,3,915392,206332000.0,225.4028875061176
NestedModelComparison.MessagePackV4Decode/OrderCount=1,2,WorkloadActual,4,915392,200209900.0,218.71493305600222
NestedModelComparison.MessagePackV4Decode/OrderCount=1,2,WorkloadActual,5,915392,199412700.0,217.84404932531638
NestedModelComparison.MessagePackV4Decode/OrderCount=1,2,WorkloadActual,6,915392,205753400.0,224.77080857162832
NestedModelComparison.MessagePackV4Decode/OrderCount=1,2,WorkloadResult,1,915392,213798200.0,233.5591746486751
NestedModelComparison.MessagePackV4Decode/OrderCount=1,2,WorkloadResult,2,915392,209234400.0,228.573551003286
NestedModelComparison.MessagePackV4Decode/OrderCount=1,2,WorkloadResult,3,915392,204180500.0,223.05252831573796
NestedModelComparison.MessagePackV4Decode/OrderCount=1,2,WorkloadResult,4,915392,198058400.0,216.3645738656226
NestedModelComparison.MessagePackV4Decode/OrderCount=1,2,WorkloadResult,5,915392,197261200.0,215.4936901349367
NestedModelComparison.MessagePackV4Decode/OrderCount=1,2,WorkloadResult,6,915392,203601900.0,222.4204493812487
NestedModelComparison.REDoxDecode/OrderCount=1,1,OverheadActual,1,212912,503500.0,2.36482678289622
NestedModelComparison.REDoxDecode/OrderCount=1,1,OverheadActual,2,212912,512100.0,2.4052190576388366
NestedModelComparison.REDoxDecode/OrderCount=1,1,OverheadActual,3,212912,513000.0,2.409446156158413
NestedModelComparison.REDoxDecode/OrderCount=1,1,OverheadActual,4,212912,502000.0,2.3577816186969263
NestedModelComparison.REDoxDecode/OrderCount=1,1,OverheadActual,5,212912,505500.0,2.3742203351619446
NestedModelComparison.REDoxDecode/OrderCount=1,1,OverheadActual,6,212912,509000.0,2.3906590516269635
NestedModelComparison.REDoxDecode/OrderCount=1,1,OverheadActual,7,212912,511000.0,2.400052603892688
NestedModelComparison.REDoxDecode/OrderCount=1,1,OverheadActual,8,212912,504900.0,2.3714022694822274
NestedModelComparison.REDoxDecode/OrderCount=1,1,OverheadActual,9,212912,509500.0,2.3930074396933945
NestedModelComparison.REDoxDecode/OrderCount=1,1,OverheadActual,10,212912,502500.0,2.3601300067633577
NestedModelComparison.REDoxDecode/OrderCount=1,1,OverheadActual,11,212912,516200.0,2.4244758397835726
NestedModelComparison.REDoxDecode/OrderCount=1,1,OverheadActual,12,212912,512300.0,2.406158412865409
NestedModelComparison.REDoxDecode/OrderCount=1,1,OverheadActual,13,212912,513600.0,2.4122642218381305
NestedModelComparison.REDoxDecode/OrderCount=1,1,OverheadActual,14,212912,544600.0,2.557864281956865
NestedModelComparison.REDoxDecode/OrderCount=1,1,OverheadActual,15,212912,515000.0,2.4188397084241378
NestedModelComparison.REDoxDecode/OrderCount=1,1,WorkloadActual,1,212912,199933500.0,939.0428909596453
NestedModelComparison.REDoxDecode/OrderCount=1,1,WorkloadActual,2,212912,201480400.0,946.3083339595702
NestedModelComparison.REDoxDecode/OrderCount=1,1,WorkloadActual,3,212912,199596700.0,937.4610167580972
NestedModelComparison.REDoxDecode/OrderCount=1,1,WorkloadActual,4,212912,201163400.0,944.8194559254528
NestedModelComparison.REDoxDecode/OrderCount=1,1,WorkloadActual,5,212912,203073200.0,953.7893589839933
NestedModelComparison.REDoxDecode/OrderCount=1,1,WorkloadActual,6,212912,201587300.0,946.8104193281731
NestedModelComparison.REDoxDecode/OrderCount=1,1,WorkloadResult,1,212912,199422500.0,936.6428383557526
NestedModelComparison.REDoxDecode/OrderCount=1,1,WorkloadResult,2,212912,200969400.0,943.9082813556774
NestedModelComparison.REDoxDecode/OrderCount=1,1,WorkloadResult,3,212912,199085700.0,935.0609641542045
NestedModelComparison.REDoxDecode/OrderCount=1,1,WorkloadResult,4,212912,200652400.0,942.41940332156
NestedModelComparison.REDoxDecode/OrderCount=1,1,WorkloadResult,5,212912,202562200.0,951.3893063801007
NestedModelComparison.REDoxDecode/OrderCount=1,1,WorkloadResult,6,212912,201076300.0,944.4103667242805
NestedModelComparison.REDoxDecode/OrderCount=1,2,OverheadActual,1,212096,509200.0,2.400799637899819
NestedModelComparison.REDoxDecode/OrderCount=1,2,OverheadActual,2,212096,556400.0,2.623340374170187
NestedModelComparison.REDoxDecode/OrderCount=1,2,OverheadActual,3,212096,507100.0,2.3908984610742303
NestedModelComparison.REDoxDecode/OrderCount=1,2,OverheadActual,4,212096,504700.0,2.3795828304164153
NestedModelComparison.REDoxDecode/OrderCount=1,2,OverheadActual,5,212096,651400.0,3.0712507543753773
NestedModelComparison.REDoxDecode/OrderCount=1,2,OverheadActual,6,212096,507700.0,2.393727368738684
NestedModelComparison.REDoxDecode/OrderCount=1,2,OverheadActual,7,212096,503900.0,2.3758109535304768
NestedModelComparison.REDoxDecode/OrderCount=1,2,OverheadActual,8,212096,505600.0,2.383826191913096
NestedModelComparison.REDoxDecode/OrderCount=1,2,OverheadActual,9,212096,503000.0,2.371567592033796
NestedModelComparison.REDoxDecode/OrderCount=1,2,OverheadActual,10,212096,506400.0,2.3875980687990346
NestedModelComparison.REDoxDecode/OrderCount=1,2,OverheadActual,11,212096,495900.0,2.3380921846710923
NestedModelComparison.REDoxDecode/OrderCount=1,2,OverheadActual,12,212096,504200.0,2.3772254073627037
NestedModelComparison.REDoxDecode/OrderCount=1,2,OverheadActual,13,212096,507000.0,2.3904269764634885
NestedModelComparison.REDoxDecode/OrderCount=1,2,OverheadActual,14,212096,500700.0,2.360723445986723
NestedModelComparison.REDoxDecode/OrderCount=1,2,OverheadActual,15,212096,491600.0,2.3178183464091733
NestedModelComparison.REDoxDecode/OrderCount=1,2,WorkloadActual,1,212096,201506100.0,950.0702512070006
NestedModelComparison.REDoxDecode/OrderCount=1,2,WorkloadActual,2,212096,200193500.0,943.881544206397
NestedModelComparison.REDoxDecode/OrderCount=1,2,WorkloadActual,3,212096,198364800.0,935.2595051297526
NestedModelComparison.REDoxDecode/OrderCount=1,2,WorkloadActual,4,212096,198742000.0,937.0379450814726
NestedModelComparison.REDoxDecode/OrderCount=1,2,WorkloadActual,5,212096,198936900.0,937.9568685878093
NestedModelComparison.REDoxDecode/OrderCount=1,2,WorkloadActual,6,212096,198678200.0,936.737137899819
NestedModelComparison.REDoxDecode/OrderCount=1,2,WorkloadResult,1,212096,201000500.0,947.6864250150875
NestedModelComparison.REDoxDecode/OrderCount=1,2,WorkloadResult,2,212096,199687900.0,941.497718014484
NestedModelComparison.REDoxDecode/OrderCount=1,2,WorkloadResult,3,212096,197859200.0,932.8756789378394
NestedModelComparison.REDoxDecode/OrderCount=1,2,WorkloadResult,4,212096,198236400.0,934.6541188895594
NestedModelComparison.REDoxDecode/OrderCount=1,2,WorkloadResult,5,212096,198431300.0,935.5730423958962
NestedModelComparison.REDoxDecode/OrderCount=1,2,WorkloadResult,6,212096,198172600.0,934.3533117079058
NestedModelComparison.SystemFormatsDecode/OrderCount=1,1,OverheadActual,1,144944,350700.0,2.4195551385362624
NestedModelComparison.SystemFormatsDecode/OrderCount=1,1,OverheadActual,2,144944,341700.0,2.3574621922949555
NestedModelComparison.SystemFormatsDecode/OrderCount=1,1,OverheadActual,3,144944,347900.0,2.400237333038967
NestedModelComparison.SystemFormatsDecode/OrderCount=1,1,OverheadActual,4,144944,337200.0,2.326415719174302
NestedModelComparison.SystemFormatsDecode/OrderCount=1,1,OverheadActual,5,144944,348300.0,2.4029970195385806
NestedModelComparison.SystemFormatsDecode/OrderCount=1,1,OverheadActual,6,144944,351700.0,2.4264543547852964
NestedModelComparison.SystemFormatsDecode/OrderCount=1,1,OverheadActual,7,144944,351900.0,2.4278341980351033
NestedModelComparison.SystemFormatsDecode/OrderCount=1,1,OverheadActual,8,144944,337100.0,2.3257257975493983
NestedModelComparison.SystemFormatsDecode/OrderCount=1,1,OverheadActual,9,144944,342300.0,2.3616017220443757
NestedModelComparison.SystemFormatsDecode/OrderCount=1,1,OverheadActual,10,144944,345000.0,2.380229605916768
NestedModelComparison.SystemFormatsDecode/OrderCount=1,1,OverheadActual,11,144944,345700.0,2.385059057291092
NestedModelComparison.SystemFormatsDecode/OrderCount=1,1,OverheadActual,12,144944,344200.0,2.3747102329175407
NestedModelComparison.SystemFormatsDecode/OrderCount=1,1,OverheadActual,13,144944,342500.0,2.3629815652941826
NestedModelComparison.SystemFormatsDecode/OrderCount=1,1,OverheadActual,14,144944,347900.0,2.400237333038967
NestedModelComparison.SystemFormatsDecode/OrderCount=1,1,OverheadActual,15,144944,347200.0,2.3954078816646427
NestedModelComparison.SystemFormatsDecode/OrderCount=1,1,WorkloadActual,1,144944,203217700.0,1402.042857931339
NestedModelComparison.SystemFormatsDecode/OrderCount=1,1,WorkloadActual,2,144944,199572100.0,1376.8910751738601
NestedModelComparison.SystemFormatsDecode/OrderCount=1,1,WorkloadActual,3,144944,199434500.0,1375.941743017993
NestedModelComparison.SystemFormatsDecode/OrderCount=1,1,WorkloadActual,4,144944,201732000.0,1391.792692350149
NestedModelComparison.SystemFormatsDecode/OrderCount=1,1,WorkloadActual,5,144944,201043600.0,1387.043271884314
NestedModelComparison.SystemFormatsDecode/OrderCount=1,1,WorkloadActual,6,144944,199490200.0,1376.3260293630644
NestedModelComparison.SystemFormatsDecode/OrderCount=1,1,WorkloadResult,1,144944,202872000.0,1399.657798874048
NestedModelComparison.SystemFormatsDecode/OrderCount=1,1,WorkloadResult,2,144944,199226400.0,1374.506016116569
NestedModelComparison.SystemFormatsDecode/OrderCount=1,1,WorkloadResult,3,144944,199088800.0,1373.556683960702
NestedModelComparison.SystemFormatsDecode/OrderCount=1,1,WorkloadResult,4,144944,201386300.0,1389.407633292858
NestedModelComparison.SystemFormatsDecode/OrderCount=1,1,WorkloadResult,5,144944,200697900.0,1384.658212827023
NestedModelComparison.SystemFormatsDecode/OrderCount=1,1,WorkloadResult,6,144944,199144500.0,1373.9409703057734
NestedModelComparison.SystemFormatsDecode/OrderCount=1,2,OverheadActual,1,143056,336300.0,2.3508276479141035
NestedModelComparison.SystemFormatsDecode/OrderCount=1,2,OverheadActual,2,143056,349900.0,2.4458953137232973
NestedModelComparison.SystemFormatsDecode/OrderCount=1,2,OverheadActual,3,143056,338800.0,2.3683033217760876
NestedModelComparison.SystemFormatsDecode/OrderCount=1,2,OverheadActual,4,143056,333400.0,2.330555866234202
NestedModelComparison.SystemFormatsDecode/OrderCount=1,2,OverheadActual,5,143056,355400.0,2.4843417962196623
NestedModelComparison.SystemFormatsDecode/OrderCount=1,2,OverheadActual,6,143056,339800.0,2.3752935913208812
NestedModelComparison.SystemFormatsDecode/OrderCount=1,2,OverheadActual,7,143056,349800.0,2.4451962867688177
NestedModelComparison.SystemFormatsDecode/OrderCount=1,2,OverheadActual,8,143056,329800.0,2.3053908958729448
NestedModelComparison.SystemFormatsDecode/OrderCount=1,2,OverheadActual,9,143056,336200.0,2.3501286209596244
NestedModelComparison.SystemFormatsDecode/OrderCount=1,2,OverheadActual,10,143056,341300.0,2.3857789956380717
NestedModelComparison.SystemFormatsDecode/OrderCount=1,2,OverheadActual,11,143056,341600.0,2.38787607650151
NestedModelComparison.SystemFormatsDecode/OrderCount=1,2,OverheadActual,12,143056,339200.0,2.3710994295940053
NestedModelComparison.SystemFormatsDecode/OrderCount=1,2,OverheadActual,13,143056,339800.0,2.3752935913208812
NestedModelComparison.SystemFormatsDecode/OrderCount=1,2,OverheadActual,14,143056,336100.0,2.349429594005145
NestedModelComparison.SystemFormatsDecode/OrderCount=1,2,OverheadActual,15,143056,346800.0,2.424225478134437
NestedModelComparison.SystemFormatsDecode/OrderCount=1,2,WorkloadActual,1,143056,200819300.0,1403.7810367967788
NestedModelComparison.SystemFormatsDecode/OrderCount=1,2,WorkloadActual,2,143056,199673300.0,1395.7701878984453
NestedModelComparison.SystemFormatsDecode/OrderCount=1,2,WorkloadActual,3,143056,200454100.0,1401.2281903590203
NestedModelComparison.SystemFormatsDecode/OrderCount=1,2,WorkloadActual,4,143056,197716800.0,1382.0937255340566
NestedModelComparison.SystemFormatsDecode/OrderCount=1,2,WorkloadActual,5,143056,200662200.0,1402.6828654512917
NestedModelComparison.SystemFormatsDecode/OrderCount=1,2,WorkloadActual,6,143056,198894900.0,1390.328962084778
NestedModelComparison.SystemFormatsDecode/OrderCount=1,2,WorkloadResult,1,143056,200479500.0,1401.405743205458
NestedModelComparison.SystemFormatsDecode/OrderCount=1,2,WorkloadResult,2,143056,199333500.0,1393.3948943071246
NestedModelComparison.SystemFormatsDecode/OrderCount=1,2,WorkloadResult,3,143056,200114300.0,1398.8528967676993
NestedModelComparison.SystemFormatsDecode/OrderCount=1,2,WorkloadResult,4,143056,197377000.0,1379.7184319427356
NestedModelComparison.SystemFormatsDecode/OrderCount=1,2,WorkloadResult,5,143056,200322400.0,1400.307571859971
NestedModelComparison.SystemFormatsDecode/OrderCount=1,2,WorkloadResult,6,143056,198555100.0,1387.9536684934571
NestedModelComparison.PeterODecode/OrderCount=1,1,OverheadActual,1,18432,44900.0,2.4359809027777777
NestedModelComparison.PeterODecode/OrderCount=1,1,OverheadActual,2,18432,46100.0,2.5010850694444446
NestedModelComparison.PeterODecode/OrderCount=1,1,OverheadActual,3,18432,44900.0,2.4359809027777777
NestedModelComparison.PeterODecode/OrderCount=1,1,OverheadActual,4,18432,44300.0,2.4034288194444446
NestedModelComparison.PeterODecode/OrderCount=1,1,OverheadActual,5,18432,45000.0,2.44140625
NestedModelComparison.PeterODecode/OrderCount=1,1,OverheadActual,6,18432,44900.0,2.4359809027777777
NestedModelComparison.PeterODecode/OrderCount=1,1,OverheadActual,7,18432,44100.0,2.392578125
NestedModelComparison.PeterODecode/OrderCount=1,1,OverheadActual,8,18432,43800.0,2.3763020833333335
NestedModelComparison.PeterODecode/OrderCount=1,1,OverheadActual,9,18432,43500.0,2.3600260416666665
NestedModelComparison.PeterODecode/OrderCount=1,1,OverheadActual,10,18432,43100.0,2.3383246527777777
NestedModelComparison.PeterODecode/OrderCount=1,1,OverheadActual,11,18432,43600.0,2.365451388888889
NestedModelComparison.PeterODecode/OrderCount=1,1,OverheadActual,12,18432,43300.0,2.3491753472222223
NestedModelComparison.PeterODecode/OrderCount=1,1,OverheadActual,13,18432,43200.0,2.34375
NestedModelComparison.PeterODecode/OrderCount=1,1,OverheadActual,14,18432,43600.0,2.365451388888889
NestedModelComparison.PeterODecode/OrderCount=1,1,OverheadActual,15,18432,44800.0,2.4305555555555554
NestedModelComparison.PeterODecode/OrderCount=1,1,WorkloadActual,1,18432,198137300.0,10749.636501736111
NestedModelComparison.PeterODecode/OrderCount=1,1,WorkloadActual,2,18432,195578900.0,10610.834418402777
NestedModelComparison.PeterODecode/OrderCount=1,1,WorkloadActual,3,18432,195552800.0,10609.418402777777
NestedModelComparison.PeterODecode/OrderCount=1,1,WorkloadActual,4,18432,198094700.0,10747.325303819445
NestedModelComparison.PeterODecode/OrderCount=1,1,WorkloadActual,5,18432,197350000.0,10706.922743055555
NestedModelComparison.PeterODecode/OrderCount=1,1,WorkloadActual,6,18432,198590200.0,10774.207899305555
NestedModelComparison.PeterODecode/OrderCount=1,1,WorkloadResult,1,18432,198093200.0,10747.243923611111
NestedModelComparison.PeterODecode/OrderCount=1,1,WorkloadResult,2,18432,195534800.0,10608.441840277777
NestedModelComparison.PeterODecode/OrderCount=1,1,WorkloadResult,3,18432,195508700.0,10607.025824652777
NestedModelComparison.PeterODecode/OrderCount=1,1,WorkloadResult,4,18432,198050600.0,10744.932725694445
NestedModelComparison.PeterODecode/OrderCount=1,1,WorkloadResult,5,18432,197305900.0,10704.530164930555
NestedModelComparison.PeterODecode/OrderCount=1,1,WorkloadResult,6,18432,198546100.0,10771.815321180555
NestedModelComparison.PeterODecode/OrderCount=1,2,OverheadActual,1,18464,44000.0,2.383015597920277
NestedModelComparison.PeterODecode/OrderCount=1,2,OverheadActual,2,18464,44100.0,2.388431542461005
NestedModelComparison.PeterODecode/OrderCount=1,2,OverheadActual,3,18464,44900.0,2.4317590987868285
NestedModelComparison.PeterODecode/OrderCount=1,2,OverheadActual,4,18464,47200.0,2.5563258232235704
NestedModelComparison.PeterODecode/OrderCount=1,2,OverheadActual,5,18464,45300.0,2.45342287694974
NestedModelComparison.PeterODecode/OrderCount=1,2,OverheadActual,6,18464,57300.0,3.1033362218370883
NestedModelComparison.PeterODecode/OrderCount=1,2,OverheadActual,7,18464,44700.0,2.4209272097053725
NestedModelComparison.PeterODecode/OrderCount=1,2,OverheadActual,8,18464,47700.0,2.5834055459272096
NestedModelComparison.PeterODecode/OrderCount=1,2,OverheadActual,9,18464,47100.0,2.5509098786828424
NestedModelComparison.PeterODecode/OrderCount=1,2,OverheadActual,10,18464,44500.0,2.410095320623917
NestedModelComparison.PeterODecode/OrderCount=1,2,OverheadActual,11,18464,43100.0,2.3342720970537263
NestedModelComparison.PeterODecode/OrderCount=1,2,OverheadActual,12,18464,44400.0,2.404679376083189
NestedModelComparison.PeterODecode/OrderCount=1,2,OverheadActual,13,18464,43700.0,2.3667677642980935
NestedModelComparison.PeterODecode/OrderCount=1,2,OverheadActual,14,18464,47900.0,2.5942374350086657
NestedModelComparison.PeterODecode/OrderCount=1,2,OverheadActual,15,18464,43700.0,2.3667677642980935
NestedModelComparison.PeterODecode/OrderCount=1,2,WorkloadActual,1,18464,193382900.0,10473.5106152513
NestedModelComparison.PeterODecode/OrderCount=1,2,WorkloadActual,2,18464,195362200.0,10580.708405545927
NestedModelComparison.PeterODecode/OrderCount=1,2,WorkloadActual,3,18464,201263000.0,10900.2924610052
NestedModelComparison.PeterODecode/OrderCount=1,2,WorkloadActual,4,18464,201168200.0,10895.15814558059
NestedModelComparison.PeterODecode/OrderCount=1,2,WorkloadActual,5,18464,202955700.0,10991.9681542461
NestedModelComparison.PeterODecode/OrderCount=1,2,WorkloadActual,6,18464,200018900.0,10832.912694974004
NestedModelComparison.PeterODecode/OrderCount=1,2,WorkloadResult,1,18464,193338200.0,10471.089688041595
NestedModelComparison.PeterODecode/OrderCount=1,2,WorkloadResult,2,18464,195317500.0,10578.287478336222
NestedModelComparison.PeterODecode/OrderCount=1,2,WorkloadResult,3,18464,201218300.0,10897.871533795495
NestedModelComparison.PeterODecode/OrderCount=1,2,WorkloadResult,4,18464,201123500.0,10892.737218370883
NestedModelComparison.PeterODecode/OrderCount=1,2,WorkloadResult,5,18464,202911000.0,10989.547227036395
NestedModelComparison.PeterODecode/OrderCount=1,2,WorkloadResult,6,18464,199974200.0,10830.491767764299
NestedModelComparison.CborDecode/OrderCount=64,1,OverheadActual,1,10176,25600.0,2.5157232704402515
NestedModelComparison.CborDecode/OrderCount=64,1,OverheadActual,2,10176,25500.0,2.505896226415094
NestedModelComparison.CborDecode/OrderCount=64,1,OverheadActual,3,10176,25500.0,2.505896226415094
NestedModelComparison.CborDecode/OrderCount=64,1,OverheadActual,4,10176,24400.0,2.397798742138365
NestedModelComparison.CborDecode/OrderCount=64,1,OverheadActual,5,10176,24600.0,2.417452830188679
NestedModelComparison.CborDecode/OrderCount=64,1,OverheadActual,6,10176,24400.0,2.397798742138365
NestedModelComparison.CborDecode/OrderCount=64,1,OverheadActual,7,10176,24700.0,2.4272798742138364
NestedModelComparison.CborDecode/OrderCount=64,1,OverheadActual,8,10176,24700.0,2.4272798742138364
NestedModelComparison.CborDecode/OrderCount=64,1,OverheadActual,9,10176,24900.0,2.446933962264151
NestedModelComparison.CborDecode/OrderCount=64,1,OverheadActual,10,10176,24200.0,2.37814465408805
NestedModelComparison.CborDecode/OrderCount=64,1,OverheadActual,11,10176,24700.0,2.4272798742138364
NestedModelComparison.CborDecode/OrderCount=64,1,OverheadActual,12,10176,24600.0,2.417452830188679
NestedModelComparison.CborDecode/OrderCount=64,1,OverheadActual,13,10176,24400.0,2.397798742138365
NestedModelComparison.CborDecode/OrderCount=64,1,OverheadActual,14,10176,25300.0,2.48624213836478
NestedModelComparison.CborDecode/OrderCount=64,1,OverheadActual,15,10176,24700.0,2.4272798742138364
NestedModelComparison.CborDecode/OrderCount=64,1,WorkloadActual,1,10176,196191200.0,19279.795597484277
NestedModelComparison.CborDecode/OrderCount=64,1,WorkloadActual,2,10176,194433600.0,19107.075471698114
NestedModelComparison.CborDecode/OrderCount=64,1,WorkloadActual,3,10176,193349600.0,19000.55031446541
NestedModelComparison.CborDecode/OrderCount=64,1,WorkloadActual,4,10176,200322900.0,19685.819575471698
NestedModelComparison.CborDecode/OrderCount=64,1,WorkloadActual,5,10176,203843200.0,20031.761006289307
NestedModelComparison.CborDecode/OrderCount=64,1,WorkloadActual,6,10176,195185100.0,19180.92570754717
NestedModelComparison.CborDecode/OrderCount=64,1,WorkloadResult,1,10176,196166500.0,19277.368317610064
NestedModelComparison.CborDecode/OrderCount=64,1,WorkloadResult,2,10176,194408900.0,19104.6481918239
NestedModelComparison.CborDecode/OrderCount=64,1,WorkloadResult,3,10176,193324900.0,18998.123034591194
NestedModelComparison.CborDecode/OrderCount=64,1,WorkloadResult,4,10176,200298200.0,19683.392295597485
NestedModelComparison.CborDecode/OrderCount=64,1,WorkloadResult,5,10176,203818500.0,20029.333726415094
NestedModelComparison.CborDecode/OrderCount=64,1,WorkloadResult,6,10176,195160400.0,19178.498427672956
NestedModelComparison.CborDecode/OrderCount=64,2,OverheadActual,1,10608,26000.0,2.450980392156863
NestedModelComparison.CborDecode/OrderCount=64,2,OverheadActual,2,10608,26200.0,2.4698340874811464
NestedModelComparison.CborDecode/OrderCount=64,2,OverheadActual,3,10608,26000.0,2.450980392156863
NestedModelComparison.CborDecode/OrderCount=64,2,OverheadActual,4,10608,26600.0,2.5075414781297134
NestedModelComparison.CborDecode/OrderCount=64,2,OverheadActual,5,10608,26400.0,2.48868778280543
NestedModelComparison.CborDecode/OrderCount=64,2,OverheadActual,6,10608,25700.0,2.4226998491704372
NestedModelComparison.CborDecode/OrderCount=64,2,OverheadActual,7,10608,25600.0,2.4132730015082955
NestedModelComparison.CborDecode/OrderCount=64,2,OverheadActual,8,10608,26100.0,2.4604072398190047
NestedModelComparison.CborDecode/OrderCount=64,2,OverheadActual,9,10608,25900.0,2.441553544494721
NestedModelComparison.CborDecode/OrderCount=64,2,OverheadActual,10,10608,26200.0,2.4698340874811464
NestedModelComparison.CborDecode/OrderCount=64,2,OverheadActual,11,10608,25100.0,2.3661387631975868
NestedModelComparison.CborDecode/OrderCount=64,2,OverheadActual,12,10608,32100.0,3.026018099547511
NestedModelComparison.CborDecode/OrderCount=64,2,OverheadActual,13,10608,25600.0,2.4132730015082955
NestedModelComparison.CborDecode/OrderCount=64,2,OverheadActual,14,10608,25400.0,2.394419306184012
NestedModelComparison.CborDecode/OrderCount=64,2,OverheadActual,15,10608,25800.0,2.432126696832579
NestedModelComparison.CborDecode/OrderCount=64,2,WorkloadActual,1,10608,203647500.0,19197.539592760182
NestedModelComparison.CborDecode/OrderCount=64,2,WorkloadActual,2,10608,201468400.0,18992.11915535445
NestedModelComparison.CborDecode/OrderCount=64,2,WorkloadActual,3,10608,207088800.0,19521.945701357465
NestedModelComparison.CborDecode/OrderCount=64,2,WorkloadActual,4,10608,200125500.0,18865.526018099546
NestedModelComparison.CborDecode/OrderCount=64,2,WorkloadActual,5,10608,201381000.0,18983.880090497736
NestedModelComparison.CborDecode/OrderCount=64,2,WorkloadActual,6,10608,205782900.0,19398.840497737558
NestedModelComparison.CborDecode/OrderCount=64,2,WorkloadResult,1,10608,203621500.0,19195.088612368025
NestedModelComparison.CborDecode/OrderCount=64,2,WorkloadResult,2,10608,201442400.0,18989.66817496229
NestedModelComparison.CborDecode/OrderCount=64,2,WorkloadResult,3,10608,207062800.0,19519.49472096531
NestedModelComparison.CborDecode/OrderCount=64,2,WorkloadResult,4,10608,200099500.0,18863.07503770739
NestedModelComparison.CborDecode/OrderCount=64,2,WorkloadResult,5,10608,201355000.0,18981.429110105582
NestedModelComparison.CborDecode/OrderCount=64,2,WorkloadResult,6,10608,205756900.0,19396.3895173454
NestedModelComparison.MessagePackV4Decode/OrderCount=64,1,OverheadActual,1,15296,36800.0,2.405857740585774
NestedModelComparison.MessagePackV4Decode/OrderCount=64,1,OverheadActual,2,15296,37400.0,2.4450836820083683
NestedModelComparison.MessagePackV4Decode/OrderCount=64,1,OverheadActual,3,15296,38400.0,2.510460251046025
NestedModelComparison.MessagePackV4Decode/OrderCount=64,1,OverheadActual,4,15296,36900.0,2.4123953974895396
NestedModelComparison.MessagePackV4Decode/OrderCount=64,1,OverheadActual,5,15296,37200.0,2.4320083682008367
NestedModelComparison.MessagePackV4Decode/OrderCount=64,1,OverheadActual,6,15296,38100.0,2.490847280334728
NestedModelComparison.MessagePackV4Decode/OrderCount=64,1,OverheadActual,7,15296,36400.0,2.3797071129707112
NestedModelComparison.MessagePackV4Decode/OrderCount=64,1,OverheadActual,8,15296,36100.0,2.360094142259414
NestedModelComparison.MessagePackV4Decode/OrderCount=64,1,OverheadActual,9,15296,36500.0,2.386244769874477
NestedModelComparison.MessagePackV4Decode/OrderCount=64,1,OverheadActual,10,15296,39400.0,2.575836820083682
NestedModelComparison.MessagePackV4Decode/OrderCount=64,1,OverheadActual,11,15296,36000.0,2.3535564853556483
NestedModelComparison.MessagePackV4Decode/OrderCount=64,1,OverheadActual,12,15296,36300.0,2.3731694560669454
NestedModelComparison.MessagePackV4Decode/OrderCount=64,1,OverheadActual,13,15296,38400.0,2.510460251046025
NestedModelComparison.MessagePackV4Decode/OrderCount=64,1,OverheadActual,14,15296,36100.0,2.360094142259414
NestedModelComparison.MessagePackV4Decode/OrderCount=64,1,OverheadActual,15,15296,35800.0,2.340481171548117
NestedModelComparison.MessagePackV4Decode/OrderCount=64,1,WorkloadActual,1,15296,206208600.0,13481.210774058578
NestedModelComparison.MessagePackV4Decode/OrderCount=64,1,WorkloadActual,2,15296,204437200.0,13365.402719665271
NestedModelComparison.MessagePackV4Decode/OrderCount=64,1,WorkloadActual,3,15296,209635200.0,13705.230125523012
NestedModelComparison.MessagePackV4Decode/OrderCount=64,1,WorkloadActual,4,15296,208704800.0,13644.403765690377
NestedModelComparison.MessagePackV4Decode/OrderCount=64,1,WorkloadActual,5,15296,210463600.0,13759.388075313807
NestedModelComparison.MessagePackV4Decode/OrderCount=64,1,WorkloadActual,6,15296,204117200.0,13344.482217573222
NestedModelComparison.MessagePackV4Decode/OrderCount=64,1,WorkloadResult,1,15296,206171800.0,13478.804916317991
NestedModelComparison.MessagePackV4Decode/OrderCount=64,1,WorkloadResult,2,15296,204400400.0,13362.996861924687
NestedModelComparison.MessagePackV4Decode/OrderCount=64,1,WorkloadResult,3,15296,209598400.0,13702.824267782427
NestedModelComparison.MessagePackV4Decode/OrderCount=64,1,WorkloadResult,4,15296,208668000.0,13641.997907949792
NestedModelComparison.MessagePackV4Decode/OrderCount=64,1,WorkloadResult,5,15296,210426800.0,13756.982217573222
NestedModelComparison.MessagePackV4Decode/OrderCount=64,1,WorkloadResult,6,15296,204080400.0,13342.076359832636
NestedModelComparison.MessagePackV4Decode/OrderCount=64,2,OverheadActual,1,15024,37100.0,2.469382321618743
NestedModelComparison.MessagePackV4Decode/OrderCount=64,2,OverheadActual,2,15024,37100.0,2.469382321618743
NestedModelComparison.MessagePackV4Decode/OrderCount=64,2,OverheadActual,3,15024,37500.0,2.496006389776358
NestedModelComparison.MessagePackV4Decode/OrderCount=64,2,OverheadActual,4,15024,38500.0,2.562566560170394
NestedModelComparison.MessagePackV4Decode/OrderCount=64,2,OverheadActual,5,15024,36400.0,2.422790202342918
NestedModelComparison.MessagePackV4Decode/OrderCount=64,2,OverheadActual,6,15024,36200.0,2.4094781682641107
NestedModelComparison.MessagePackV4Decode/OrderCount=64,2,OverheadActual,7,15024,36500.0,2.4294462193823216
NestedModelComparison.MessagePackV4Decode/OrderCount=64,2,OverheadActual,8,15024,35700.0,2.376198083067093
NestedModelComparison.MessagePackV4Decode/OrderCount=64,2,OverheadActual,9,15024,36100.0,2.402822151224707
NestedModelComparison.MessagePackV4Decode/OrderCount=64,2,OverheadActual,10,15024,35800.0,2.3828541001064965
NestedModelComparison.MessagePackV4Decode/OrderCount=64,2,OverheadActual,11,15024,36300.0,2.4161341853035143
NestedModelComparison.MessagePackV4Decode/OrderCount=64,2,OverheadActual,12,15024,35900.0,2.3895101171459
NestedModelComparison.MessagePackV4Decode/OrderCount=64,2,OverheadActual,13,15024,36200.0,2.4094781682641107
NestedModelComparison.MessagePackV4Decode/OrderCount=64,2,OverheadActual,14,15024,35500.0,2.3628860489882855
NestedModelComparison.MessagePackV4Decode/OrderCount=64,2,OverheadActual,15,15024,35600.0,2.369542066027689
NestedModelComparison.MessagePackV4Decode/OrderCount=64,2,WorkloadActual,1,15024,204288200.0,13597.457401490949
NestedModelComparison.MessagePackV4Decode/OrderCount=64,2,WorkloadActual,2,15024,205085100.0,13650.499201277955
NestedModelComparison.MessagePackV4Decode/OrderCount=64,2,WorkloadActual,3,15024,209748400.0,13960.889243876465
NestedModelComparison.MessagePackV4Decode/OrderCount=64,2,WorkloadActual,4,15024,205649600.0,13688.072417465388
NestedModelComparison.MessagePackV4Decode/OrderCount=64,2,WorkloadActual,5,15024,200122000.0,13320.154419595314
NestedModelComparison.MessagePackV4Decode/OrderCount=64,2,WorkloadActual,6,15024,196380500.0,13071.119542066028
NestedModelComparison.MessagePackV4Decode/OrderCount=64,2,WorkloadResult,1,15024,204252000.0,13595.047923322683
NestedModelComparison.MessagePackV4Decode/OrderCount=64,2,WorkloadResult,2,15024,205048900.0,13648.089723109691
NestedModelComparison.MessagePackV4Decode/OrderCount=64,2,WorkloadResult,3,15024,209712200.0,13958.4797657082
NestedModelComparison.MessagePackV4Decode/OrderCount=64,2,WorkloadResult,4,15024,205613400.0,13685.662939297124
NestedModelComparison.MessagePackV4Decode/OrderCount=64,2,WorkloadResult,5,15024,200085800.0,13317.74494142705
NestedModelComparison.MessagePackV4Decode/OrderCount=64,2,WorkloadResult,6,15024,196344300.0,13068.710063897764
NestedModelComparison.REDoxDecode/OrderCount=64,1,OverheadActual,1,3664,9200.0,2.510917030567686
NestedModelComparison.REDoxDecode/OrderCount=64,1,OverheadActual,2,3664,9200.0,2.510917030567686
NestedModelComparison.REDoxDecode/OrderCount=64,1,OverheadActual,3,3664,9300.0,2.5382096069868996
NestedModelComparison.REDoxDecode/OrderCount=64,1,OverheadActual,4,3664,10000.0,2.7292576419213974
NestedModelComparison.REDoxDecode/OrderCount=64,1,OverheadActual,5,3664,9200.0,2.510917030567686
NestedModelComparison.REDoxDecode/OrderCount=64,1,OverheadActual,6,3664,9100.0,2.4836244541484715
NestedModelComparison.REDoxDecode/OrderCount=64,1,OverheadActual,7,3664,9100.0,2.4836244541484715
NestedModelComparison.REDoxDecode/OrderCount=64,1,OverheadActual,8,3664,9100.0,2.4836244541484715
NestedModelComparison.REDoxDecode/OrderCount=64,1,OverheadActual,9,3664,9100.0,2.4836244541484715
NestedModelComparison.REDoxDecode/OrderCount=64,1,OverheadActual,10,3664,8900.0,2.4290393013100435
NestedModelComparison.REDoxDecode/OrderCount=64,1,OverheadActual,11,3664,9300.0,2.5382096069868996
NestedModelComparison.REDoxDecode/OrderCount=64,1,OverheadActual,12,3664,9200.0,2.510917030567686
NestedModelComparison.REDoxDecode/OrderCount=64,1,OverheadActual,13,3664,9100.0,2.4836244541484715
NestedModelComparison.REDoxDecode/OrderCount=64,1,OverheadActual,14,3664,9600.0,2.6200873362445414
NestedModelComparison.REDoxDecode/OrderCount=64,1,OverheadActual,15,3664,9000.0,2.4563318777292578
NestedModelComparison.REDoxDecode/OrderCount=64,1,WorkloadActual,1,3664,200277900.0,54660.99890829694
NestedModelComparison.REDoxDecode/OrderCount=64,1,WorkloadActual,2,3664,204154600.0,55719.05021834061
NestedModelComparison.REDoxDecode/OrderCount=64,1,WorkloadActual,3,3664,204014300.0,55680.758733624454
NestedModelComparison.REDoxDecode/OrderCount=64,1,WorkloadActual,4,3664,209233100.0,57105.10371179039
NestedModelComparison.REDoxDecode/OrderCount=64,1,WorkloadActual,5,3664,201087100.0,54881.85043668122
NestedModelComparison.REDoxDecode/OrderCount=64,1,WorkloadActual,6,3664,200341900.0,54678.46615720524
NestedModelComparison.REDoxDecode/OrderCount=64,1,WorkloadResult,1,3664,200268700.0,54658.487991266375
NestedModelComparison.REDoxDecode/OrderCount=64,1,WorkloadResult,2,3664,204145400.0,55716.53930131004
NestedModelComparison.REDoxDecode/OrderCount=64,1,WorkloadResult,3,3664,204005100.0,55678.24781659389
NestedModelComparison.REDoxDecode/OrderCount=64,1,WorkloadResult,4,3664,209223900.0,57102.592794759825
NestedModelComparison.REDoxDecode/OrderCount=64,1,WorkloadResult,5,3664,201077900.0,54879.33951965065
NestedModelComparison.REDoxDecode/OrderCount=64,1,WorkloadResult,6,3664,200332700.0,54675.95524017467
NestedModelComparison.REDoxDecode/OrderCount=64,2,OverheadActual,1,3664,9300.0,2.5382096069868996
NestedModelComparison.REDoxDecode/OrderCount=64,2,OverheadActual,2,3664,9200.0,2.510917030567686
NestedModelComparison.REDoxDecode/OrderCount=64,2,OverheadActual,3,3664,9000.0,2.4563318777292578
NestedModelComparison.REDoxDecode/OrderCount=64,2,OverheadActual,4,3664,9200.0,2.510917030567686
NestedModelComparison.REDoxDecode/OrderCount=64,2,OverheadActual,5,3664,9300.0,2.5382096069868996
NestedModelComparison.REDoxDecode/OrderCount=64,2,OverheadActual,6,3664,9900.0,2.7019650655021836
NestedModelComparison.REDoxDecode/OrderCount=64,2,OverheadActual,7,3664,9200.0,2.510917030567686
NestedModelComparison.REDoxDecode/OrderCount=64,2,OverheadActual,8,3664,9000.0,2.4563318777292578
NestedModelComparison.REDoxDecode/OrderCount=64,2,OverheadActual,9,3664,9800.0,2.6746724890829694
NestedModelComparison.REDoxDecode/OrderCount=64,2,OverheadActual,10,3664,9200.0,2.510917030567686
NestedModelComparison.REDoxDecode/OrderCount=64,2,OverheadActual,11,3664,9600.0,2.6200873362445414
NestedModelComparison.REDoxDecode/OrderCount=64,2,OverheadActual,12,3664,9100.0,2.4836244541484715
NestedModelComparison.REDoxDecode/OrderCount=64,2,OverheadActual,13,3664,9000.0,2.4563318777292578
NestedModelComparison.REDoxDecode/OrderCount=64,2,OverheadActual,14,3664,9200.0,2.510917030567686
NestedModelComparison.REDoxDecode/OrderCount=64,2,OverheadActual,15,3664,9000.0,2.4563318777292578
NestedModelComparison.REDoxDecode/OrderCount=64,2,WorkloadActual,1,3664,201201100.0,54912.963973799124
NestedModelComparison.REDoxDecode/OrderCount=64,2,WorkloadActual,2,3664,200610100.0,54751.66484716157
NestedModelComparison.REDoxDecode/OrderCount=64,2,WorkloadActual,3,3664,207979100.0,56762.85480349345
NestedModelComparison.REDoxDecode/OrderCount=64,2,WorkloadActual,4,3664,207003200.0,56496.50655021834
NestedModelComparison.REDoxDecode/OrderCount=64,2,WorkloadActual,5,3664,201847800.0,55089.46506550218
NestedModelComparison.REDoxDecode/OrderCount=64,2,WorkloadActual,6,3664,205703700.0,56141.83951965065
NestedModelComparison.REDoxDecode/OrderCount=64,2,WorkloadResult,1,3664,201191900.0,54910.45305676856
NestedModelComparison.REDoxDecode/OrderCount=64,2,WorkloadResult,2,3664,200600900.0,54749.153930131004
NestedModelComparison.REDoxDecode/OrderCount=64,2,WorkloadResult,3,3664,207969900.0,56760.343886462884
NestedModelComparison.REDoxDecode/OrderCount=64,2,WorkloadResult,4,3664,206994000.0,56493.99563318778
NestedModelComparison.REDoxDecode/OrderCount=64,2,WorkloadResult,5,3664,201838600.0,55086.95414847162
NestedModelComparison.REDoxDecode/OrderCount=64,2,WorkloadResult,6,3664,205694500.0,56139.32860262009
NestedModelComparison.SystemFormatsDecode/OrderCount=64,1,OverheadActual,1,2944,7600.0,2.5815217391304346
NestedModelComparison.SystemFormatsDecode/OrderCount=64,1,OverheadActual,2,2944,7800.0,2.6494565217391304
NestedModelComparison.SystemFormatsDecode/OrderCount=64,1,OverheadActual,3,2944,7600.0,2.5815217391304346
NestedModelComparison.SystemFormatsDecode/OrderCount=64,1,OverheadActual,4,2944,7500.0,2.547554347826087
NestedModelComparison.SystemFormatsDecode/OrderCount=64,1,OverheadActual,5,2944,7800.0,2.6494565217391304
NestedModelComparison.SystemFormatsDecode/OrderCount=64,1,OverheadActual,6,2944,7500.0,2.547554347826087
NestedModelComparison.SystemFormatsDecode/OrderCount=64,1,OverheadActual,7,2944,7800.0,2.6494565217391304
NestedModelComparison.SystemFormatsDecode/OrderCount=64,1,OverheadActual,8,2944,7500.0,2.547554347826087
NestedModelComparison.SystemFormatsDecode/OrderCount=64,1,OverheadActual,9,2944,7500.0,2.547554347826087
NestedModelComparison.SystemFormatsDecode/OrderCount=64,1,OverheadActual,10,2944,7500.0,2.547554347826087
NestedModelComparison.SystemFormatsDecode/OrderCount=64,1,OverheadActual,11,2944,7400.0,2.5135869565217392
NestedModelComparison.SystemFormatsDecode/OrderCount=64,1,OverheadActual,12,2944,7600.0,2.5815217391304346
NestedModelComparison.SystemFormatsDecode/OrderCount=64,1,OverheadActual,13,2944,7800.0,2.6494565217391304
NestedModelComparison.SystemFormatsDecode/OrderCount=64,1,OverheadActual,14,2944,7500.0,2.547554347826087
NestedModelComparison.SystemFormatsDecode/OrderCount=64,1,OverheadActual,15,2944,7500.0,2.547554347826087
NestedModelComparison.SystemFormatsDecode/OrderCount=64,1,WorkloadActual,1,2944,199937400.0,67913.51902173914
NestedModelComparison.SystemFormatsDecode/OrderCount=64,1,WorkloadActual,2,2944,199404100.0,67732.37092391304
NestedModelComparison.SystemFormatsDecode/OrderCount=64,1,WorkloadActual,3,2944,199800800.0,67867.11956521739
NestedModelComparison.SystemFormatsDecode/OrderCount=64,1,WorkloadActual,4,2944,200082500.0,67962.80570652174
NestedModelComparison.SystemFormatsDecode/OrderCount=64,1,WorkloadActual,5,2944,198526600.0,67434.30706521739
NestedModelComparison.SystemFormatsDecode/OrderCount=64,1,WorkloadActual,6,2944,199457800.0,67750.61141304347
NestedModelComparison.SystemFormatsDecode/OrderCount=64,1,WorkloadResult,1,2944,199929900.0,67910.97146739131
NestedModelComparison.SystemFormatsDecode/OrderCount=64,1,WorkloadResult,2,2944,199396600.0,67729.82336956522
NestedModelComparison.SystemFormatsDecode/OrderCount=64,1,WorkloadResult,3,2944,199793300.0,67864.57201086957
NestedModelComparison.SystemFormatsDecode/OrderCount=64,1,WorkloadResult,4,2944,200075000.0,67960.25815217392
NestedModelComparison.SystemFormatsDecode/OrderCount=64,1,WorkloadResult,5,2944,198519100.0,67431.75951086957
NestedModelComparison.SystemFormatsDecode/OrderCount=64,1,WorkloadResult,6,2944,199450300.0,67748.06385869565
NestedModelComparison.SystemFormatsDecode/OrderCount=64,2,OverheadActual,1,2880,7400.0,2.5694444444444446
NestedModelComparison.SystemFormatsDecode/OrderCount=64,2,OverheadActual,2,2880,7500.0,2.6041666666666665
NestedModelComparison.SystemFormatsDecode/OrderCount=64,2,OverheadActual,3,2880,7600.0,2.638888888888889
NestedModelComparison.SystemFormatsDecode/OrderCount=64,2,OverheadActual,4,2880,7300.0,2.5347222222222223
NestedModelComparison.SystemFormatsDecode/OrderCount=64,2,OverheadActual,5,2880,7500.0,2.6041666666666665
NestedModelComparison.SystemFormatsDecode/OrderCount=64,2,OverheadActual,6,2880,8100.0,2.8125
NestedModelComparison.SystemFormatsDecode/OrderCount=64,2,OverheadActual,7,2880,7600.0,2.638888888888889
NestedModelComparison.SystemFormatsDecode/OrderCount=64,2,OverheadActual,8,2880,7400.0,2.5694444444444446
NestedModelComparison.SystemFormatsDecode/OrderCount=64,2,OverheadActual,9,2880,7400.0,2.5694444444444446
NestedModelComparison.SystemFormatsDecode/OrderCount=64,2,OverheadActual,10,2880,7500.0,2.6041666666666665
NestedModelComparison.SystemFormatsDecode/OrderCount=64,2,OverheadActual,11,2880,7300.0,2.5347222222222223
NestedModelComparison.SystemFormatsDecode/OrderCount=64,2,OverheadActual,12,2880,7400.0,2.5694444444444446
NestedModelComparison.SystemFormatsDecode/OrderCount=64,2,OverheadActual,13,2880,7400.0,2.5694444444444446
NestedModelComparison.SystemFormatsDecode/OrderCount=64,2,OverheadActual,14,2880,7300.0,2.5347222222222223
NestedModelComparison.SystemFormatsDecode/OrderCount=64,2,OverheadActual,15,2880,7400.0,2.5694444444444446
NestedModelComparison.SystemFormatsDecode/OrderCount=64,2,WorkloadActual,1,2880,198701400.0,68993.54166666667
NestedModelComparison.SystemFormatsDecode/OrderCount=64,2,WorkloadActual,2,2880,195819700.0,67992.95138888889
NestedModelComparison.SystemFormatsDecode/OrderCount=64,2,WorkloadActual,3,2880,199401700.0,69236.70138888889
NestedModelComparison.SystemFormatsDecode/OrderCount=64,2,WorkloadActual,4,2880,199699900.0,69340.24305555556
NestedModelComparison.SystemFormatsDecode/OrderCount=64,2,WorkloadActual,5,2880,196355000.0,68178.81944444444
NestedModelComparison.SystemFormatsDecode/OrderCount=64,2,WorkloadActual,6,2880,195437800.0,67860.34722222222
NestedModelComparison.SystemFormatsDecode/OrderCount=64,2,WorkloadResult,1,2880,198694000.0,68990.97222222222
NestedModelComparison.SystemFormatsDecode/OrderCount=64,2,WorkloadResult,2,2880,195812300.0,67990.38194444444
NestedModelComparison.SystemFormatsDecode/OrderCount=64,2,WorkloadResult,3,2880,199394300.0,69234.13194444444
NestedModelComparison.SystemFormatsDecode/OrderCount=64,2,WorkloadResult,4,2880,199692500.0,69337.67361111111
NestedModelComparison.SystemFormatsDecode/OrderCount=64,2,WorkloadResult,5,2880,196347600.0,68176.25
NestedModelComparison.SystemFormatsDecode/OrderCount=64,2,WorkloadResult,6,2880,195430400.0,67857.77777777778
NestedModelComparison.PeterODecode/OrderCount=64,1,OverheadActual,1,64,600.0,9.375
NestedModelComparison.PeterODecode/OrderCount=64,1,OverheadActual,2,64,600.0,9.375
NestedModelComparison.PeterODecode/OrderCount=64,1,OverheadActual,3,64,500.0,7.8125
NestedModelComparison.PeterODecode/OrderCount=64,1,OverheadActual,4,64,600.0,9.375
NestedModelComparison.PeterODecode/OrderCount=64,1,OverheadActual,5,64,600.0,9.375
NestedModelComparison.PeterODecode/OrderCount=64,1,OverheadActual,6,64,600.0,9.375
NestedModelComparison.PeterODecode/OrderCount=64,1,OverheadActual,7,64,500.0,7.8125
NestedModelComparison.PeterODecode/OrderCount=64,1,OverheadActual,8,64,500.0,7.8125
NestedModelComparison.PeterODecode/OrderCount=64,1,OverheadActual,9,64,500.0,7.8125
NestedModelComparison.PeterODecode/OrderCount=64,1,OverheadActual,10,64,600.0,9.375
NestedModelComparison.PeterODecode/OrderCount=64,1,OverheadActual,11,64,600.0,9.375
NestedModelComparison.PeterODecode/OrderCount=64,1,OverheadActual,12,64,500.0,7.8125
NestedModelComparison.PeterODecode/OrderCount=64,1,OverheadActual,13,64,400.0,6.25
NestedModelComparison.PeterODecode/OrderCount=64,1,OverheadActual,14,64,500.0,7.8125
NestedModelComparison.PeterODecode/OrderCount=64,1,OverheadActual,15,64,500.0,7.8125
NestedModelComparison.PeterODecode/OrderCount=64,1,OverheadActual,16,64,500.0,7.8125
NestedModelComparison.PeterODecode/OrderCount=64,1,OverheadActual,17,64,500.0,7.8125
NestedModelComparison.PeterODecode/OrderCount=64,1,OverheadActual,18,64,500.0,7.8125
NestedModelComparison.PeterODecode/OrderCount=64,1,OverheadActual,19,64,600.0,9.375
NestedModelComparison.PeterODecode/OrderCount=64,1,OverheadActual,20,64,600.0,9.375
NestedModelComparison.PeterODecode/OrderCount=64,1,WorkloadActual,1,64,44448700.0,694510.9375
NestedModelComparison.PeterODecode/OrderCount=64,1,WorkloadActual,2,64,42232900.0,659889.0625
NestedModelComparison.PeterODecode/OrderCount=64,1,WorkloadActual,3,64,41738800.0,652168.75
NestedModelComparison.PeterODecode/OrderCount=64,1,WorkloadActual,4,64,43207600.0,675118.75
NestedModelComparison.PeterODecode/OrderCount=64,1,WorkloadActual,5,64,41398000.0,646843.75
NestedModelComparison.PeterODecode/OrderCount=64,1,WorkloadActual,6,64,42100700.0,657823.4375
NestedModelComparison.PeterODecode/OrderCount=64,1,WorkloadResult,1,64,44448200.0,694503.125
NestedModelComparison.PeterODecode/OrderCount=64,1,WorkloadResult,2,64,42232400.0,659881.25
NestedModelComparison.PeterODecode/OrderCount=64,1,WorkloadResult,3,64,41738300.0,652160.9375
NestedModelComparison.PeterODecode/OrderCount=64,1,WorkloadResult,4,64,43207100.0,675110.9375
NestedModelComparison.PeterODecode/OrderCount=64,1,WorkloadResult,5,64,41397500.0,646835.9375
NestedModelComparison.PeterODecode/OrderCount=64,1,WorkloadResult,6,64,42100200.0,657815.625
NestedModelComparison.PeterODecode/OrderCount=64,2,OverheadActual,1,304,1200.0,3.9473684210526314
NestedModelComparison.PeterODecode/OrderCount=64,2,OverheadActual,2,304,1300.0,4.276315789473684
NestedModelComparison.PeterODecode/OrderCount=64,2,OverheadActual,3,304,1300.0,4.276315789473684
NestedModelComparison.PeterODecode/OrderCount=64,2,OverheadActual,4,304,1200.0,3.9473684210526314
NestedModelComparison.PeterODecode/OrderCount=64,2,OverheadActual,5,304,1200.0,3.9473684210526314
NestedModelComparison.PeterODecode/OrderCount=64,2,OverheadActual,6,304,1100.0,3.6184210526315788
NestedModelComparison.PeterODecode/OrderCount=64,2,OverheadActual,7,304,1100.0,3.6184210526315788
NestedModelComparison.PeterODecode/OrderCount=64,2,OverheadActual,8,304,1200.0,3.9473684210526314
NestedModelComparison.PeterODecode/OrderCount=64,2,OverheadActual,9,304,1100.0,3.6184210526315788
NestedModelComparison.PeterODecode/OrderCount=64,2,OverheadActual,10,304,1100.0,3.6184210526315788
NestedModelComparison.PeterODecode/OrderCount=64,2,OverheadActual,11,304,1200.0,3.9473684210526314
NestedModelComparison.PeterODecode/OrderCount=64,2,OverheadActual,12,304,1000.0,3.289473684210526
NestedModelComparison.PeterODecode/OrderCount=64,2,OverheadActual,13,304,1100.0,3.6184210526315788
NestedModelComparison.PeterODecode/OrderCount=64,2,OverheadActual,14,304,1000.0,3.289473684210526
NestedModelComparison.PeterODecode/OrderCount=64,2,OverheadActual,15,304,1100.0,3.6184210526315788
NestedModelComparison.PeterODecode/OrderCount=64,2,OverheadActual,16,304,1200.0,3.9473684210526314
NestedModelComparison.PeterODecode/OrderCount=64,2,OverheadActual,17,304,1300.0,4.276315789473684
NestedModelComparison.PeterODecode/OrderCount=64,2,OverheadActual,18,304,1300.0,4.276315789473684
NestedModelComparison.PeterODecode/OrderCount=64,2,OverheadActual,19,304,1100.0,3.6184210526315788
NestedModelComparison.PeterODecode/OrderCount=64,2,OverheadActual,20,304,1100.0,3.6184210526315788
NestedModelComparison.PeterODecode/OrderCount=64,2,WorkloadActual,1,304,204041900.0,671190.4605263158
NestedModelComparison.PeterODecode/OrderCount=64,2,WorkloadActual,2,304,212568100.0,699237.1710526316
NestedModelComparison.PeterODecode/OrderCount=64,2,WorkloadActual,3,304,204300800.0,672042.1052631579
NestedModelComparison.PeterODecode/OrderCount=64,2,WorkloadActual,4,304,201231700.0,661946.3815789474
NestedModelComparison.PeterODecode/OrderCount=64,2,WorkloadActual,5,304,201556200.0,663013.8157894737
NestedModelComparison.PeterODecode/OrderCount=64,2,WorkloadActual,6,304,207639700.0,683025.3289473684
NestedModelComparison.PeterODecode/OrderCount=64,2,WorkloadResult,1,304,204040750.0,671186.677631579
NestedModelComparison.PeterODecode/OrderCount=64,2,WorkloadResult,2,304,212566950.0,699233.3881578947
NestedModelComparison.PeterODecode/OrderCount=64,2,WorkloadResult,3,304,204299650.0,672038.322368421
NestedModelComparison.PeterODecode/OrderCount=64,2,WorkloadResult,4,304,201230550.0,661942.5986842106
NestedModelComparison.PeterODecode/OrderCount=64,2,WorkloadResult,5,304,201555050.0,663010.0328947369
NestedModelComparison.PeterODecode/OrderCount=64,2,WorkloadResult,6,304,207638550.0,683021.5460526316
NestedModelComparison.CborEncode/OrderCount=1,1,OverheadActual,1,872976,2093700.0,2.398347720899544
NestedModelComparison.CborEncode/OrderCount=1,1,OverheadActual,2,872976,2065400.0,2.365929876651821
NestedModelComparison.CborEncode/OrderCount=1,1,OverheadActual,3,872976,2071200.0,2.372573816462308
NestedModelComparison.CborEncode/OrderCount=1,1,OverheadActual,4,872976,2066400.0,2.367075383515698
NestedModelComparison.CborEncode/OrderCount=1,1,OverheadActual,5,872976,2080900.0,2.3836852330419163
NestedModelComparison.CborEncode/OrderCount=1,1,OverheadActual,6,872976,2140400.0,2.4518428914426056
NestedModelComparison.CborEncode/OrderCount=1,1,OverheadActual,7,872976,2041500.0,2.3385522626051576
NestedModelComparison.CborEncode/OrderCount=1,1,OverheadActual,8,872976,2122100.0,2.430880115833654
NestedModelComparison.CborEncode/OrderCount=1,1,OverheadActual,9,872976,2041500.0,2.3385522626051576
NestedModelComparison.CborEncode/OrderCount=1,1,OverheadActual,10,872976,2093700.0,2.398347720899544
NestedModelComparison.CborEncode/OrderCount=1,1,OverheadActual,11,872976,2110500.0,2.4175922362126796
NestedModelComparison.CborEncode/OrderCount=1,1,OverheadActual,12,872976,2092700.0,2.3972022140356666
NestedModelComparison.CborEncode/OrderCount=1,1,OverheadActual,13,872976,2050600.0,2.348976375066439
NestedModelComparison.CborEncode/OrderCount=1,1,OverheadActual,14,872976,2030100.0,2.3254934843569584
NestedModelComparison.CborEncode/OrderCount=1,1,OverheadActual,15,872976,2066100.0,2.366731731456535
NestedModelComparison.CborEncode/OrderCount=1,1,WorkloadActual,1,872976,202175600.0,231.59353750847674
NestedModelComparison.CborEncode/OrderCount=1,1,WorkloadActual,2,872976,200822400.0,230.0434376202782
NestedModelComparison.CborEncode/OrderCount=1,1,WorkloadActual,3,872976,201881300.0,231.2564148384377
NestedModelComparison.CborEncode/OrderCount=1,1,WorkloadActual,4,872976,202985600.0,232.52139806821722
NestedModelComparison.CborEncode/OrderCount=1,1,WorkloadActual,5,872976,209617800.0,240.11862869082313
NestedModelComparison.CborEncode/OrderCount=1,1,WorkloadActual,6,872976,202321000.0,231.7600942064845
NestedModelComparison.CborEncode/OrderCount=1,1,WorkloadResult,1,872976,200104400.0,229.22096369201444
NestedModelComparison.CborEncode/OrderCount=1,1,WorkloadResult,2,872976,198751200.0,227.6708638038159
NestedModelComparison.CborEncode/OrderCount=1,1,WorkloadResult,3,872976,199810100.0,228.8838410219754
NestedModelComparison.CborEncode/OrderCount=1,1,WorkloadResult,4,872976,200914400.0,230.14882425175492
NestedModelComparison.CborEncode/OrderCount=1,1,WorkloadResult,5,872976,200249800.0,229.3875203900222
NestedModelComparison.CborEncode/OrderCount=1,2,OverheadActual,1,889408,2132500.0,2.3976622652371016
NestedModelComparison.CborEncode/OrderCount=1,2,OverheadActual,2,889408,2161400.0,2.4301557890192127
NestedModelComparison.CborEncode/OrderCount=1,2,OverheadActual,3,889408,2305200.0,2.5918363675613443
NestedModelComparison.CborEncode/OrderCount=1,2,OverheadActual,4,889408,2389800.0,2.6869558178024033
NestedModelComparison.CborEncode/OrderCount=1,2,OverheadActual,5,889408,2179700.0,2.450731272936605
NestedModelComparison.CborEncode/OrderCount=1,2,OverheadActual,6,889408,2575700.0,2.8959712527883714
NestedModelComparison.CborEncode/OrderCount=1,2,OverheadActual,7,889408,2098600.0,2.35954702453767
NestedModelComparison.CborEncode/OrderCount=1,2,OverheadActual,8,889408,2076000.0,2.3341368640713824
NestedModelComparison.CborEncode/OrderCount=1,2,OverheadActual,9,889408,2138000.0,2.4038461538461537
NestedModelComparison.CborEncode/OrderCount=1,2,OverheadActual,10,889408,2077600.0,2.335935813484925
NestedModelComparison.CborEncode/OrderCount=1,2,OverheadActual,11,889408,2414400.0,2.714614665035619
NestedModelComparison.CborEncode/OrderCount=1,2,OverheadActual,12,889408,2291500.0,2.5764328632078866
NestedModelComparison.CborEncode/OrderCount=1,2,OverheadActual,13,889408,2111300.0,2.3738261855076637
NestedModelComparison.CborEncode/OrderCount=1,2,OverheadActual,14,889408,2276500.0,2.5595677124559257
NestedModelComparison.CborEncode/OrderCount=1,2,OverheadActual,15,889408,2077300.0,2.3355985104698855
NestedModelComparison.CborEncode/OrderCount=1,2,OverheadActual,16,889408,2087300.0,2.346841944304526
NestedModelComparison.CborEncode/OrderCount=1,2,OverheadActual,17,889408,2090400.0,2.3503274087932646
NestedModelComparison.CborEncode/OrderCount=1,2,OverheadActual,18,889408,2216300.0,2.4918822407713894
NestedModelComparison.CborEncode/OrderCount=1,2,OverheadActual,19,889408,2107200.0,2.369216377635461
NestedModelComparison.CborEncode/OrderCount=1,2,WorkloadActual,1,889408,202065000.0,227.19044577966469
NestedModelComparison.CborEncode/OrderCount=1,2,WorkloadActual,2,889408,200486000.0,225.41510757717492
NestedModelComparison.CborEncode/OrderCount=1,2,WorkloadActual,3,889408,198379000.0,223.04611606821615
NestedModelComparison.CborEncode/OrderCount=1,2,WorkloadActual,4,889408,196568200.0,221.01015506943943
NestedModelComparison.CborEncode/OrderCount=1,2,WorkloadActual,5,889408,194238800.0,218.3911095919983
NestedModelComparison.CborEncode/OrderCount=1,2,WorkloadActual,6,889408,201456100.0,226.5058330934734
NestedModelComparison.CborEncode/OrderCount=1,2,WorkloadResult,1,889408,199927000.0,224.78659962581852
NestedModelComparison.CborEncode/OrderCount=1,2,WorkloadResult,2,889408,198348000.0,223.0112614233288
NestedModelComparison.CborEncode/OrderCount=1,2,WorkloadResult,3,889408,196241000.0,220.64226991437002
NestedModelComparison.CborEncode/OrderCount=1,2,WorkloadResult,4,889408,194430200.0,218.6063089155933
NestedModelComparison.CborEncode/OrderCount=1,2,WorkloadResult,5,889408,192100800.0,215.98726343815213
NestedModelComparison.CborEncode/OrderCount=1,2,WorkloadResult,6,889408,199318100.0,224.10198693962727
NestedModelComparison.MessagePackV4Encode/OrderCount=1,1,OverheadActual,1,2203648,5203600.0,2.3613571677509295
NestedModelComparison.MessagePackV4Encode/OrderCount=1,1,OverheadActual,2,2203648,5154700.0,2.339166690868959
NestedModelComparison.MessagePackV4Encode/OrderCount=1,1,OverheadActual,3,2203648,5499300.0,2.495543752904275
NestedModelComparison.MessagePackV4Encode/OrderCount=1,1,OverheadActual,4,2203648,5335500.0,2.4212124622444238
NestedModelComparison.MessagePackV4Encode/OrderCount=1,1,OverheadActual,5,2203648,5342900.0,2.424570530320632
NestedModelComparison.MessagePackV4Encode/OrderCount=1,1,OverheadActual,6,2203648,5237500.0,2.376740749883829
NestedModelComparison.MessagePackV4Encode/OrderCount=1,1,OverheadActual,7,2203648,5751400.0,2.609944963986989
NestedModelComparison.MessagePackV4Encode/OrderCount=1,1,OverheadActual,8,2203648,5639300.0,2.5590747705622676
NestedModelComparison.MessagePackV4Encode/OrderCount=1,1,OverheadActual,9,2203648,5247300.0,2.3811879211198885
NestedModelComparison.MessagePackV4Encode/OrderCount=1,1,OverheadActual,10,2203648,5827200.0,2.644342472118959
NestedModelComparison.MessagePackV4Encode/OrderCount=1,1,OverheadActual,11,2203648,5279400.0,2.3957546758828996
NestedModelComparison.MessagePackV4Encode/OrderCount=1,1,OverheadActual,12,2203648,5142500.0,2.3336304164730484
NestedModelComparison.MessagePackV4Encode/OrderCount=1,1,OverheadActual,13,2203648,5327500.0,2.417582118378253
NestedModelComparison.MessagePackV4Encode/OrderCount=1,1,OverheadActual,14,2203648,5186300.0,2.3535065491403344
NestedModelComparison.MessagePackV4Encode/OrderCount=1,1,OverheadActual,15,2203648,5675100.0,2.5753205593633828
NestedModelComparison.MessagePackV4Encode/OrderCount=1,1,WorkloadActual,1,2203648,201283600.0,91.34108532760223
NestedModelComparison.MessagePackV4Encode/OrderCount=1,1,WorkloadActual,2,2203648,197833800.0,89.77559029391264
NestedModelComparison.MessagePackV4Encode/OrderCount=1,1,WorkloadActual,3,2203648,197286200.0,89.52709325627323
NestedModelComparison.MessagePackV4Encode/OrderCount=1,1,WorkloadActual,4,2203648,198685700.0,90.16217653636153
NestedModelComparison.MessagePackV4Encode/OrderCount=1,1,WorkloadActual,5,2203648,205000500.0,93.0277884671236
NestedModelComparison.MessagePackV4Encode/OrderCount=1,1,WorkloadActual,6,2203648,199786300.0,90.66162109375
NestedModelComparison.MessagePackV4Encode/OrderCount=1,1,WorkloadResult,1,2203648,195956100.0,88.92350320922398
NestedModelComparison.MessagePackV4Encode/OrderCount=1,1,WorkloadResult,2,2203648,192506300.0,87.35800817553438
NestedModelComparison.MessagePackV4Encode/OrderCount=1,1,WorkloadResult,3,2203648,191958700.0,87.10951113789498
NestedModelComparison.MessagePackV4Encode/OrderCount=1,1,WorkloadResult,4,2203648,193358200.0,87.74459441798327
NestedModelComparison.MessagePackV4Encode/OrderCount=1,1,WorkloadResult,5,2203648,199673000.0,90.61020634874535
NestedModelComparison.MessagePackV4Encode/OrderCount=1,1,WorkloadResult,6,2203648,194458800.0,88.24403897537175
NestedModelComparison.MessagePackV4Encode/OrderCount=1,2,OverheadActual,1,2248528,5371400.0,2.388851728775448
NestedModelComparison.MessagePackV4Encode/OrderCount=1,2,OverheadActual,2,2248528,5383500.0,2.3942330271181858
NestedModelComparison.MessagePackV4Encode/OrderCount=1,2,OverheadActual,3,2248528,5295600.0,2.3551407854382957
NestedModelComparison.MessagePackV4Encode/OrderCount=1,2,OverheadActual,4,2248528,5326000.0,2.3686607416051744
NestedModelComparison.MessagePackV4Encode/OrderCount=1,2,OverheadActual,5,2248528,5250700.0,2.3351721659681357
NestedModelComparison.MessagePackV4Encode/OrderCount=1,2,OverheadActual,6,2248528,5261900.0,2.34015320245067
NestedModelComparison.MessagePackV4Encode/OrderCount=1,2,OverheadActual,7,2248528,5324900.0,2.3681715326649257
NestedModelComparison.MessagePackV4Encode/OrderCount=1,2,OverheadActual,8,2248528,5231800.0,2.326766666903859
NestedModelComparison.MessagePackV4Encode/OrderCount=1,2,OverheadActual,9,2248528,5212100.0,2.318005379519401
NestedModelComparison.MessagePackV4Encode/OrderCount=1,2,OverheadActual,10,2248528,5292100.0,2.3535842115375036
NestedModelComparison.MessagePackV4Encode/OrderCount=1,2,OverheadActual,11,2248528,5224500.0,2.323520098482207
NestedModelComparison.MessagePackV4Encode/OrderCount=1,2,OverheadActual,12,2248528,5280800.0,2.3485587015149467
NestedModelComparison.MessagePackV4Encode/OrderCount=1,2,OverheadActual,13,2248528,5294200.0,2.3545181558779786
NestedModelComparison.MessagePackV4Encode/OrderCount=1,2,OverheadActual,14,2248528,5340000.0,2.3748870372083424
NestedModelComparison.MessagePackV4Encode/OrderCount=1,2,OverheadActual,15,2248528,5362500.0,2.384893583713434
NestedModelComparison.MessagePackV4Encode/OrderCount=1,2,WorkloadActual,1,2248528,202196400.0,89.92389687831327
NestedModelComparison.MessagePackV4Encode/OrderCount=1,2,WorkloadActual,2,2248528,200711400.0,89.26346480897725
NestedModelComparison.MessagePackV4Encode/OrderCount=1,2,WorkloadActual,3,2248528,194498500.0,86.50036824091138
NestedModelComparison.MessagePackV4Encode/OrderCount=1,2,WorkloadActual,4,2248528,196871600.0,87.55576981918837
NestedModelComparison.MessagePackV4Encode/OrderCount=1,2,WorkloadActual,5,2248528,204245600.0,90.83524866045697
NestedModelComparison.MessagePackV4Encode/OrderCount=1,2,WorkloadActual,6,2248528,196993700.0,87.610072011556
NestedModelComparison.MessagePackV4Encode/OrderCount=1,2,WorkloadResult,1,2248528,196902200.0,87.5693787224353
NestedModelComparison.MessagePackV4Encode/OrderCount=1,2,WorkloadResult,2,2248528,195417200.0,86.90894665309928
NestedModelComparison.MessagePackV4Encode/OrderCount=1,2,WorkloadResult,3,2248528,189204300.0,84.1458500850334
NestedModelComparison.MessagePackV4Encode/OrderCount=1,2,WorkloadResult,4,2248528,191577400.0,85.2012516633104
NestedModelComparison.MessagePackV4Encode/OrderCount=1,2,WorkloadResult,5,2248528,198951400.0,88.480730504579
NestedModelComparison.MessagePackV4Encode/OrderCount=1,2,WorkloadResult,6,2248528,191699500.0,85.25555385567803
NestedModelComparison.REDoxEncode/OrderCount=1,1,OverheadActual,1,586992,1400100.0,2.3852113827786408
NestedModelComparison.REDoxEncode/OrderCount=1,1,OverheadActual,2,586992,1379500.0,2.350117207730259
NestedModelComparison.REDoxEncode/OrderCount=1,1,OverheadActual,3,586992,1391400.0,2.3703900564232563
NestedModelComparison.REDoxEncode/OrderCount=1,1,OverheadActual,4,586992,1377800.0,2.347221086488402
NestedModelComparison.REDoxEncode/OrderCount=1,1,OverheadActual,5,586992,1388800.0,2.3659606945239458
NestedModelComparison.REDoxEncode/OrderCount=1,1,OverheadActual,6,586992,1369300.0,2.332740480279118
NestedModelComparison.REDoxEncode/OrderCount=1,1,OverheadActual,7,586992,1398000.0,2.3816338212445824
NestedModelComparison.REDoxEncode/OrderCount=1,1,OverheadActual,8,586992,1443300.0,2.4588069343364136
NestedModelComparison.REDoxEncode/OrderCount=1,1,OverheadActual,9,586992,1363800.0,2.323370676261346
NestedModelComparison.REDoxEncode/OrderCount=1,1,OverheadActual,10,586992,1370200.0,2.3342737209365714
NestedModelComparison.REDoxEncode/OrderCount=1,1,OverheadActual,11,586992,1366300.0,2.327629678087606
NestedModelComparison.REDoxEncode/OrderCount=1,1,OverheadActual,12,586992,1444400.0,2.460680895139968
NestedModelComparison.REDoxEncode/OrderCount=1,1,OverheadActual,13,586992,1376800.0,2.345517485757898
NestedModelComparison.REDoxEncode/OrderCount=1,1,OverheadActual,14,586992,1364300.0,2.324222476626598
NestedModelComparison.REDoxEncode/OrderCount=1,1,OverheadActual,15,586992,1390400.0,2.3686864556927523
NestedModelComparison.REDoxEncode/OrderCount=1,1,WorkloadActual,1,586992,201239700.0,342.83209992640445
NestedModelComparison.REDoxEncode/OrderCount=1,1,WorkloadActual,2,586992,209390900.0,356.7184902008886
NestedModelComparison.REDoxEncode/OrderCount=1,1,WorkloadActual,3,586992,200029000.0,340.76955052198326
NestedModelComparison.REDoxEncode/OrderCount=1,1,WorkloadActual,4,586992,205263800.0,349.6875596260256
NestedModelComparison.REDoxEncode/OrderCount=1,1,WorkloadActual,5,586992,201033200.0,342.48030637555536
NestedModelComparison.REDoxEncode/OrderCount=1,1,WorkloadActual,6,586992,204315300.0,348.07169433314255
NestedModelComparison.REDoxEncode/OrderCount=1,1,WorkloadResult,1,586992,199860200.0,340.4819827186742
NestedModelComparison.REDoxEncode/OrderCount=1,1,WorkloadResult,2,586992,208011400.0,354.36837299315835
NestedModelComparison.REDoxEncode/OrderCount=1,1,WorkloadResult,3,586992,198649500.0,338.419433314253
NestedModelComparison.REDoxEncode/OrderCount=1,1,WorkloadResult,4,586992,203884300.0,347.3374424182953
NestedModelComparison.REDoxEncode/OrderCount=1,1,WorkloadResult,5,586992,199653700.0,340.1301891678251
NestedModelComparison.REDoxEncode/OrderCount=1,1,WorkloadResult,6,586992,202935800.0,345.7215771254123
NestedModelComparison.REDoxEncode/OrderCount=1,2,OverheadActual,1,581536,1401400.0,2.409825015132339
NestedModelComparison.REDoxEncode/OrderCount=1,2,OverheadActual,2,581536,1553900.0,2.672061574863809
NestedModelComparison.REDoxEncode/OrderCount=1,2,OverheadActual,3,581536,1543400.0,2.6540059428822977
NestedModelComparison.REDoxEncode/OrderCount=1,2,OverheadActual,4,581536,1416200.0,2.4352748583062787
NestedModelComparison.REDoxEncode/OrderCount=1,2,OverheadActual,5,581536,1402800.0,2.412232432729874
NestedModelComparison.REDoxEncode/OrderCount=1,2,OverheadActual,6,581536,1387500.0,2.385922797556815
NestedModelComparison.REDoxEncode/OrderCount=1,2,OverheadActual,7,581536,1383400.0,2.3788725031640348
NestedModelComparison.REDoxEncode/OrderCount=1,2,OverheadActual,8,581536,1518800.0,2.611704176525615
NestedModelComparison.REDoxEncode/OrderCount=1,2,OverheadActual,9,581536,1359600.0,2.337946404005943
NestedModelComparison.REDoxEncode/OrderCount=1,2,OverheadActual,10,581536,1453800.0,2.4999312166400705
NestedModelComparison.REDoxEncode/OrderCount=1,2,OverheadActual,11,581536,1399300.0,2.406213888736037
NestedModelComparison.REDoxEncode/OrderCount=1,2,OverheadActual,12,581536,1378300.0,2.370102624773015
NestedModelComparison.REDoxEncode/OrderCount=1,2,OverheadActual,13,581536,1421800.0,2.444904528696418
NestedModelComparison.REDoxEncode/OrderCount=1,2,OverheadActual,14,581536,1452000.0,2.49683596544324
NestedModelComparison.REDoxEncode/OrderCount=1,2,OverheadActual,15,581536,1751100.0,3.0111635393165685
NestedModelComparison.REDoxEncode/OrderCount=1,2,WorkloadActual,1,581536,206934600.0,355.8414268420184
NestedModelComparison.REDoxEncode/OrderCount=1,2,WorkloadActual,2,581536,205013600.0,352.538105981401
NestedModelComparison.REDoxEncode/OrderCount=1,2,WorkloadActual,3,581536,203493300.0,349.923822428878
NestedModelComparison.REDoxEncode/OrderCount=1,2,WorkloadActual,4,581536,204394800.0,351.4740274032906
NestedModelComparison.REDoxEncode/OrderCount=1,2,WorkloadActual,5,581536,201230400.0,346.03257579926264
NestedModelComparison.REDoxEncode/OrderCount=1,2,WorkloadActual,6,581536,202247400.0,347.78139272547185
NestedModelComparison.REDoxEncode/OrderCount=1,2,WorkloadResult,1,581536,205518400.0,353.4061519837121
NestedModelComparison.REDoxEncode/OrderCount=1,2,WorkloadResult,2,581536,203597400.0,350.1028311230947
NestedModelComparison.REDoxEncode/OrderCount=1,2,WorkloadResult,3,581536,202077100.0,347.4885475705717
NestedModelComparison.REDoxEncode/OrderCount=1,2,WorkloadResult,4,581536,202978600.0,349.03875254498433
NestedModelComparison.REDoxEncode/OrderCount=1,2,WorkloadResult,5,581536,199814200.0,343.59730094095636
NestedModelComparison.REDoxEncode/OrderCount=1,2,WorkloadResult,6,581536,200831200.0,345.34611786716556
NestedModelComparison.SystemFormatsEncode/OrderCount=1,1,OverheadActual,1,213184,507200.0,2.3791654157910536
NestedModelComparison.SystemFormatsEncode/OrderCount=1,1,OverheadActual,2,213184,504500.0,2.3665003002101472
NestedModelComparison.SystemFormatsEncode/OrderCount=1,1,OverheadActual,3,213184,499600.0,2.3435154608225757
NestedModelComparison.SystemFormatsEncode/OrderCount=1,1,OverheadActual,4,213184,494100.0,2.3177161513059144
NestedModelComparison.SystemFormatsEncode/OrderCount=1,1,OverheadActual,5,213184,517500.0,2.4274804863404382
NestedModelComparison.SystemFormatsEncode/OrderCount=1,1,OverheadActual,6,213184,514200.0,2.4120009006304413
NestedModelComparison.SystemFormatsEncode/OrderCount=1,1,OverheadActual,7,213184,570400.0,2.675622936055239
NestedModelComparison.SystemFormatsEncode/OrderCount=1,1,OverheadActual,8,213184,520300.0,2.440614680276193
NestedModelComparison.SystemFormatsEncode/OrderCount=1,1,OverheadActual,9,213184,513000.0,2.4063719603722604
NestedModelComparison.SystemFormatsEncode/OrderCount=1,1,OverheadActual,10,213184,536600.0,2.5170744521164816
NestedModelComparison.SystemFormatsEncode/OrderCount=1,1,OverheadActual,11,213184,509400.0,2.3894851395977184
NestedModelComparison.SystemFormatsEncode/OrderCount=1,1,OverheadActual,12,213184,547800.0,2.5696112278595016
NestedModelComparison.SystemFormatsEncode/OrderCount=1,1,OverheadActual,13,213184,493000.0,2.3125562894025817
NestedModelComparison.SystemFormatsEncode/OrderCount=1,1,OverheadActual,14,213184,508500.0,2.385263434404083
NestedModelComparison.SystemFormatsEncode/OrderCount=1,1,OverheadActual,15,213184,505600.0,2.3716601621134794
NestedModelComparison.SystemFormatsEncode/OrderCount=1,1,WorkloadActual,1,213184,205871800.0,965.7000525367757
NestedModelComparison.SystemFormatsEncode/OrderCount=1,1,WorkloadActual,2,213184,201134300.0,943.4774654758331
NestedModelComparison.SystemFormatsEncode/OrderCount=1,1,WorkloadActual,3,213184,196795300.0,923.1241556589613
NestedModelComparison.SystemFormatsEncode/OrderCount=1,1,WorkloadActual,4,213184,199774500.0,937.0989380066046
NestedModelComparison.SystemFormatsEncode/OrderCount=1,1,WorkloadActual,5,213184,198389300.0,930.6012646352447
NestedModelComparison.SystemFormatsEncode/OrderCount=1,1,WorkloadActual,6,213184,203301800.0,953.644738817172
NestedModelComparison.SystemFormatsEncode/OrderCount=1,1,WorkloadResult,1,213184,205362400.0,963.310567397178
NestedModelComparison.SystemFormatsEncode/OrderCount=1,1,WorkloadResult,2,213184,200624900.0,941.0879803362353
NestedModelComparison.SystemFormatsEncode/OrderCount=1,1,WorkloadResult,3,213184,196285900.0,920.7346705193636
NestedModelComparison.SystemFormatsEncode/OrderCount=1,1,WorkloadResult,4,213184,199265100.0,934.7094528670069
NestedModelComparison.SystemFormatsEncode/OrderCount=1,1,WorkloadResult,5,213184,197879900.0,928.211779495647
NestedModelComparison.SystemFormatsEncode/OrderCount=1,1,WorkloadResult,6,213184,202792400.0,951.2552536775743
NestedModelComparison.SystemFormatsEncode/OrderCount=1,2,OverheadActual,1,221136,522400.0,2.3623471528832933
NestedModelComparison.SystemFormatsEncode/OrderCount=1,2,OverheadActual,2,221136,544700.0,2.463190073077201
NestedModelComparison.SystemFormatsEncode/OrderCount=1,2,OverheadActual,3,221136,535500.0,2.4215867158671585
NestedModelComparison.SystemFormatsEncode/OrderCount=1,2,OverheadActual,4,221136,532100.0,2.406211562115621
NestedModelComparison.SystemFormatsEncode/OrderCount=1,2,OverheadActual,5,221136,521100.0,2.3564684176253525
NestedModelComparison.SystemFormatsEncode/OrderCount=1,2,OverheadActual,6,221136,526400.0,2.380435569061573
NestedModelComparison.SystemFormatsEncode/OrderCount=1,2,OverheadActual,7,221136,527600.0,2.385862093915057
NestedModelComparison.SystemFormatsEncode/OrderCount=1,2,OverheadActual,8,221136,545800.0,2.4681643875262282
NestedModelComparison.SystemFormatsEncode/OrderCount=1,2,OverheadActual,9,221136,547000.0,2.473590912379712
NestedModelComparison.SystemFormatsEncode/OrderCount=1,2,OverheadActual,10,221136,519200.0,2.34787641994067
NestedModelComparison.SystemFormatsEncode/OrderCount=1,2,OverheadActual,11,221136,526600.0,2.381339989870487
NestedModelComparison.SystemFormatsEncode/OrderCount=1,2,OverheadActual,12,221136,521100.0,2.3564684176253525
NestedModelComparison.SystemFormatsEncode/OrderCount=1,2,OverheadActual,13,221136,529400.0,2.3940018811952823
NestedModelComparison.SystemFormatsEncode/OrderCount=1,2,OverheadActual,14,221136,532500.0,2.408020403733449
NestedModelComparison.SystemFormatsEncode/OrderCount=1,2,OverheadActual,15,221136,578900.0,2.6178460314014904
NestedModelComparison.SystemFormatsEncode/OrderCount=1,2,WorkloadActual,1,221136,205201900.0,927.9443419434194
NestedModelComparison.SystemFormatsEncode/OrderCount=1,2,WorkloadActual,2,221136,201592700.0,911.6231640257579
NestedModelComparison.SystemFormatsEncode/OrderCount=1,2,WorkloadActual,3,221136,201745200.0,912.3127848925548
NestedModelComparison.SystemFormatsEncode/OrderCount=1,2,WorkloadActual,4,221136,204890300.0,926.5352543231314
NestedModelComparison.SystemFormatsEncode/OrderCount=1,2,WorkloadActual,5,221136,202745100.0,916.8344367267202
NestedModelComparison.SystemFormatsEncode/OrderCount=1,2,WorkloadActual,6,221136,200517000.0,906.7587367050141
NestedModelComparison.SystemFormatsEncode/OrderCount=1,2,WorkloadResult,1,221136,204672500.0,925.5503400622241
NestedModelComparison.SystemFormatsEncode/OrderCount=1,2,WorkloadResult,2,221136,201063300.0,909.2291621445627
NestedModelComparison.SystemFormatsEncode/OrderCount=1,2,WorkloadResult,3,221136,201215800.0,909.9187830113596
NestedModelComparison.SystemFormatsEncode/OrderCount=1,2,WorkloadResult,4,221136,204360900.0,924.1412524419362
NestedModelComparison.SystemFormatsEncode/OrderCount=1,2,WorkloadResult,5,221136,202215700.0,914.4404348455249
NestedModelComparison.SystemFormatsEncode/OrderCount=1,2,WorkloadResult,6,221136,199987600.0,904.3647348238188
NestedModelComparison.PeterOEncode/OrderCount=1,1,OverheadActual,1,57744,139900.0,2.4227625380991964
NestedModelComparison.PeterOEncode/OrderCount=1,1,OverheadActual,2,57744,141300.0,2.447007481296758
NestedModelComparison.PeterOEncode/OrderCount=1,1,OverheadActual,3,57744,140500.0,2.4331532280410086
NestedModelComparison.PeterOEncode/OrderCount=1,1,OverheadActual,4,57744,138300.0,2.3950540315876974
NestedModelComparison.PeterOEncode/OrderCount=1,1,OverheadActual,5,57744,138400.0,2.396785813244666
NestedModelComparison.PeterOEncode/OrderCount=1,1,OverheadActual,6,57744,138900.0,2.4054447215295096
NestedModelComparison.PeterOEncode/OrderCount=1,1,OverheadActual,7,57744,137300.0,2.3777362150180106
NestedModelComparison.PeterOEncode/OrderCount=1,1,OverheadActual,8,57744,136300.0,2.360418398448324
NestedModelComparison.PeterOEncode/OrderCount=1,1,OverheadActual,9,57744,136900.0,2.3708090883901356
NestedModelComparison.PeterOEncode/OrderCount=1,1,OverheadActual,10,57744,134700.0,2.3327098919368248
NestedModelComparison.PeterOEncode/OrderCount=1,1,OverheadActual,11,57744,133300.0,2.308464948739263
NestedModelComparison.PeterOEncode/OrderCount=1,1,OverheadActual,12,57744,136000.0,2.3552230534774177
NestedModelComparison.PeterOEncode/OrderCount=1,1,OverheadActual,13,57744,134000.0,2.3205874203380437
NestedModelComparison.PeterOEncode/OrderCount=1,1,OverheadActual,14,57744,136300.0,2.360418398448324
NestedModelComparison.PeterOEncode/OrderCount=1,1,OverheadActual,15,57744,138800.0,2.4037129398725408
NestedModelComparison.PeterOEncode/OrderCount=1,1,WorkloadActual,1,57744,205121400.0,3552.2547797173734
NestedModelComparison.PeterOEncode/OrderCount=1,1,WorkloadActual,2,57744,205778600.0,3563.6360487669713
NestedModelComparison.PeterOEncode/OrderCount=1,1,WorkloadActual,3,57744,204131700.0,3535.115336658354
NestedModelComparison.PeterOEncode/OrderCount=1,1,WorkloadActual,4,57744,205328600.0,3555.8430313106123
NestedModelComparison.PeterOEncode/OrderCount=1,1,WorkloadActual,5,57744,203866700.0,3530.526115267387
NestedModelComparison.PeterOEncode/OrderCount=1,1,WorkloadActual,6,57744,201986900.0,3497.9720836796896
NestedModelComparison.PeterOEncode/OrderCount=1,1,WorkloadResult,1,57744,204984100.0,3549.8770435023553
NestedModelComparison.PeterOEncode/OrderCount=1,1,WorkloadResult,2,57744,205641300.0,3561.2583125519536
NestedModelComparison.PeterOEncode/OrderCount=1,1,WorkloadResult,3,57744,203994400.0,3532.7376004433363
NestedModelComparison.PeterOEncode/OrderCount=1,1,WorkloadResult,4,57744,205191300.0,3553.4652950955942
NestedModelComparison.PeterOEncode/OrderCount=1,1,WorkloadResult,5,57744,203729400.0,3528.148379052369
NestedModelComparison.PeterOEncode/OrderCount=1,1,WorkloadResult,6,57744,201849600.0,3495.5943474646715
NestedModelComparison.PeterOEncode/OrderCount=1,2,OverheadActual,1,56000,136300.0,2.4339285714285714
NestedModelComparison.PeterOEncode/OrderCount=1,2,OverheadActual,2,56000,139100.0,2.4839285714285713
NestedModelComparison.PeterOEncode/OrderCount=1,2,OverheadActual,3,56000,139100.0,2.4839285714285713
NestedModelComparison.PeterOEncode/OrderCount=1,2,OverheadActual,4,56000,132100.0,2.3589285714285713
NestedModelComparison.PeterOEncode/OrderCount=1,2,OverheadActual,5,56000,138800.0,2.4785714285714286
NestedModelComparison.PeterOEncode/OrderCount=1,2,OverheadActual,6,56000,130500.0,2.330357142857143
NestedModelComparison.PeterOEncode/OrderCount=1,2,OverheadActual,7,56000,133900.0,2.3910714285714287
NestedModelComparison.PeterOEncode/OrderCount=1,2,OverheadActual,8,56000,133300.0,2.380357142857143
NestedModelComparison.PeterOEncode/OrderCount=1,2,OverheadActual,9,56000,129200.0,2.307142857142857
NestedModelComparison.PeterOEncode/OrderCount=1,2,OverheadActual,10,56000,141500.0,2.5267857142857144
NestedModelComparison.PeterOEncode/OrderCount=1,2,OverheadActual,11,56000,132600.0,2.367857142857143
NestedModelComparison.PeterOEncode/OrderCount=1,2,OverheadActual,12,56000,139900.0,2.4982142857142855
NestedModelComparison.PeterOEncode/OrderCount=1,2,OverheadActual,13,56000,139000.0,2.482142857142857
NestedModelComparison.PeterOEncode/OrderCount=1,2,OverheadActual,14,56000,144400.0,2.5785714285714287
NestedModelComparison.PeterOEncode/OrderCount=1,2,OverheadActual,15,56000,137300.0,2.4517857142857142
NestedModelComparison.PeterOEncode/OrderCount=1,2,WorkloadActual,1,56000,199867500.0,3569.0625
NestedModelComparison.PeterOEncode/OrderCount=1,2,WorkloadActual,2,56000,194156500.0,3467.0803571428573
NestedModelComparison.PeterOEncode/OrderCount=1,2,WorkloadActual,3,56000,199019900.0,3553.926785714286
NestedModelComparison.PeterOEncode/OrderCount=1,2,WorkloadActual,4,56000,195939300.0,3498.9160714285713
NestedModelComparison.PeterOEncode/OrderCount=1,2,WorkloadActual,5,56000,198913000.0,3552.0178571428573
NestedModelComparison.PeterOEncode/OrderCount=1,2,WorkloadActual,6,56000,196058600.0,3501.0464285714284
NestedModelComparison.PeterOEncode/OrderCount=1,2,WorkloadResult,1,56000,199730200.0,3566.6107142857145
NestedModelComparison.PeterOEncode/OrderCount=1,2,WorkloadResult,2,56000,194019200.0,3464.6285714285714
NestedModelComparison.PeterOEncode/OrderCount=1,2,WorkloadResult,3,56000,198882600.0,3551.475
NestedModelComparison.PeterOEncode/OrderCount=1,2,WorkloadResult,4,56000,195802000.0,3496.464285714286
NestedModelComparison.PeterOEncode/OrderCount=1,2,WorkloadResult,5,56000,198775700.0,3549.5660714285714
NestedModelComparison.PeterOEncode/OrderCount=1,2,WorkloadResult,6,56000,195921300.0,3498.594642857143
NestedModelComparison.CborEncode/OrderCount=64,1,OverheadActual,1,14896,36800.0,2.4704618689581097
NestedModelComparison.CborEncode/OrderCount=64,1,OverheadActual,2,14896,36400.0,2.443609022556391
NestedModelComparison.CborEncode/OrderCount=64,1,OverheadActual,3,14896,36000.0,2.4167561761546725
NestedModelComparison.CborEncode/OrderCount=64,1,OverheadActual,4,14896,38900.0,2.611439312567132
NestedModelComparison.CborEncode/OrderCount=64,1,OverheadActual,5,14896,36700.0,2.46374865735768
NestedModelComparison.CborEncode/OrderCount=64,1,OverheadActual,6,14896,35500.0,2.383190118152524
NestedModelComparison.CborEncode/OrderCount=64,1,OverheadActual,7,14896,35100.0,2.3563372717508058
NestedModelComparison.CborEncode/OrderCount=64,1,OverheadActual,8,14896,37200.0,2.497314715359828
NestedModelComparison.CborEncode/OrderCount=64,1,OverheadActual,9,14896,35900.0,2.410042964554243
NestedModelComparison.CborEncode/OrderCount=64,1,OverheadActual,10,14896,38500.0,2.5845864661654137
NestedModelComparison.CborEncode/OrderCount=64,1,OverheadActual,11,14896,35300.0,2.369763694951665
NestedModelComparison.CborEncode/OrderCount=64,1,OverheadActual,12,14896,35700.0,2.3966165413533833
NestedModelComparison.CborEncode/OrderCount=64,1,OverheadActual,13,14896,35800.0,2.403329752953813
NestedModelComparison.CborEncode/OrderCount=64,1,OverheadActual,14,14896,37100.0,2.4906015037593985
NestedModelComparison.CborEncode/OrderCount=64,1,OverheadActual,15,14896,35700.0,2.3966165413533833
NestedModelComparison.CborEncode/OrderCount=64,1,WorkloadActual,1,14896,200166000.0,13437.567132116004
NestedModelComparison.CborEncode/OrderCount=64,1,WorkloadActual,2,14896,198626200.0,13334.197099892588
NestedModelComparison.CborEncode/OrderCount=64,1,WorkloadActual,3,14896,203082900.0,13633.384801288938
NestedModelComparison.CborEncode/OrderCount=64,1,WorkloadActual,4,14896,202196100.0,13573.852040816326
NestedModelComparison.CborEncode/OrderCount=64,1,WorkloadActual,5,14896,197474800.0,13256.901181525242
NestedModelComparison.CborEncode/OrderCount=64,1,WorkloadActual,6,14896,199729800.0,13408.284103114931
NestedModelComparison.CborEncode/OrderCount=64,1,WorkloadResult,1,14896,200130000.0,13435.15037593985
NestedModelComparison.CborEncode/OrderCount=64,1,WorkloadResult,2,14896,198590200.0,13331.780343716435
NestedModelComparison.CborEncode/OrderCount=64,1,WorkloadResult,3,14896,203046900.0,13630.968045112782
NestedModelComparison.CborEncode/OrderCount=64,1,WorkloadResult,4,14896,202160100.0,13571.435284640173
NestedModelComparison.CborEncode/OrderCount=64,1,WorkloadResult,5,14896,197438800.0,13254.484425349086
NestedModelComparison.CborEncode/OrderCount=64,1,WorkloadResult,6,14896,199693800.0,13405.867346938776
NestedModelComparison.CborEncode/OrderCount=64,2,OverheadActual,1,14960,37200.0,2.486631016042781
NestedModelComparison.CborEncode/OrderCount=64,2,OverheadActual,2,14960,36600.0,2.446524064171123
NestedModelComparison.CborEncode/OrderCount=64,2,OverheadActual,3,14960,37300.0,2.4933155080213902
NestedModelComparison.CborEncode/OrderCount=64,2,OverheadActual,4,14960,37000.0,2.4732620320855614
NestedModelComparison.CborEncode/OrderCount=64,2,OverheadActual,5,14960,37000.0,2.4732620320855614
NestedModelComparison.CborEncode/OrderCount=64,2,OverheadActual,6,14960,35700.0,2.3863636363636362
NestedModelComparison.CborEncode/OrderCount=64,2,OverheadActual,7,14960,38700.0,2.586898395721925
NestedModelComparison.CborEncode/OrderCount=64,2,OverheadActual,8,14960,35700.0,2.3863636363636362
NestedModelComparison.CborEncode/OrderCount=64,2,OverheadActual,9,14960,35200.0,2.3529411764705883
NestedModelComparison.CborEncode/OrderCount=64,2,OverheadActual,10,14960,36000.0,2.406417112299465
NestedModelComparison.CborEncode/OrderCount=64,2,OverheadActual,11,14960,35000.0,2.339572192513369
NestedModelComparison.CborEncode/OrderCount=64,2,OverheadActual,12,14960,35200.0,2.3529411764705883
NestedModelComparison.CborEncode/OrderCount=64,2,OverheadActual,13,14960,39900.0,2.6671122994652405
NestedModelComparison.CborEncode/OrderCount=64,2,OverheadActual,14,14960,35800.0,2.393048128342246
NestedModelComparison.CborEncode/OrderCount=64,2,OverheadActual,15,14960,35900.0,2.3997326203208558
NestedModelComparison.CborEncode/OrderCount=64,2,WorkloadActual,1,14960,200382700.0,13394.565508021391
NestedModelComparison.CborEncode/OrderCount=64,2,WorkloadActual,2,14960,199270800.0,13320.24064171123
NestedModelComparison.CborEncode/OrderCount=64,2,WorkloadActual,3,14960,198451200.0,13265.454545454546
NestedModelComparison.CborEncode/OrderCount=64,2,WorkloadActual,4,14960,198661000.0,13279.478609625668
NestedModelComparison.CborEncode/OrderCount=64,2,WorkloadActual,5,14960,198943300.0,13298.348930481283
NestedModelComparison.CborEncode/OrderCount=64,2,WorkloadActual,6,14960,198201200.0,13248.743315508022
NestedModelComparison.CborEncode/OrderCount=64,2,WorkloadResult,1,14960,199234800.0,13317.83422459893
NestedModelComparison.CborEncode/OrderCount=64,2,WorkloadResult,2,14960,198415200.0,13263.048128342247
NestedModelComparison.CborEncode/OrderCount=64,2,WorkloadResult,3,14960,198625000.0,13277.07219251337
NestedModelComparison.CborEncode/OrderCount=64,2,WorkloadResult,4,14960,198907300.0,13295.942513368984
NestedModelComparison.CborEncode/OrderCount=64,2,WorkloadResult,5,14960,198165200.0,13246.336898395723
NestedModelComparison.MessagePackV4Encode/OrderCount=64,1,OverheadActual,1,38240,91300.0,2.38755230125523
NestedModelComparison.MessagePackV4Encode/OrderCount=64,1,OverheadActual,2,38240,92600.0,2.4215481171548117
NestedModelComparison.MessagePackV4Encode/OrderCount=64,1,OverheadActual,3,38240,92900.0,2.4293933054393304
NestedModelComparison.MessagePackV4Encode/OrderCount=64,1,OverheadActual,4,38240,87900.0,2.2986401673640167
NestedModelComparison.MessagePackV4Encode/OrderCount=64,1,OverheadActual,5,38240,97600.0,2.5523012552301254
NestedModelComparison.MessagePackV4Encode/OrderCount=64,1,OverheadActual,6,38240,89800.0,2.348326359832636
NestedModelComparison.MessagePackV4Encode/OrderCount=64,1,OverheadActual,7,38240,96200.0,2.5156903765690375
NestedModelComparison.MessagePackV4Encode/OrderCount=64,1,OverheadActual,8,38240,91000.0,2.3797071129707112
NestedModelComparison.MessagePackV4Encode/OrderCount=64,1,OverheadActual,9,38240,97100.0,2.539225941422594
NestedModelComparison.MessagePackV4Encode/OrderCount=64,1,OverheadActual,10,38240,94400.0,2.4686192468619246
NestedModelComparison.MessagePackV4Encode/OrderCount=64,1,OverheadActual,11,38240,93400.0,2.442468619246862
NestedModelComparison.MessagePackV4Encode/OrderCount=64,1,OverheadActual,12,38240,97400.0,2.547071129707113
NestedModelComparison.MessagePackV4Encode/OrderCount=64,1,OverheadActual,13,38240,90700.0,2.3718619246861925
NestedModelComparison.MessagePackV4Encode/OrderCount=64,1,OverheadActual,14,38240,90900.0,2.377092050209205
NestedModelComparison.MessagePackV4Encode/OrderCount=64,1,OverheadActual,15,38240,91600.0,2.3953974895397487
NestedModelComparison.MessagePackV4Encode/OrderCount=64,1,WorkloadActual,1,38240,203299700.0,5316.414748953975
NestedModelComparison.MessagePackV4Encode/OrderCount=64,1,WorkloadActual,2,38240,204312600.0,5342.902719665272
NestedModelComparison.MessagePackV4Encode/OrderCount=64,1,WorkloadActual,3,38240,201830000.0,5277.981171548117
NestedModelComparison.MessagePackV4Encode/OrderCount=64,1,WorkloadActual,4,38240,202673200.0,5300.031380753138
NestedModelComparison.MessagePackV4Encode/OrderCount=64,1,WorkloadActual,5,38240,202692000.0,5300.523012552301
NestedModelComparison.MessagePackV4Encode/OrderCount=64,1,WorkloadActual,6,38240,203124100.0,5311.82269874477
NestedModelComparison.MessagePackV4Encode/OrderCount=64,1,WorkloadResult,1,38240,203207100.0,5313.9932008368205
NestedModelComparison.MessagePackV4Encode/OrderCount=64,1,WorkloadResult,2,38240,201737400.0,5275.559623430962
NestedModelComparison.MessagePackV4Encode/OrderCount=64,1,WorkloadResult,3,38240,202580600.0,5297.609832635983
NestedModelComparison.MessagePackV4Encode/OrderCount=64,1,WorkloadResult,4,38240,202599400.0,5298.101464435146
NestedModelComparison.MessagePackV4Encode/OrderCount=64,1,WorkloadResult,5,38240,203031500.0,5309.401150627615
NestedModelComparison.MessagePackV4Encode/OrderCount=64,2,OverheadActual,1,42512,102800.0,2.4181407602559277
NestedModelComparison.MessagePackV4Encode/OrderCount=64,2,OverheadActual,2,42512,104400.0,2.455777192322168
NestedModelComparison.MessagePackV4Encode/OrderCount=64,2,OverheadActual,3,42512,106300.0,2.500470455400828
NestedModelComparison.MessagePackV4Encode/OrderCount=64,2,OverheadActual,4,42512,142300.0,3.3472901768912307
NestedModelComparison.MessagePackV4Encode/OrderCount=64,2,OverheadActual,5,42512,105700.0,2.486356793375988
NestedModelComparison.MessagePackV4Encode/OrderCount=64,2,OverheadActual,6,42512,109500.0,2.5757433195333084
NestedModelComparison.MessagePackV4Encode/OrderCount=64,2,OverheadActual,7,42512,106600.0,2.507527286413248
NestedModelComparison.MessagePackV4Encode/OrderCount=64,2,OverheadActual,8,42512,101100.0,2.3781520511855474
NestedModelComparison.MessagePackV4Encode/OrderCount=64,2,OverheadActual,9,42512,102200.0,2.404027098231088
NestedModelComparison.MessagePackV4Encode/OrderCount=64,2,OverheadActual,10,42512,114800.0,2.700414000752729
NestedModelComparison.MessagePackV4Encode/OrderCount=64,2,OverheadActual,11,42512,102900.0,2.420493037260068
NestedModelComparison.MessagePackV4Encode/OrderCount=64,2,OverheadActual,12,42512,99800.0,2.3475724501317274
NestedModelComparison.MessagePackV4Encode/OrderCount=64,2,OverheadActual,13,42512,105900.0,2.4910613473842678
NestedModelComparison.MessagePackV4Encode/OrderCount=64,2,OverheadActual,14,42512,108600.0,2.5545728264960483
NestedModelComparison.MessagePackV4Encode/OrderCount=64,2,OverheadActual,15,42512,102800.0,2.4181407602559277
NestedModelComparison.MessagePackV4Encode/OrderCount=64,2,WorkloadActual,1,42512,201266500.0,4734.345596537448
NestedModelComparison.MessagePackV4Encode/OrderCount=64,2,WorkloadActual,2,42512,203022400.0,4775.649228453142
NestedModelComparison.MessagePackV4Encode/OrderCount=64,2,WorkloadActual,3,42512,204330900.0,4806.428773052315
NestedModelComparison.MessagePackV4Encode/OrderCount=64,2,WorkloadActual,4,42512,200084200.0,4706.534625517501
NestedModelComparison.MessagePackV4Encode/OrderCount=64,2,WorkloadActual,5,42512,199908600.0,4702.404027098231
NestedModelComparison.MessagePackV4Encode/OrderCount=64,2,WorkloadActual,6,42512,199433300.0,4691.223654497554
NestedModelComparison.MessagePackV4Encode/OrderCount=64,2,WorkloadResult,1,42512,201160800.0,4731.8592397440725
NestedModelComparison.MessagePackV4Encode/OrderCount=64,2,WorkloadResult,2,42512,202916700.0,4773.162871659767
NestedModelComparison.MessagePackV4Encode/OrderCount=64,2,WorkloadResult,3,42512,204225200.0,4803.9424162589385
NestedModelComparison.MessagePackV4Encode/OrderCount=64,2,WorkloadResult,4,42512,199978500.0,4704.048268724125
NestedModelComparison.MessagePackV4Encode/OrderCount=64,2,WorkloadResult,5,42512,199802900.0,4699.917670304855
NestedModelComparison.MessagePackV4Encode/OrderCount=64,2,WorkloadResult,6,42512,199327600.0,4688.737297704178
NestedModelComparison.REDoxEncode/OrderCount=64,1,OverheadActual,1,10720,26900.0,2.5093283582089554
NestedModelComparison.REDoxEncode/OrderCount=64,1,OverheadActual,2,10720,26200.0,2.4440298507462686
NestedModelComparison.REDoxEncode/OrderCount=64,1,OverheadActual,3,10720,26300.0,2.453358208955224
NestedModelComparison.REDoxEncode/OrderCount=64,1,OverheadActual,4,10720,25500.0,2.378731343283582
NestedModelComparison.REDoxEncode/OrderCount=64,1,OverheadActual,5,10720,26000.0,2.425373134328358
NestedModelComparison.REDoxEncode/OrderCount=64,1,OverheadActual,6,10720,26500.0,2.4720149253731343
NestedModelComparison.REDoxEncode/OrderCount=64,1,OverheadActual,7,10720,25700.0,2.3973880597014925
NestedModelComparison.REDoxEncode/OrderCount=64,1,OverheadActual,8,10720,25600.0,2.388059701492537
NestedModelComparison.REDoxEncode/OrderCount=64,1,OverheadActual,9,10720,26200.0,2.4440298507462686
NestedModelComparison.REDoxEncode/OrderCount=64,1,OverheadActual,10,10720,25900.0,2.416044776119403
NestedModelComparison.REDoxEncode/OrderCount=64,1,OverheadActual,11,10720,26400.0,2.462686567164179
NestedModelComparison.REDoxEncode/OrderCount=64,1,OverheadActual,12,10720,26000.0,2.425373134328358
NestedModelComparison.REDoxEncode/OrderCount=64,1,OverheadActual,13,10720,26600.0,2.4813432835820897
NestedModelComparison.REDoxEncode/OrderCount=64,1,OverheadActual,14,10720,25700.0,2.3973880597014925
NestedModelComparison.REDoxEncode/OrderCount=64,1,OverheadActual,15,10720,26400.0,2.462686567164179
NestedModelComparison.REDoxEncode/OrderCount=64,1,WorkloadActual,1,10720,202479200.0,18887.985074626864
NestedModelComparison.REDoxEncode/OrderCount=64,1,WorkloadActual,2,10720,202682000.0,18906.902985074626
NestedModelComparison.REDoxEncode/OrderCount=64,1,WorkloadActual,3,10720,199269700.0,18588.591417910447
NestedModelComparison.REDoxEncode/OrderCount=64,1,WorkloadActual,4,10720,203946500.0,19024.860074626864
NestedModelComparison.REDoxEncode/OrderCount=64,1,WorkloadActual,5,10720,200125900.0,18668.46082089552
NestedModelComparison.REDoxEncode/OrderCount=64,1,WorkloadActual,6,10720,200179900.0,18673.498134328358
NestedModelComparison.REDoxEncode/OrderCount=64,1,WorkloadResult,1,10720,202453000.0,18885.54104477612
NestedModelComparison.REDoxEncode/OrderCount=64,1,WorkloadResult,2,10720,202655800.0,18904.45895522388
NestedModelComparison.REDoxEncode/OrderCount=64,1,WorkloadResult,3,10720,199243500.0,18586.1473880597
NestedModelComparison.REDoxEncode/OrderCount=64,1,WorkloadResult,4,10720,203920300.0,19022.41604477612
NestedModelComparison.REDoxEncode/OrderCount=64,1,WorkloadResult,5,10720,200099700.0,18666.016791044774
NestedModelComparison.REDoxEncode/OrderCount=64,1,WorkloadResult,6,10720,200153700.0,18671.05410447761
NestedModelComparison.REDoxEncode/OrderCount=64,2,OverheadActual,1,11008,27000.0,2.452761627906977
NestedModelComparison.REDoxEncode/OrderCount=64,2,OverheadActual,2,11008,26600.0,2.416424418604651
NestedModelComparison.REDoxEncode/OrderCount=64,2,OverheadActual,3,11008,26400.0,2.3982558139534884
NestedModelComparison.REDoxEncode/OrderCount=64,2,OverheadActual,4,11008,26400.0,2.3982558139534884
NestedModelComparison.REDoxEncode/OrderCount=64,2,OverheadActual,5,11008,26700.0,2.4255087209302326
NestedModelComparison.REDoxEncode/OrderCount=64,2,OverheadActual,6,11008,27200.0,2.4709302325581395
NestedModelComparison.REDoxEncode/OrderCount=64,2,OverheadActual,7,11008,26800.0,2.434593023255814
NestedModelComparison.REDoxEncode/OrderCount=64,2,OverheadActual,8,11008,26600.0,2.416424418604651
NestedModelComparison.REDoxEncode/OrderCount=64,2,OverheadActual,9,11008,27400.0,2.489098837209302
NestedModelComparison.REDoxEncode/OrderCount=64,2,OverheadActual,10,11008,26800.0,2.434593023255814
NestedModelComparison.REDoxEncode/OrderCount=64,2,OverheadActual,11,11008,27900.0,2.5345203488372094
NestedModelComparison.REDoxEncode/OrderCount=64,2,OverheadActual,12,11008,26600.0,2.416424418604651
NestedModelComparison.REDoxEncode/OrderCount=64,2,OverheadActual,13,11008,26600.0,2.416424418604651
NestedModelComparison.REDoxEncode/OrderCount=64,2,OverheadActual,14,11008,36900.0,3.3521075581395348
NestedModelComparison.REDoxEncode/OrderCount=64,2,OverheadActual,15,11008,26600.0,2.416424418604651
NestedModelComparison.REDoxEncode/OrderCount=64,2,WorkloadActual,1,11008,204044200.0,18535.992005813954
NestedModelComparison.REDoxEncode/OrderCount=64,2,WorkloadActual,2,11008,202359400.0,18382.939680232557
NestedModelComparison.REDoxEncode/OrderCount=64,2,WorkloadActual,3,11008,203721500.0,18506.6769622093
NestedModelComparison.REDoxEncode/OrderCount=64,2,WorkloadActual,4,11008,201015300.0,18260.83757267442
NestedModelComparison.REDoxEncode/OrderCount=64,2,WorkloadActual,5,11008,201924700.0,18343.450218023256
NestedModelComparison.REDoxEncode/OrderCount=64,2,WorkloadActual,6,11008,201484400.0,18303.45203488372
NestedModelComparison.REDoxEncode/OrderCount=64,2,WorkloadResult,1,11008,204017500.0,18533.566497093023
NestedModelComparison.REDoxEncode/OrderCount=64,2,WorkloadResult,2,11008,202332700.0,18380.51417151163
NestedModelComparison.REDoxEncode/OrderCount=64,2,WorkloadResult,3,11008,203694800.0,18504.25145348837
NestedModelComparison.REDoxEncode/OrderCount=64,2,WorkloadResult,4,11008,200988600.0,18258.41206395349
NestedModelComparison.REDoxEncode/OrderCount=64,2,WorkloadResult,5,11008,201898000.0,18341.024709302324
NestedModelComparison.REDoxEncode/OrderCount=64,2,WorkloadResult,6,11008,201457700.0,18301.02652616279
NestedModelComparison.SystemFormatsEncode/OrderCount=64,1,OverheadActual,1,4976,12700.0,2.552250803858521
NestedModelComparison.SystemFormatsEncode/OrderCount=64,1,OverheadActual,2,4976,12700.0,2.552250803858521
NestedModelComparison.SystemFormatsEncode/OrderCount=64,1,OverheadActual,3,4976,12700.0,2.552250803858521
NestedModelComparison.SystemFormatsEncode/OrderCount=64,1,OverheadActual,4,4976,12700.0,2.552250803858521
NestedModelComparison.SystemFormatsEncode/OrderCount=64,1,OverheadActual,5,4976,12600.0,2.532154340836013
NestedModelComparison.SystemFormatsEncode/OrderCount=64,1,OverheadActual,6,4976,12800.0,2.572347266881029
NestedModelComparison.SystemFormatsEncode/OrderCount=64,1,OverheadActual,7,4976,12700.0,2.552250803858521
NestedModelComparison.SystemFormatsEncode/OrderCount=64,1,OverheadActual,8,4976,12200.0,2.4517684887459805
NestedModelComparison.SystemFormatsEncode/OrderCount=64,1,OverheadActual,9,4976,12700.0,2.552250803858521
NestedModelComparison.SystemFormatsEncode/OrderCount=64,1,OverheadActual,10,4976,12400.0,2.491961414790997
NestedModelComparison.SystemFormatsEncode/OrderCount=64,1,OverheadActual,11,4976,12400.0,2.491961414790997
NestedModelComparison.SystemFormatsEncode/OrderCount=64,1,OverheadActual,12,4976,12500.0,2.512057877813505
NestedModelComparison.SystemFormatsEncode/OrderCount=64,1,OverheadActual,13,4976,12200.0,2.4517684887459805
NestedModelComparison.SystemFormatsEncode/OrderCount=64,1,OverheadActual,14,4976,12200.0,2.4517684887459805
NestedModelComparison.SystemFormatsEncode/OrderCount=64,1,OverheadActual,15,4976,12000.0,2.4115755627009645
NestedModelComparison.SystemFormatsEncode/OrderCount=64,1,WorkloadActual,1,4976,206627400.0,41524.799035369775
NestedModelComparison.SystemFormatsEncode/OrderCount=64,1,WorkloadActual,2,4976,202419100.0,40679.07958199357
NestedModelComparison.SystemFormatsEncode/OrderCount=64,1,WorkloadActual,3,4976,201666100.0,40527.75321543408
NestedModelComparison.SystemFormatsEncode/OrderCount=64,1,WorkloadActual,4,4976,205167000.0,41231.31028938907
NestedModelComparison.SystemFormatsEncode/OrderCount=64,1,WorkloadActual,5,4976,202103500.0,40615.65514469453
NestedModelComparison.SystemFormatsEncode/OrderCount=64,1,WorkloadActual,6,4976,203483900.0,40893.06672025724
NestedModelComparison.SystemFormatsEncode/OrderCount=64,1,WorkloadResult,1,4976,206614800.0,41522.26688102894
NestedModelComparison.SystemFormatsEncode/OrderCount=64,1,WorkloadResult,2,4976,202406500.0,40676.54742765273
NestedModelComparison.SystemFormatsEncode/OrderCount=64,1,WorkloadResult,3,4976,201653500.0,40525.221061093245
NestedModelComparison.SystemFormatsEncode/OrderCount=64,1,WorkloadResult,4,4976,205154400.0,41228.77813504823
NestedModelComparison.SystemFormatsEncode/OrderCount=64,1,WorkloadResult,5,4976,202090900.0,40613.122990353695
NestedModelComparison.SystemFormatsEncode/OrderCount=64,1,WorkloadResult,6,4976,203471300.0,40890.5345659164
NestedModelComparison.SystemFormatsEncode/OrderCount=64,2,OverheadActual,1,5088,13100.0,2.574685534591195
NestedModelComparison.SystemFormatsEncode/OrderCount=64,2,OverheadActual,2,5088,13000.0,2.5550314465408803
NestedModelComparison.SystemFormatsEncode/OrderCount=64,2,OverheadActual,3,5088,13000.0,2.5550314465408803
NestedModelComparison.SystemFormatsEncode/OrderCount=64,2,OverheadActual,4,5088,13000.0,2.5550314465408803
NestedModelComparison.SystemFormatsEncode/OrderCount=64,2,OverheadActual,5,5088,13200.0,2.5943396226415096
NestedModelComparison.SystemFormatsEncode/OrderCount=64,2,OverheadActual,6,5088,12800.0,2.5157232704402515
NestedModelComparison.SystemFormatsEncode/OrderCount=64,2,OverheadActual,7,5088,12700.0,2.4960691823899372
NestedModelComparison.SystemFormatsEncode/OrderCount=64,2,OverheadActual,8,5088,12700.0,2.4960691823899372
NestedModelComparison.SystemFormatsEncode/OrderCount=64,2,OverheadActual,9,5088,12700.0,2.4960691823899372
NestedModelComparison.SystemFormatsEncode/OrderCount=64,2,OverheadActual,10,5088,12700.0,2.4960691823899372
NestedModelComparison.SystemFormatsEncode/OrderCount=64,2,OverheadActual,11,5088,12800.0,2.5157232704402515
NestedModelComparison.SystemFormatsEncode/OrderCount=64,2,OverheadActual,12,5088,12900.0,2.535377358490566
NestedModelComparison.SystemFormatsEncode/OrderCount=64,2,OverheadActual,13,5088,12800.0,2.5157232704402515
NestedModelComparison.SystemFormatsEncode/OrderCount=64,2,OverheadActual,14,5088,12400.0,2.4371069182389937
NestedModelComparison.SystemFormatsEncode/OrderCount=64,2,OverheadActual,15,5088,12500.0,2.4567610062893084
NestedModelComparison.SystemFormatsEncode/OrderCount=64,2,WorkloadActual,1,5088,203434400.0,39983.17610062893
NestedModelComparison.SystemFormatsEncode/OrderCount=64,2,WorkloadActual,2,5088,203886500.0,40072.032232704405
NestedModelComparison.SystemFormatsEncode/OrderCount=64,2,WorkloadActual,3,5088,203463900.0,39988.97405660377
NestedModelComparison.SystemFormatsEncode/OrderCount=64,2,WorkloadActual,4,5088,201844100.0,39670.61713836478
NestedModelComparison.SystemFormatsEncode/OrderCount=64,2,WorkloadActual,5,5088,202800600.0,39858.60849056604
NestedModelComparison.SystemFormatsEncode/OrderCount=64,2,WorkloadActual,6,5088,202479700.0,39795.538522012575
NestedModelComparison.SystemFormatsEncode/OrderCount=64,2,WorkloadResult,1,5088,203421600.0,39980.660377358494
NestedModelComparison.SystemFormatsEncode/OrderCount=64,2,WorkloadResult,2,5088,203873700.0,40069.51650943396
NestedModelComparison.SystemFormatsEncode/OrderCount=64,2,WorkloadResult,3,5088,203451100.0,39986.458333333336
NestedModelComparison.SystemFormatsEncode/OrderCount=64,2,WorkloadResult,4,5088,201831300.0,39668.10141509434
NestedModelComparison.SystemFormatsEncode/OrderCount=64,2,WorkloadResult,5,5088,202787800.0,39856.092767295595
NestedModelComparison.SystemFormatsEncode/OrderCount=64,2,WorkloadResult,6,5088,202466900.0,39793.02279874214
NestedModelComparison.PeterOEncode/OrderCount=64,1,OverheadActual,1,896,2600.0,2.9017857142857144
NestedModelComparison.PeterOEncode/OrderCount=64,1,OverheadActual,2,896,2600.0,2.9017857142857144
NestedModelComparison.PeterOEncode/OrderCount=64,1,OverheadActual,3,896,2600.0,2.9017857142857144
NestedModelComparison.PeterOEncode/OrderCount=64,1,OverheadActual,4,896,2600.0,2.9017857142857144
NestedModelComparison.PeterOEncode/OrderCount=64,1,OverheadActual,5,896,2600.0,2.9017857142857144
NestedModelComparison.PeterOEncode/OrderCount=64,1,OverheadActual,6,896,2500.0,2.7901785714285716
NestedModelComparison.PeterOEncode/OrderCount=64,1,OverheadActual,7,896,2600.0,2.9017857142857144
NestedModelComparison.PeterOEncode/OrderCount=64,1,OverheadActual,8,896,2600.0,2.9017857142857144
NestedModelComparison.PeterOEncode/OrderCount=64,1,OverheadActual,9,896,2600.0,2.9017857142857144
NestedModelComparison.PeterOEncode/OrderCount=64,1,OverheadActual,10,896,2500.0,2.7901785714285716
NestedModelComparison.PeterOEncode/OrderCount=64,1,OverheadActual,11,896,2500.0,2.7901785714285716
NestedModelComparison.PeterOEncode/OrderCount=64,1,OverheadActual,12,896,2600.0,2.9017857142857144
NestedModelComparison.PeterOEncode/OrderCount=64,1,OverheadActual,13,896,2500.0,2.7901785714285716
NestedModelComparison.PeterOEncode/OrderCount=64,1,OverheadActual,14,896,2400.0,2.6785714285714284
NestedModelComparison.PeterOEncode/OrderCount=64,1,OverheadActual,15,896,2400.0,2.6785714285714284
NestedModelComparison.PeterOEncode/OrderCount=64,1,WorkloadActual,1,896,203178300.0,226761.4955357143
NestedModelComparison.PeterOEncode/OrderCount=64,1,WorkloadActual,2,896,203157400.0,226738.16964285713
NestedModelComparison.PeterOEncode/OrderCount=64,1,WorkloadActual,3,896,202950300.0,226507.03125
NestedModelComparison.PeterOEncode/OrderCount=64,1,WorkloadActual,4,896,201166200.0,224515.8482142857
NestedModelComparison.PeterOEncode/OrderCount=64,1,WorkloadActual,5,896,204251700.0,227959.48660714287
NestedModelComparison.PeterOEncode/OrderCount=64,1,WorkloadActual,6,896,198790900.0,221864.84375
NestedModelComparison.PeterOEncode/OrderCount=64,1,WorkloadResult,1,896,203175700.0,226758.59375
NestedModelComparison.PeterOEncode/OrderCount=64,1,WorkloadResult,2,896,203154800.0,226735.26785714287
NestedModelComparison.PeterOEncode/OrderCount=64,1,WorkloadResult,3,896,202947700.0,226504.1294642857
NestedModelComparison.PeterOEncode/OrderCount=64,1,WorkloadResult,4,896,201163600.0,224512.94642857142
NestedModelComparison.PeterOEncode/OrderCount=64,1,WorkloadResult,5,896,204249100.0,227956.58482142858
NestedModelComparison.PeterOEncode/OrderCount=64,1,WorkloadResult,6,896,198788300.0,221861.9419642857
NestedModelComparison.PeterOEncode/OrderCount=64,2,OverheadActual,1,928,2800.0,3.0172413793103448
NestedModelComparison.PeterOEncode/OrderCount=64,2,OverheadActual,2,928,2700.0,2.9094827586206895
NestedModelComparison.PeterOEncode/OrderCount=64,2,OverheadActual,3,928,2700.0,2.9094827586206895
NestedModelComparison.PeterOEncode/OrderCount=64,2,OverheadActual,4,928,2700.0,2.9094827586206895
NestedModelComparison.PeterOEncode/OrderCount=64,2,OverheadActual,5,928,2700.0,2.9094827586206895
NestedModelComparison.PeterOEncode/OrderCount=64,2,OverheadActual,6,928,2500.0,2.6939655172413794
NestedModelComparison.PeterOEncode/OrderCount=64,2,OverheadActual,7,928,2600.0,2.8017241379310347
NestedModelComparison.PeterOEncode/OrderCount=64,2,OverheadActual,8,928,2700.0,2.9094827586206895
NestedModelComparison.PeterOEncode/OrderCount=64,2,OverheadActual,9,928,2600.0,2.8017241379310347
NestedModelComparison.PeterOEncode/OrderCount=64,2,OverheadActual,10,928,2600.0,2.8017241379310347
NestedModelComparison.PeterOEncode/OrderCount=64,2,OverheadActual,11,928,2600.0,2.8017241379310347
NestedModelComparison.PeterOEncode/OrderCount=64,2,OverheadActual,12,928,2600.0,2.8017241379310347
NestedModelComparison.PeterOEncode/OrderCount=64,2,OverheadActual,13,928,2600.0,2.8017241379310347
NestedModelComparison.PeterOEncode/OrderCount=64,2,OverheadActual,14,928,2500.0,2.6939655172413794
NestedModelComparison.PeterOEncode/OrderCount=64,2,OverheadActual,15,928,2600.0,2.8017241379310347
NestedModelComparison.PeterOEncode/OrderCount=64,2,WorkloadActual,1,928,215201400.0,231898.0603448276
NestedModelComparison.PeterOEncode/OrderCount=64,2,WorkloadActual,2,928,207606900.0,223714.3318965517
NestedModelComparison.PeterOEncode/OrderCount=64,2,WorkloadActual,3,928,209622100.0,225885.88362068965
NestedModelComparison.PeterOEncode/OrderCount=64,2,WorkloadActual,4,928,209886900.0,226171.22844827586
NestedModelComparison.PeterOEncode/OrderCount=64,2,WorkloadActual,5,928,206795100.0,222839.5474137931
NestedModelComparison.PeterOEncode/OrderCount=64,2,WorkloadActual,6,928,208405500.0,224574.8922413793
NestedModelComparison.PeterOEncode/OrderCount=64,2,WorkloadResult,1,928,207604300.0,223711.5301724138
NestedModelComparison.PeterOEncode/OrderCount=64,2,WorkloadResult,2,928,209619500.0,225883.0818965517
NestedModelComparison.PeterOEncode/OrderCount=64,2,WorkloadResult,3,928,209884300.0,226168.42672413794
NestedModelComparison.PeterOEncode/OrderCount=64,2,WorkloadResult,4,928,206792500.0,222836.74568965516
NestedModelComparison.PeterOEncode/OrderCount=64,2,WorkloadResult,5,928,208402900.0,224572.0905172414
StringMapComparison.CborDecode,1,OverheadActual,1,816,2500.0,3.0637254901960786
StringMapComparison.CborDecode,1,OverheadActual,2,816,2400.0,2.9411764705882355
StringMapComparison.CborDecode,1,OverheadActual,3,816,2500.0,3.0637254901960786
StringMapComparison.CborDecode,1,OverheadActual,4,816,2400.0,2.9411764705882355
StringMapComparison.CborDecode,1,OverheadActual,5,816,2400.0,2.9411764705882355
StringMapComparison.CborDecode,1,OverheadActual,6,816,2300.0,2.8186274509803924
StringMapComparison.CborDecode,1,OverheadActual,7,816,2400.0,2.9411764705882355
StringMapComparison.CborDecode,1,OverheadActual,8,816,2300.0,2.8186274509803924
StringMapComparison.CborDecode,1,OverheadActual,9,816,2300.0,2.8186274509803924
StringMapComparison.CborDecode,1,OverheadActual,10,816,2400.0,2.9411764705882355
StringMapComparison.CborDecode,1,OverheadActual,11,816,2300.0,2.8186274509803924
StringMapComparison.CborDecode,1,OverheadActual,12,816,2300.0,2.8186274509803924
StringMapComparison.CborDecode,1,OverheadActual,13,816,2200.0,2.696078431372549
StringMapComparison.CborDecode,1,OverheadActual,14,816,2600.0,3.1862745098039214
StringMapComparison.CborDecode,1,OverheadActual,15,816,2300.0,2.8186274509803924
StringMapComparison.CborDecode,1,WorkloadActual,1,816,31826700.0,39003.30882352941
StringMapComparison.CborDecode,1,WorkloadActual,2,816,32224800.0,39491.17647058824
StringMapComparison.CborDecode,1,WorkloadActual,3,816,31403600.0,38484.80392156863
StringMapComparison.CborDecode,1,WorkloadActual,4,816,31029700.0,38026.5931372549
StringMapComparison.CborDecode,1,WorkloadActual,5,816,31025100.0,38020.955882352944
StringMapComparison.CborDecode,1,WorkloadActual,6,816,32011200.0,39229.41176470588
StringMapComparison.CborDecode,1,WorkloadResult,1,816,31824300.0,39000.367647058825
StringMapComparison.CborDecode,1,WorkloadResult,2,816,32222400.0,39488.23529411765
StringMapComparison.CborDecode,1,WorkloadResult,3,816,31401200.0,38481.86274509804
StringMapComparison.CborDecode,1,WorkloadResult,4,816,31027300.0,38023.651960784315
StringMapComparison.CborDecode,1,WorkloadResult,5,816,31022700.0,38018.01470588235
StringMapComparison.CborDecode,1,WorkloadResult,6,816,32008800.0,39226.470588235294
StringMapComparison.CborDecode,2,OverheadActual,1,5152,12700.0,2.465062111801242
StringMapComparison.CborDecode,2,OverheadActual,2,5152,12900.0,2.50388198757764
StringMapComparison.CborDecode,2,OverheadActual,3,5152,12900.0,2.50388198757764
StringMapComparison.CborDecode,2,OverheadActual,4,5152,12600.0,2.4456521739130435
StringMapComparison.CborDecode,2,OverheadActual,5,5152,12900.0,2.50388198757764
StringMapComparison.CborDecode,2,OverheadActual,6,5152,12900.0,2.50388198757764
StringMapComparison.CborDecode,2,OverheadActual,7,5152,12500.0,2.426242236024845
StringMapComparison.CborDecode,2,OverheadActual,8,5152,12300.0,2.387422360248447
StringMapComparison.CborDecode,2,OverheadActual,9,5152,12700.0,2.465062111801242
StringMapComparison.CborDecode,2,OverheadActual,10,5152,13300.0,2.5815217391304346
StringMapComparison.CborDecode,2,OverheadActual,11,5152,12200.0,2.3680124223602483
StringMapComparison.CborDecode,2,OverheadActual,12,5152,13400.0,2.6009316770186337
StringMapComparison.CborDecode,2,OverheadActual,13,5152,13100.0,2.5427018633540373
StringMapComparison.CborDecode,2,OverheadActual,14,5152,12400.0,2.406832298136646
StringMapComparison.CborDecode,2,OverheadActual,15,5152,13300.0,2.5815217391304346
StringMapComparison.CborDecode,2,WorkloadActual,1,5152,201884400.0,39185.63664596273
StringMapComparison.CborDecode,2,WorkloadActual,2,5152,201034400.0,39020.65217391304
StringMapComparison.CborDecode,2,WorkloadActual,3,5152,200886300.0,38991.90605590062
StringMapComparison.CborDecode,2,WorkloadActual,4,5152,200653600.0,38946.739130434784
StringMapComparison.CborDecode,2,WorkloadActual,5,5152,203378400.0,39475.62111801242
StringMapComparison.CborDecode,2,WorkloadActual,6,5152,204680600.0,39728.377329192546
StringMapComparison.CborDecode,2,WorkloadResult,1,5152,201871500.0,39183.132763975154
StringMapComparison.CborDecode,2,WorkloadResult,2,5152,201021500.0,39018.14829192546
StringMapComparison.CborDecode,2,WorkloadResult,3,5152,200873400.0,38989.40217391304
StringMapComparison.CborDecode,2,WorkloadResult,4,5152,200640700.0,38944.23524844721
StringMapComparison.CborDecode,2,WorkloadResult,5,5152,203365500.0,39473.117236024846
StringMapComparison.CborDecode,2,WorkloadResult,6,5152,204667700.0,39725.87344720497
StringMapComparison.MessagePackV4Decode,1,OverheadActual,1,7776,18600.0,2.3919753086419755
StringMapComparison.MessagePackV4Decode,1,OverheadActual,2,7776,18900.0,2.4305555555555554
StringMapComparison.MessagePackV4Decode,1,OverheadActual,3,7776,19100.0,2.456275720164609
StringMapComparison.MessagePackV4Decode,1,OverheadActual,4,7776,19700.0,2.5334362139917697
StringMapComparison.MessagePackV4Decode,1,OverheadActual,5,7776,19000.0,2.4434156378600824
StringMapComparison.MessagePackV4Decode,1,OverheadActual,6,7776,18600.0,2.3919753086419755
StringMapComparison.MessagePackV4Decode,1,OverheadActual,7,7776,18800.0,2.4176954732510287
StringMapComparison.MessagePackV4Decode,1,OverheadActual,8,7776,20200.0,2.597736625514403
StringMapComparison.MessagePackV4Decode,1,OverheadActual,9,7776,18800.0,2.4176954732510287
StringMapComparison.MessagePackV4Decode,1,OverheadActual,10,7776,19100.0,2.456275720164609
StringMapComparison.MessagePackV4Decode,1,OverheadActual,11,7776,18600.0,2.3919753086419755
StringMapComparison.MessagePackV4Decode,1,OverheadActual,12,7776,18700.0,2.404835390946502
StringMapComparison.MessagePackV4Decode,1,OverheadActual,13,7776,20000.0,2.57201646090535
StringMapComparison.MessagePackV4Decode,1,OverheadActual,14,7776,19100.0,2.456275720164609
StringMapComparison.MessagePackV4Decode,1,OverheadActual,15,7776,18500.0,2.3791152263374484
StringMapComparison.MessagePackV4Decode,1,WorkloadActual,1,7776,199505300.0,25656.545781893004
StringMapComparison.MessagePackV4Decode,1,WorkloadActual,2,7776,201082500.0,25859.375
StringMapComparison.MessagePackV4Decode,1,WorkloadActual,3,7776,201824800.0,25954.8353909465
StringMapComparison.MessagePackV4Decode,1,WorkloadActual,4,7776,207095700.0,26632.677469135804
StringMapComparison.MessagePackV4Decode,1,WorkloadActual,5,7776,201045000.0,25854.552469135804
StringMapComparison.MessagePackV4Decode,1,WorkloadActual,6,7776,200885400.0,25834.027777777777
StringMapComparison.MessagePackV4Decode,1,WorkloadResult,1,7776,199486400.0,25654.11522633745
StringMapComparison.MessagePackV4Decode,1,WorkloadResult,2,7776,201063600.0,25856.944444444445
StringMapComparison.MessagePackV4Decode,1,WorkloadResult,3,7776,201805900.0,25952.404835390946
StringMapComparison.MessagePackV4Decode,1,WorkloadResult,4,7776,201026100.0,25852.121913580246
StringMapComparison.MessagePackV4Decode,1,WorkloadResult,5,7776,200866500.0,25831.597222222223
StringMapComparison.MessagePackV4Decode,2,OverheadActual,1,7616,19200.0,2.5210084033613445
StringMapComparison.MessagePackV4Decode,2,OverheadActual,2,7616,18400.0,2.4159663865546217
StringMapComparison.MessagePackV4Decode,2,OverheadActual,3,7616,18600.0,2.4422268907563027
StringMapComparison.MessagePackV4Decode,2,OverheadActual,4,7616,18200.0,2.389705882352941
StringMapComparison.MessagePackV4Decode,2,OverheadActual,5,7616,18300.0,2.4028361344537816
StringMapComparison.MessagePackV4Decode,2,OverheadActual,6,7616,18300.0,2.4028361344537816
StringMapComparison.MessagePackV4Decode,2,OverheadActual,7,7616,18200.0,2.389705882352941
StringMapComparison.MessagePackV4Decode,2,OverheadActual,8,7616,18500.0,2.429096638655462
StringMapComparison.MessagePackV4Decode,2,OverheadActual,9,7616,18500.0,2.429096638655462
StringMapComparison.MessagePackV4Decode,2,OverheadActual,10,7616,18400.0,2.4159663865546217
StringMapComparison.MessagePackV4Decode,2,OverheadActual,11,7616,18300.0,2.4028361344537816
StringMapComparison.MessagePackV4Decode,2,OverheadActual,12,7616,18000.0,2.3634453781512605
StringMapComparison.MessagePackV4Decode,2,OverheadActual,13,7616,18100.0,2.376575630252101
StringMapComparison.MessagePackV4Decode,2,OverheadActual,14,7616,17900.0,2.35031512605042
StringMapComparison.MessagePackV4Decode,2,OverheadActual,15,7616,18300.0,2.4028361344537816
StringMapComparison.MessagePackV4Decode,2,WorkloadActual,1,7616,199184600.0,26153.44012605042
StringMapComparison.MessagePackV4Decode,2,WorkloadActual,2,7616,198614700.0,26078.610819327732
StringMapComparison.MessagePackV4Decode,2,WorkloadActual,3,7616,202917700.0,26643.605567226892
StringMapComparison.MessagePackV4Decode,2,WorkloadActual,4,7616,201035600.0,26396.481092436974
StringMapComparison.MessagePackV4Decode,2,WorkloadActual,5,7616,196916300.0,25855.60661764706
StringMapComparison.MessagePackV4Decode,2,WorkloadActual,6,7616,201156000.0,26412.289915966387
StringMapComparison.MessagePackV4Decode,2,WorkloadResult,1,7616,199166300.0,26151.037289915967
StringMapComparison.MessagePackV4Decode,2,WorkloadResult,2,7616,198596400.0,26076.20798319328
StringMapComparison.MessagePackV4Decode,2,WorkloadResult,3,7616,202899400.0,26641.20273109244
StringMapComparison.MessagePackV4Decode,2,WorkloadResult,4,7616,201017300.0,26394.07825630252
StringMapComparison.MessagePackV4Decode,2,WorkloadResult,5,7616,196898000.0,25853.203781512606
StringMapComparison.MessagePackV4Decode,2,WorkloadResult,6,7616,201137700.0,26409.887079831933
StringMapComparison.REDoxDecode,1,OverheadActual,1,1120,3200.0,2.857142857142857
StringMapComparison.REDoxDecode,1,OverheadActual,2,1120,3100.0,2.767857142857143
StringMapComparison.REDoxDecode,1,OverheadActual,3,1120,3200.0,2.857142857142857
StringMapComparison.REDoxDecode,1,OverheadActual,4,1120,3100.0,2.767857142857143
StringMapComparison.REDoxDecode,1,OverheadActual,5,1120,3100.0,2.767857142857143
StringMapComparison.REDoxDecode,1,OverheadActual,6,1120,3000.0,2.6785714285714284
StringMapComparison.REDoxDecode,1,OverheadActual,7,1120,3000.0,2.6785714285714284
StringMapComparison.REDoxDecode,1,OverheadActual,8,1120,3000.0,2.6785714285714284
StringMapComparison.REDoxDecode,1,OverheadActual,9,1120,2900.0,2.5892857142857144
StringMapComparison.REDoxDecode,1,OverheadActual,10,1120,3000.0,2.6785714285714284
StringMapComparison.REDoxDecode,1,OverheadActual,11,1120,3000.0,2.6785714285714284
StringMapComparison.REDoxDecode,1,OverheadActual,12,1120,2900.0,2.5892857142857144
StringMapComparison.REDoxDecode,1,OverheadActual,13,1120,2900.0,2.5892857142857144
StringMapComparison.REDoxDecode,1,OverheadActual,14,1120,3000.0,2.6785714285714284
StringMapComparison.REDoxDecode,1,OverheadActual,15,1120,2900.0,2.5892857142857144
StringMapComparison.REDoxDecode,1,WorkloadActual,1,1120,43677700.0,38997.94642857143
StringMapComparison.REDoxDecode,1,WorkloadActual,2,1120,43524500.0,38861.16071428572
StringMapComparison.REDoxDecode,1,WorkloadActual,3,1120,43306700.0,38666.69642857143
StringMapComparison.REDoxDecode,1,WorkloadActual,4,1120,44281600.0,39537.142857142855
StringMapComparison.REDoxDecode,1,WorkloadActual,5,1120,43025900.0,38415.982142857145
StringMapComparison.REDoxDecode,1,WorkloadActual,6,1120,42873400.0,38279.82142857143
StringMapComparison.REDoxDecode,1,WorkloadResult,1,1120,43674700.0,38995.267857142855
StringMapComparison.REDoxDecode,1,WorkloadResult,2,1120,43521500.0,38858.482142857145
StringMapComparison.REDoxDecode,1,WorkloadResult,3,1120,43303700.0,38664.017857142855
StringMapComparison.REDoxDecode,1,WorkloadResult,4,1120,44278600.0,39534.46428571428
StringMapComparison.REDoxDecode,1,WorkloadResult,5,1120,43022900.0,38413.30357142857
StringMapComparison.REDoxDecode,1,WorkloadResult,6,1120,42870400.0,38277.142857142855
StringMapComparison.REDoxDecode,2,OverheadActual,1,5168,13100.0,2.5348297213622293
StringMapComparison.REDoxDecode,2,OverheadActual,2,5168,13000.0,2.515479876160991
StringMapComparison.REDoxDecode,2,OverheadActual,3,5168,13300.0,2.573529411764706
StringMapComparison.REDoxDecode,2,OverheadActual,4,5168,12900.0,2.4961300309597525
StringMapComparison.REDoxDecode,2,OverheadActual,5,5168,13000.0,2.515479876160991
StringMapComparison.REDoxDecode,2,OverheadActual,6,5168,12500.0,2.418730650154799
StringMapComparison.REDoxDecode,2,OverheadActual,7,5168,12700.0,2.4574303405572757
StringMapComparison.REDoxDecode,2,OverheadActual,8,5168,12700.0,2.4574303405572757
StringMapComparison.REDoxDecode,2,OverheadActual,9,5168,12500.0,2.418730650154799
StringMapComparison.REDoxDecode,2,OverheadActual,10,5168,13200.0,2.5541795665634677
StringMapComparison.REDoxDecode,2,OverheadActual,11,5168,12500.0,2.418730650154799
StringMapComparison.REDoxDecode,2,OverheadActual,12,5168,12500.0,2.418730650154799
StringMapComparison.REDoxDecode,2,OverheadActual,13,5168,12500.0,2.418730650154799
StringMapComparison.REDoxDecode,2,OverheadActual,14,5168,12400.0,2.3993808049535605
StringMapComparison.REDoxDecode,2,OverheadActual,15,5168,12600.0,2.4380804953560373
StringMapComparison.REDoxDecode,2,WorkloadActual,1,5168,208345700.0,40314.57043343653
StringMapComparison.REDoxDecode,2,WorkloadActual,2,5168,204039800.0,39481.38544891641
StringMapComparison.REDoxDecode,2,WorkloadActual,3,5168,200125700.0,38724.01315789474
StringMapComparison.REDoxDecode,2,WorkloadActual,4,5168,199766500.0,38654.50851393189
StringMapComparison.REDoxDecode,2,WorkloadActual,5,5168,201039500.0,38900.83204334365
StringMapComparison.REDoxDecode,2,WorkloadActual,6,5168,203460200.0,39369.233746130034
StringMapComparison.REDoxDecode,2,WorkloadResult,1,5168,208333000.0,40312.113003095976
StringMapComparison.REDoxDecode,2,WorkloadResult,2,5168,204027100.0,39478.928018575854
StringMapComparison.REDoxDecode,2,WorkloadResult,3,5168,200113000.0,38721.55572755418
StringMapComparison.REDoxDecode,2,WorkloadResult,4,5168,199753800.0,38652.05108359133
StringMapComparison.REDoxDecode,2,WorkloadResult,5,5168,201026800.0,38898.3746130031
StringMapComparison.REDoxDecode,2,WorkloadResult,6,5168,203447500.0,39366.77631578947
StringMapComparison.SystemFormatsDecode,1,OverheadActual,1,3520,9100.0,2.585227272727273
StringMapComparison.SystemFormatsDecode,1,OverheadActual,2,3520,8900.0,2.528409090909091
StringMapComparison.SystemFormatsDecode,1,OverheadActual,3,3520,9100.0,2.585227272727273
StringMapComparison.SystemFormatsDecode,1,OverheadActual,4,3520,9000.0,2.5568181818181817
StringMapComparison.SystemFormatsDecode,1,OverheadActual,5,3520,8900.0,2.528409090909091
StringMapComparison.SystemFormatsDecode,1,OverheadActual,6,3520,8600.0,2.4431818181818183
StringMapComparison.SystemFormatsDecode,1,OverheadActual,7,3520,9300.0,2.6420454545454546
StringMapComparison.SystemFormatsDecode,1,OverheadActual,8,3520,8900.0,2.528409090909091
StringMapComparison.SystemFormatsDecode,1,OverheadActual,9,3520,9200.0,2.6136363636363638
StringMapComparison.SystemFormatsDecode,1,OverheadActual,10,3520,8800.0,2.5
StringMapComparison.SystemFormatsDecode,1,OverheadActual,11,3520,8500.0,2.414772727272727
StringMapComparison.SystemFormatsDecode,1,OverheadActual,12,3520,8700.0,2.471590909090909
StringMapComparison.SystemFormatsDecode,1,OverheadActual,13,3520,9000.0,2.5568181818181817
StringMapComparison.SystemFormatsDecode,1,OverheadActual,14,3520,8800.0,2.5
StringMapComparison.SystemFormatsDecode,1,OverheadActual,15,3520,8900.0,2.528409090909091
StringMapComparison.SystemFormatsDecode,1,WorkloadActual,1,3520,202575400.0,57549.829545454544
StringMapComparison.SystemFormatsDecode,1,WorkloadActual,2,3520,199635800.0,56714.71590909091
StringMapComparison.SystemFormatsDecode,1,WorkloadActual,3,3520,205984500.0,58518.32386363636
StringMapComparison.SystemFormatsDecode,1,WorkloadActual,4,3520,203010800.0,57673.52272727273
StringMapComparison.SystemFormatsDecode,1,WorkloadActual,5,3520,203082000.0,57693.75
StringMapComparison.SystemFormatsDecode,1,WorkloadActual,6,3520,198932300.0,56514.857954545456
StringMapComparison.SystemFormatsDecode,1,WorkloadResult,1,3520,202566500.0,57547.30113636364
StringMapComparison.SystemFormatsDecode,1,WorkloadResult,2,3520,199626900.0,56712.1875
StringMapComparison.SystemFormatsDecode,1,WorkloadResult,3,3520,205975600.0,58515.795454545456
StringMapComparison.SystemFormatsDecode,1,WorkloadResult,4,3520,203001900.0,57670.994318181816
StringMapComparison.SystemFormatsDecode,1,WorkloadResult,5,3520,203073100.0,57691.22159090909
StringMapComparison.SystemFormatsDecode,1,WorkloadResult,6,3520,198923400.0,56512.329545454544
StringMapComparison.SystemFormatsDecode,2,OverheadActual,1,3408,8700.0,2.5528169014084505
StringMapComparison.SystemFormatsDecode,2,OverheadActual,2,3408,8500.0,2.494131455399061
StringMapComparison.SystemFormatsDecode,2,OverheadActual,3,3408,8700.0,2.5528169014084505
StringMapComparison.SystemFormatsDecode,2,OverheadActual,4,3408,8400.0,2.464788732394366
StringMapComparison.SystemFormatsDecode,2,OverheadActual,5,3408,8700.0,2.5528169014084505
StringMapComparison.SystemFormatsDecode,2,OverheadActual,6,3408,8400.0,2.464788732394366
StringMapComparison.SystemFormatsDecode,2,OverheadActual,7,3408,8600.0,2.523474178403756
StringMapComparison.SystemFormatsDecode,2,OverheadActual,8,3408,8500.0,2.494131455399061
StringMapComparison.SystemFormatsDecode,2,OverheadActual,9,3408,9200.0,2.699530516431925
StringMapComparison.SystemFormatsDecode,2,OverheadActual,10,3408,9000.0,2.640845070422535
StringMapComparison.SystemFormatsDecode,2,OverheadActual,11,3408,8600.0,2.523474178403756
StringMapComparison.SystemFormatsDecode,2,OverheadActual,12,3408,8700.0,2.5528169014084505
StringMapComparison.SystemFormatsDecode,2,OverheadActual,13,3408,9400.0,2.7582159624413145
StringMapComparison.SystemFormatsDecode,2,OverheadActual,14,3408,9600.0,2.816901408450704
StringMapComparison.SystemFormatsDecode,2,OverheadActual,15,3408,8600.0,2.523474178403756
StringMapComparison.SystemFormatsDecode,2,WorkloadActual,1,3408,208512500.0,61183.24530516432
StringMapComparison.SystemFormatsDecode,2,WorkloadActual,2,3408,198994800.0,58390.49295774648
StringMapComparison.SystemFormatsDecode,2,WorkloadActual,3,3408,200407100.0,58804.900234741785
StringMapComparison.SystemFormatsDecode,2,WorkloadActual,4,3408,198728800.0,58312.44131455399
StringMapComparison.SystemFormatsDecode,2,WorkloadActual,5,3408,198342200.0,58199.00234741784
StringMapComparison.SystemFormatsDecode,2,WorkloadActual,6,3408,198485500.0,58241.05046948357
StringMapComparison.SystemFormatsDecode,2,WorkloadResult,1,3408,198986100.0,58387.94014084507
StringMapComparison.SystemFormatsDecode,2,WorkloadResult,2,3408,200398400.0,58802.34741784038
StringMapComparison.SystemFormatsDecode,2,WorkloadResult,3,3408,198720100.0,58309.88849765258
StringMapComparison.SystemFormatsDecode,2,WorkloadResult,4,3408,198333500.0,58196.44953051643
StringMapComparison.SystemFormatsDecode,2,WorkloadResult,5,3408,198476800.0,58238.49765258216
StringMapComparison.PeterODecode,1,OverheadActual,1,64,700.0,10.9375
StringMapComparison.PeterODecode,1,OverheadActual,2,64,600.0,9.375
StringMapComparison.PeterODecode,1,OverheadActual,3,64,700.0,10.9375
StringMapComparison.PeterODecode,1,OverheadActual,4,64,600.0,9.375
StringMapComparison.PeterODecode,1,OverheadActual,5,64,800.0,12.5
StringMapComparison.PeterODecode,1,OverheadActual,6,64,600.0,9.375
StringMapComparison.PeterODecode,1,OverheadActual,7,64,700.0,10.9375
StringMapComparison.PeterODecode,1,OverheadActual,8,64,600.0,9.375
StringMapComparison.PeterODecode,1,OverheadActual,9,64,600.0,9.375
StringMapComparison.PeterODecode,1,OverheadActual,10,64,500.0,7.8125
StringMapComparison.PeterODecode,1,OverheadActual,11,64,500.0,7.8125
StringMapComparison.PeterODecode,1,OverheadActual,12,64,500.0,7.8125
StringMapComparison.PeterODecode,1,OverheadActual,13,64,600.0,9.375
StringMapComparison.PeterODecode,1,OverheadActual,14,64,600.0,9.375
StringMapComparison.PeterODecode,1,OverheadActual,15,64,600.0,9.375
StringMapComparison.PeterODecode,1,OverheadActual,16,64,600.0,9.375
StringMapComparison.PeterODecode,1,OverheadActual,17,64,500.0,7.8125
StringMapComparison.PeterODecode,1,OverheadActual,18,64,600.0,9.375
StringMapComparison.PeterODecode,1,OverheadActual,19,64,600.0,9.375
StringMapComparison.PeterODecode,1,OverheadActual,20,64,500.0,7.8125
StringMapComparison.PeterODecode,1,WorkloadActual,1,64,66184300.0,1034129.6875
StringMapComparison.PeterODecode,1,WorkloadActual,2,64,65216300.0,1019004.6875
StringMapComparison.PeterODecode,1,WorkloadActual,3,64,65560500.0,1024382.8125
StringMapComparison.PeterODecode,1,WorkloadActual,4,64,44395300.0,693676.5625
StringMapComparison.PeterODecode,1,WorkloadActual,5,64,32852300.0,513317.1875
StringMapComparison.PeterODecode,1,WorkloadActual,6,64,33180500.0,518445.3125
StringMapComparison.PeterODecode,1,WorkloadResult,1,64,66183700.0,1034120.3125
StringMapComparison.PeterODecode,1,WorkloadResult,2,64,65215700.0,1018995.3125
StringMapComparison.PeterODecode,1,WorkloadResult,3,64,65559900.0,1024373.4375
StringMapComparison.PeterODecode,1,WorkloadResult,4,64,44394700.0,693667.1875
StringMapComparison.PeterODecode,1,WorkloadResult,5,64,32851700.0,513307.8125
StringMapComparison.PeterODecode,1,WorkloadResult,6,64,33179900.0,518435.9375
StringMapComparison.PeterODecode,2,OverheadActual,1,64,700.0,10.9375
StringMapComparison.PeterODecode,2,OverheadActual,2,64,600.0,9.375
StringMapComparison.PeterODecode,2,OverheadActual,3,64,600.0,9.375
StringMapComparison.PeterODecode,2,OverheadActual,4,64,500.0,7.8125
StringMapComparison.PeterODecode,2,OverheadActual,5,64,600.0,9.375
StringMapComparison.PeterODecode,2,OverheadActual,6,64,500.0,7.8125
StringMapComparison.PeterODecode,2,OverheadActual,7,64,600.0,9.375
StringMapComparison.PeterODecode,2,OverheadActual,8,64,600.0,9.375
StringMapComparison.PeterODecode,2,OverheadActual,9,64,600.0,9.375
StringMapComparison.PeterODecode,2,OverheadActual,10,64,500.0,7.8125
StringMapComparison.PeterODecode,2,OverheadActual,11,64,500.0,7.8125
StringMapComparison.PeterODecode,2,OverheadActual,12,64,600.0,9.375
StringMapComparison.PeterODecode,2,OverheadActual,13,64,500.0,7.8125
StringMapComparison.PeterODecode,2,OverheadActual,14,64,500.0,7.8125
StringMapComparison.PeterODecode,2,OverheadActual,15,64,500.0,7.8125
StringMapComparison.PeterODecode,2,OverheadActual,16,64,400.0,6.25
StringMapComparison.PeterODecode,2,OverheadActual,17,64,500.0,7.8125
StringMapComparison.PeterODecode,2,OverheadActual,18,64,700.0,10.9375
StringMapComparison.PeterODecode,2,OverheadActual,19,64,500.0,7.8125
StringMapComparison.PeterODecode,2,OverheadActual,20,64,600.0,9.375
StringMapComparison.PeterODecode,2,WorkloadActual,1,64,52825100.0,825392.1875
StringMapComparison.PeterODecode,2,WorkloadActual,2,64,52515800.0,820559.375
StringMapComparison.PeterODecode,2,WorkloadActual,3,64,51721400.0,808146.875
StringMapComparison.PeterODecode,2,WorkloadActual,4,64,52345400.0,817896.875
StringMapComparison.PeterODecode,2,WorkloadActual,5,64,33368700.0,521385.9375
StringMapComparison.PeterODecode,2,WorkloadActual,6,64,33293700.0,520214.0625
StringMapComparison.PeterODecode,2,WorkloadResult,1,64,52824550.0,825383.59375
StringMapComparison.PeterODecode,2,WorkloadResult,2,64,52515250.0,820550.78125
StringMapComparison.PeterODecode,2,WorkloadResult,3,64,51720850.0,808138.28125
StringMapComparison.PeterODecode,2,WorkloadResult,4,64,52344850.0,817888.28125
StringMapComparison.PeterODecode,2,WorkloadResult,5,64,33368150.0,521377.34375
StringMapComparison.PeterODecode,2,WorkloadResult,6,64,33293150.0,520205.46875
StringMapComparison.CborEncode,1,OverheadActual,1,13888,33900.0,2.4409562211981566
StringMapComparison.CborEncode,1,OverheadActual,2,13888,33100.0,2.383352534562212
StringMapComparison.CborEncode,1,OverheadActual,3,13888,34300.0,2.469758064516129
StringMapComparison.CborEncode,1,OverheadActual,4,13888,33300.0,2.397753456221198
StringMapComparison.CborEncode,1,OverheadActual,5,13888,34300.0,2.469758064516129
StringMapComparison.CborEncode,1,OverheadActual,6,13888,32100.0,2.311347926267281
StringMapComparison.CborEncode,1,OverheadActual,7,13888,32700.0,2.3545506912442398
StringMapComparison.CborEncode,1,OverheadActual,8,13888,32800.0,2.3617511520737327
StringMapComparison.CborEncode,1,OverheadActual,9,13888,32800.0,2.3617511520737327
StringMapComparison.CborEncode,1,OverheadActual,10,13888,35000.0,2.5201612903225805
StringMapComparison.CborEncode,1,OverheadActual,11,13888,35500.0,2.5561635944700463
StringMapComparison.CborEncode,1,OverheadActual,12,13888,35100.0,2.527361751152074
StringMapComparison.CborEncode,1,OverheadActual,13,13888,34600.0,2.491359447004608
StringMapComparison.CborEncode,1,OverheadActual,14,13888,32400.0,2.3329493087557602
StringMapComparison.CborEncode,1,OverheadActual,15,13888,32500.0,2.3401497695852536
StringMapComparison.CborEncode,1,WorkloadActual,1,13888,201267900.0,14492.216301843318
StringMapComparison.CborEncode,1,WorkloadActual,2,13888,199885500.0,14392.677131336406
StringMapComparison.CborEncode,1,WorkloadActual,3,13888,201093400.0,14479.651497695853
StringMapComparison.CborEncode,1,WorkloadActual,4,13888,200638500.0,14446.896601382488
StringMapComparison.CborEncode,1,WorkloadActual,5,13888,200626800.0,14446.054147465438
StringMapComparison.CborEncode,1,WorkloadActual,6,13888,199518300.0,14366.237039170506
StringMapComparison.CborEncode,1,WorkloadResult,1,13888,201234600.0,14489.818548387097
StringMapComparison.CborEncode,1,WorkloadResult,2,13888,199852200.0,14390.279377880184
StringMapComparison.CborEncode,1,WorkloadResult,3,13888,201060100.0,14477.253744239631
StringMapComparison.CborEncode,1,WorkloadResult,4,13888,200605200.0,14444.498847926267
StringMapComparison.CborEncode,1,WorkloadResult,5,13888,200593500.0,14443.656394009216
StringMapComparison.CborEncode,1,WorkloadResult,6,13888,199485000.0,14363.839285714286
StringMapComparison.CborEncode,2,OverheadActual,1,13712,33000.0,2.406651108518086
StringMapComparison.CborEncode,2,OverheadActual,2,13712,33200.0,2.4212368728121354
StringMapComparison.CborEncode,2,OverheadActual,3,13712,33600.0,2.4504084014002334
StringMapComparison.CborEncode,2,OverheadActual,4,13712,33500.0,2.443115519253209
StringMapComparison.CborEncode,2,OverheadActual,5,13712,32100.0,2.3410151691948657
StringMapComparison.CborEncode,2,OverheadActual,6,13712,39200.0,2.8588098016336057
StringMapComparison.CborEncode,2,OverheadActual,7,13712,32100.0,2.3410151691948657
StringMapComparison.CborEncode,2,OverheadActual,8,13712,34400.0,2.5087514585764294
StringMapComparison.CborEncode,2,OverheadActual,9,13712,32900.0,2.3993582263710618
StringMapComparison.CborEncode,2,OverheadActual,10,13712,33000.0,2.406651108518086
StringMapComparison.CborEncode,2,OverheadActual,11,13712,34500.0,2.516044340723454
StringMapComparison.CborEncode,2,OverheadActual,12,13712,34500.0,2.516044340723454
StringMapComparison.CborEncode,2,OverheadActual,13,13712,34200.0,2.49416569428238
StringMapComparison.CborEncode,2,OverheadActual,14,13712,32300.0,2.355600933488915
StringMapComparison.CborEncode,2,OverheadActual,15,13712,32400.0,2.3628938156359394
StringMapComparison.CborEncode,2,WorkloadActual,1,13712,199987900.0,14584.881855309219
StringMapComparison.CborEncode,2,WorkloadActual,2,13712,203369900.0,14831.527129521586
StringMapComparison.CborEncode,2,WorkloadActual,3,13712,200141700.0,14596.098308051342
StringMapComparison.CborEncode,2,WorkloadActual,4,13712,201112000.0,14666.86114352392
StringMapComparison.CborEncode,2,WorkloadActual,5,13712,200937900.0,14654.164235705952
StringMapComparison.CborEncode,2,WorkloadActual,6,13712,203448200.0,14837.237456242707
StringMapComparison.CborEncode,2,WorkloadResult,1,13712,199954700.0,14582.460618436406
StringMapComparison.CborEncode,2,WorkloadResult,2,13712,203336700.0,14829.105892648775
StringMapComparison.CborEncode,2,WorkloadResult,3,13712,200108500.0,14593.67707117853
StringMapComparison.CborEncode,2,WorkloadResult,4,13712,201078800.0,14664.439906651109
StringMapComparison.CborEncode,2,WorkloadResult,5,13712,200904700.0,14651.742998833139
StringMapComparison.CborEncode,2,WorkloadResult,6,13712,203415000.0,14834.816219369895
StringMapComparison.MessagePackV4Encode,1,OverheadActual,1,25264,61100.0,2.4184610512982903
StringMapComparison.MessagePackV4Encode,1,OverheadActual,2,25264,60100.0,2.378879037365421
StringMapComparison.MessagePackV4Encode,1,OverheadActual,3,25264,61300.0,2.426377454084864
StringMapComparison.MessagePackV4Encode,1,OverheadActual,4,25264,62400.0,2.4699176694110196
StringMapComparison.MessagePackV4Encode,1,OverheadActual,5,25264,58800.0,2.3274224192526916
StringMapComparison.MessagePackV4Encode,1,OverheadActual,6,25264,64700.0,2.560956301456618
StringMapComparison.MessagePackV4Encode,1,OverheadActual,7,25264,59900.0,2.3709626345788473
StringMapComparison.MessagePackV4Encode,1,OverheadActual,8,25264,64400.0,2.5490816972767574
StringMapComparison.MessagePackV4Encode,1,OverheadActual,9,25264,59000.0,2.3353388220392652
StringMapComparison.MessagePackV4Encode,1,OverheadActual,10,25264,60000.0,2.374920835972134
StringMapComparison.MessagePackV4Encode,1,OverheadActual,11,25264,61900.0,2.450126662444585
StringMapComparison.MessagePackV4Encode,1,OverheadActual,12,25264,62700.0,2.48179227359088
StringMapComparison.MessagePackV4Encode,1,OverheadActual,13,25264,59300.0,2.347213426219126
StringMapComparison.MessagePackV4Encode,1,OverheadActual,14,25264,60700.0,2.4026282457251424
StringMapComparison.MessagePackV4Encode,1,OverheadActual,15,25264,58200.0,2.30367321089297
StringMapComparison.MessagePackV4Encode,1,WorkloadActual,1,25264,200094800.0,7920.155161494617
StringMapComparison.MessagePackV4Encode,1,WorkloadActual,2,25264,199050300.0,7878.811747941735
StringMapComparison.MessagePackV4Encode,1,WorkloadActual,3,25264,198178400.0,7844.300189993667
StringMapComparison.MessagePackV4Encode,1,WorkloadActual,4,25264,199053300.0,7878.930493983534
StringMapComparison.MessagePackV4Encode,1,WorkloadActual,5,25264,200814100.0,7948.62650411653
StringMapComparison.MessagePackV4Encode,1,WorkloadActual,6,25264,198489700.0,7856.622070930969
StringMapComparison.MessagePackV4Encode,1,WorkloadResult,1,25264,200034100.0,7917.752533248891
StringMapComparison.MessagePackV4Encode,1,WorkloadResult,2,25264,198989600.0,7876.40911969601
StringMapComparison.MessagePackV4Encode,1,WorkloadResult,3,25264,198117700.0,7841.897561747942
StringMapComparison.MessagePackV4Encode,1,WorkloadResult,4,25264,198992600.0,7876.5278657378085
StringMapComparison.MessagePackV4Encode,1,WorkloadResult,5,25264,200753400.0,7946.2238758708045
StringMapComparison.MessagePackV4Encode,1,WorkloadResult,6,25264,198429000.0,7854.219442685244
StringMapComparison.MessagePackV4Encode,2,OverheadActual,1,25248,59700.0,2.3645437262357416
StringMapComparison.MessagePackV4Encode,2,OverheadActual,2,25248,61400.0,2.431875792141952
StringMapComparison.MessagePackV4Encode,2,OverheadActual,3,25248,61200.0,2.423954372623574
StringMapComparison.MessagePackV4Encode,2,OverheadActual,4,25248,61600.0,2.4397972116603297
StringMapComparison.MessagePackV4Encode,2,OverheadActual,5,25248,60600.0,2.400190114068441
StringMapComparison.MessagePackV4Encode,2,OverheadActual,6,25248,61200.0,2.423954372623574
StringMapComparison.MessagePackV4Encode,2,OverheadActual,7,25248,60800.0,2.4081115335868186
StringMapComparison.MessagePackV4Encode,2,OverheadActual,8,25248,58100.0,2.30117237008872
StringMapComparison.MessagePackV4Encode,2,OverheadActual,9,25248,65100.0,2.578422053231939
StringMapComparison.MessagePackV4Encode,2,OverheadActual,10,25248,58300.0,2.3090937896070978
StringMapComparison.MessagePackV4Encode,2,OverheadActual,11,25248,58000.0,2.297211660329531
StringMapComparison.MessagePackV4Encode,2,OverheadActual,12,25248,58400.0,2.3130544993662863
StringMapComparison.MessagePackV4Encode,2,OverheadActual,13,25248,59400.0,2.352661596958175
StringMapComparison.MessagePackV4Encode,2,OverheadActual,14,25248,58000.0,2.297211660329531
StringMapComparison.MessagePackV4Encode,2,OverheadActual,15,25248,59500.0,2.3566223067173637
StringMapComparison.MessagePackV4Encode,2,WorkloadActual,1,25248,200909300.0,7957.434252217998
StringMapComparison.MessagePackV4Encode,2,WorkloadActual,2,25248,206322600.0,8171.8393536121675
StringMapComparison.MessagePackV4Encode,2,WorkloadActual,3,25248,199678600.0,7908.68979721166
StringMapComparison.MessagePackV4Encode,2,WorkloadActual,4,25248,198084000.0,7845.532319391635
StringMapComparison.MessagePackV4Encode,2,WorkloadActual,5,25248,199487600.0,7901.12484157161
StringMapComparison.MessagePackV4Encode,2,WorkloadActual,6,25248,200030700.0,7922.635456273764
StringMapComparison.MessagePackV4Encode,2,WorkloadResult,1,25248,200849600.0,7955.069708491762
StringMapComparison.MessagePackV4Encode,2,WorkloadResult,2,25248,199618900.0,7906.325253485425
StringMapComparison.MessagePackV4Encode,2,WorkloadResult,3,25248,198024300.0,7843.167775665399
StringMapComparison.MessagePackV4Encode,2,WorkloadResult,4,25248,199427900.0,7898.760297845374
StringMapComparison.MessagePackV4Encode,2,WorkloadResult,5,25248,199971000.0,7920.2709125475285
StringMapComparison.REDoxEncode,1,OverheadActual,1,13920,33000.0,2.3706896551724137
StringMapComparison.REDoxEncode,1,OverheadActual,2,13920,34000.0,2.442528735632184
StringMapComparison.REDoxEncode,1,OverheadActual,3,13920,33900.0,2.435344827586207
StringMapComparison.REDoxEncode,1,OverheadActual,4,13920,35300.0,2.535919540229885
StringMapComparison.REDoxEncode,1,OverheadActual,5,13920,33200.0,2.3850574712643677
StringMapComparison.REDoxEncode,1,OverheadActual,6,13920,33200.0,2.3850574712643677
StringMapComparison.REDoxEncode,1,OverheadActual,7,13920,32900.0,2.3635057471264367
StringMapComparison.REDoxEncode,1,OverheadActual,8,13920,33900.0,2.435344827586207
StringMapComparison.REDoxEncode,1,OverheadActual,9,13920,33400.0,2.3994252873563218
StringMapComparison.REDoxEncode,1,OverheadActual,10,13920,32900.0,2.3635057471264367
StringMapComparison.REDoxEncode,1,OverheadActual,11,13920,35700.0,2.564655172413793
StringMapComparison.REDoxEncode,1,OverheadActual,12,13920,34700.0,2.492816091954023
StringMapComparison.REDoxEncode,1,OverheadActual,13,13920,32700.0,2.3491379310344827
StringMapComparison.REDoxEncode,1,OverheadActual,14,13920,33900.0,2.435344827586207
StringMapComparison.REDoxEncode,1,OverheadActual,15,13920,32700.0,2.3491379310344827
StringMapComparison.REDoxEncode,1,WorkloadActual,1,13920,200879300.0,14430.9841954023
StringMapComparison.REDoxEncode,1,WorkloadActual,2,13920,201077500.0,14445.222701149425
StringMapComparison.REDoxEncode,1,WorkloadActual,3,13920,198924100.0,14290.524425287356
StringMapComparison.REDoxEncode,1,WorkloadActual,4,13920,210130400.0,15095.574712643678
StringMapComparison.REDoxEncode,1,WorkloadActual,5,13920,200172800.0,14380.229885057472
StringMapComparison.REDoxEncode,1,WorkloadActual,6,13920,200422900.0,14398.19683908046
StringMapComparison.REDoxEncode,1,WorkloadResult,1,13920,200845900.0,14428.584770114943
StringMapComparison.REDoxEncode,1,WorkloadResult,2,13920,201044100.0,14442.823275862069
StringMapComparison.REDoxEncode,1,WorkloadResult,3,13920,198890700.0,14288.125
StringMapComparison.REDoxEncode,1,WorkloadResult,4,13920,200139400.0,14377.830459770115
StringMapComparison.REDoxEncode,1,WorkloadResult,5,13920,200389500.0,14395.797413793103
StringMapComparison.REDoxEncode,2,OverheadActual,1,13808,33100.0,2.3971610660486675
StringMapComparison.REDoxEncode,2,OverheadActual,2,13808,34200.0,2.476825028968714
StringMapComparison.REDoxEncode,2,OverheadActual,3,13808,34400.0,2.4913093858632678
StringMapComparison.REDoxEncode,2,OverheadActual,4,13808,32400.0,2.346465816917729
StringMapComparison.REDoxEncode,2,OverheadActual,5,13808,32000.0,2.317497103128621
StringMapComparison.REDoxEncode,2,OverheadActual,6,13808,33000.0,2.3899188876013904
StringMapComparison.REDoxEncode,2,OverheadActual,7,13808,32200.0,2.331981460023175
StringMapComparison.REDoxEncode,2,OverheadActual,8,13808,32600.0,2.3609501738122827
StringMapComparison.REDoxEncode,2,OverheadActual,9,13808,32600.0,2.3609501738122827
StringMapComparison.REDoxEncode,2,OverheadActual,10,13808,32800.0,2.3754345307068365
StringMapComparison.REDoxEncode,2,OverheadActual,11,13808,33600.0,2.433371958285052
StringMapComparison.REDoxEncode,2,OverheadActual,12,13808,33200.0,2.4044032444959442
StringMapComparison.REDoxEncode,2,OverheadActual,13,13808,32700.0,2.36819235225956
StringMapComparison.REDoxEncode,2,OverheadActual,14,13808,33000.0,2.3899188876013904
StringMapComparison.REDoxEncode,2,OverheadActual,15,13808,32900.0,2.3826767091541137
StringMapComparison.REDoxEncode,2,WorkloadActual,1,13808,199798600.0,14469.771147161066
StringMapComparison.REDoxEncode,2,WorkloadActual,2,13808,200076400.0,14489.889918887602
StringMapComparison.REDoxEncode,2,WorkloadActual,3,13808,199152300.0,14422.964947856315
StringMapComparison.REDoxEncode,2,WorkloadActual,4,13808,206206200.0,14933.820973348784
StringMapComparison.REDoxEncode,2,WorkloadActual,5,13808,199516900.0,14449.369930475086
StringMapComparison.REDoxEncode,2,WorkloadActual,6,13808,200609000.0,14528.461761297798
StringMapComparison.REDoxEncode,2,WorkloadResult,1,13808,199765700.0,14467.388470451911
StringMapComparison.REDoxEncode,2,WorkloadResult,2,13808,200043500.0,14487.507242178448
StringMapComparison.REDoxEncode,2,WorkloadResult,3,13808,199119400.0,14420.582271147161
StringMapComparison.REDoxEncode,2,WorkloadResult,4,13808,199484000.0,14446.987253765932
StringMapComparison.REDoxEncode,2,WorkloadResult,5,13808,200576100.0,14526.079084588644
StringMapComparison.SystemFormatsEncode,1,OverheadActual,1,5392,13300.0,2.4666172106824926
StringMapComparison.SystemFormatsEncode,1,OverheadActual,2,5392,13500.0,2.5037091988130564
StringMapComparison.SystemFormatsEncode,1,OverheadActual,3,5392,13900.0,2.577893175074184
StringMapComparison.SystemFormatsEncode,1,OverheadActual,4,5392,13200.0,2.4480712166172105
StringMapComparison.SystemFormatsEncode,1,OverheadActual,5,5392,13100.0,2.429525222551929
StringMapComparison.SystemFormatsEncode,1,OverheadActual,6,5392,13500.0,2.5037091988130564
StringMapComparison.SystemFormatsEncode,1,OverheadActual,7,5392,13300.0,2.4666172106824926
StringMapComparison.SystemFormatsEncode,1,OverheadActual,8,5392,13300.0,2.4666172106824926
StringMapComparison.SystemFormatsEncode,1,OverheadActual,9,5392,13000.0,2.4109792284866467
StringMapComparison.SystemFormatsEncode,1,OverheadActual,10,5392,13300.0,2.4666172106824926
StringMapComparison.SystemFormatsEncode,1,OverheadActual,11,5392,13200.0,2.4480712166172105
StringMapComparison.SystemFormatsEncode,1,OverheadActual,12,5392,13400.0,2.4851632047477743
StringMapComparison.SystemFormatsEncode,1,OverheadActual,13,5392,13200.0,2.4480712166172105
StringMapComparison.SystemFormatsEncode,1,OverheadActual,14,5392,12900.0,2.392433234421365
StringMapComparison.SystemFormatsEncode,1,OverheadActual,15,5392,13300.0,2.4666172106824926
StringMapComparison.SystemFormatsEncode,1,WorkloadActual,1,5392,201655100.0,37398.942878338275
StringMapComparison.SystemFormatsEncode,1,WorkloadActual,2,5392,203298200.0,37703.672106824924
StringMapComparison.SystemFormatsEncode,1,WorkloadActual,3,5392,199332600.0,36968.21216617211
StringMapComparison.SystemFormatsEncode,1,WorkloadActual,4,5392,200079100.0,37106.65801186943
StringMapComparison.SystemFormatsEncode,1,WorkloadActual,5,5392,198016900.0,36724.20252225519
StringMapComparison.SystemFormatsEncode,1,WorkloadActual,6,5392,202789900.0,37609.4028189911
StringMapComparison.SystemFormatsEncode,1,WorkloadResult,1,5392,201641800.0,37396.476261127595
StringMapComparison.SystemFormatsEncode,1,WorkloadResult,2,5392,203284900.0,37701.20548961424
StringMapComparison.SystemFormatsEncode,1,WorkloadResult,3,5392,199319300.0,36965.74554896142
StringMapComparison.SystemFormatsEncode,1,WorkloadResult,4,5392,200065800.0,37104.19139465875
StringMapComparison.SystemFormatsEncode,1,WorkloadResult,5,5392,198003600.0,36721.73590504451
StringMapComparison.SystemFormatsEncode,1,WorkloadResult,6,5392,202776600.0,37606.936201780416
StringMapComparison.SystemFormatsEncode,2,OverheadActual,1,5344,13200.0,2.470059880239521
StringMapComparison.SystemFormatsEncode,2,OverheadActual,2,5344,13500.0,2.5261976047904193
StringMapComparison.SystemFormatsEncode,2,OverheadActual,3,5344,13600.0,2.5449101796407185
StringMapComparison.SystemFormatsEncode,2,OverheadActual,4,5344,14000.0,2.6197604790419162
StringMapComparison.SystemFormatsEncode,2,OverheadActual,5,5344,13700.0,2.563622754491018
StringMapComparison.SystemFormatsEncode,2,OverheadActual,6,5344,13600.0,2.5449101796407185
StringMapComparison.SystemFormatsEncode,2,OverheadActual,7,5344,13200.0,2.470059880239521
StringMapComparison.SystemFormatsEncode,2,OverheadActual,8,5344,12800.0,2.395209580838323
StringMapComparison.SystemFormatsEncode,2,OverheadActual,9,5344,13400.0,2.5074850299401197
StringMapComparison.SystemFormatsEncode,2,OverheadActual,10,5344,13500.0,2.5261976047904193
StringMapComparison.SystemFormatsEncode,2,OverheadActual,11,5344,16900.0,3.162425149700599
StringMapComparison.SystemFormatsEncode,2,OverheadActual,12,5344,13000.0,2.432634730538922
StringMapComparison.SystemFormatsEncode,2,OverheadActual,13,5344,13100.0,2.4513473053892216
StringMapComparison.SystemFormatsEncode,2,OverheadActual,14,5344,13100.0,2.4513473053892216
StringMapComparison.SystemFormatsEncode,2,OverheadActual,15,5344,13000.0,2.432634730538922
StringMapComparison.SystemFormatsEncode,2,WorkloadActual,1,5344,201560000.0,37717.065868263475
StringMapComparison.SystemFormatsEncode,2,WorkloadActual,2,5344,203856100.0,38146.725299401194
StringMapComparison.SystemFormatsEncode,2,WorkloadActual,3,5344,201609000.0,37726.23502994012
StringMapComparison.SystemFormatsEncode,2,WorkloadActual,4,5344,204123000.0,38196.66916167665
StringMapComparison.SystemFormatsEncode,2,WorkloadActual,5,5344,198690600.0,37180.127245508986
StringMapComparison.SystemFormatsEncode,2,WorkloadActual,6,5344,199365000.0,37306.3248502994
StringMapComparison.SystemFormatsEncode,2,WorkloadResult,1,5344,201546600.0,37714.55838323353
StringMapComparison.SystemFormatsEncode,2,WorkloadResult,2,5344,203842700.0,38144.21781437126
StringMapComparison.SystemFormatsEncode,2,WorkloadResult,3,5344,201595600.0,37723.72754491018
StringMapComparison.SystemFormatsEncode,2,WorkloadResult,4,5344,204109600.0,38194.161676646705
StringMapComparison.SystemFormatsEncode,2,WorkloadResult,5,5344,198677200.0,37177.61976047904
StringMapComparison.SystemFormatsEncode,2,WorkloadResult,6,5344,199351600.0,37303.81736526946
StringMapComparison.PeterOEncode,1,OverheadActual,1,240,1000.0,4.166666666666667
StringMapComparison.PeterOEncode,1,OverheadActual,2,240,1100.0,4.583333333333333
StringMapComparison.PeterOEncode,1,OverheadActual,3,240,1100.0,4.583333333333333
StringMapComparison.PeterOEncode,1,OverheadActual,4,240,1100.0,4.583333333333333
StringMapComparison.PeterOEncode,1,OverheadActual,5,240,1000.0,4.166666666666667
StringMapComparison.PeterOEncode,1,OverheadActual,6,240,1200.0,5.0
StringMapComparison.PeterOEncode,1,OverheadActual,7,240,1000.0,4.166666666666667
StringMapComparison.PeterOEncode,1,OverheadActual,8,240,1000.0,4.166666666666667
StringMapComparison.PeterOEncode,1,OverheadActual,9,240,900.0,3.75
StringMapComparison.PeterOEncode,1,OverheadActual,10,240,900.0,3.75
StringMapComparison.PeterOEncode,1,OverheadActual,11,240,1000.0,4.166666666666667
StringMapComparison.PeterOEncode,1,OverheadActual,12,240,900.0,3.75
StringMapComparison.PeterOEncode,1,OverheadActual,13,240,1000.0,4.166666666666667
StringMapComparison.PeterOEncode,1,OverheadActual,14,240,1000.0,4.166666666666667
StringMapComparison.PeterOEncode,1,OverheadActual,15,240,1000.0,4.166666666666667
StringMapComparison.PeterOEncode,1,OverheadActual,16,240,800.0,3.3333333333333335
StringMapComparison.PeterOEncode,1,OverheadActual,17,240,900.0,3.75
StringMapComparison.PeterOEncode,1,OverheadActual,18,240,1200.0,5.0
StringMapComparison.PeterOEncode,1,OverheadActual,19,240,900.0,3.75
StringMapComparison.PeterOEncode,1,OverheadActual,20,240,1000.0,4.166666666666667
StringMapComparison.PeterOEncode,1,WorkloadActual,1,240,209697500.0,873739.5833333334
StringMapComparison.PeterOEncode,1,WorkloadActual,2,240,212544300.0,885601.25
StringMapComparison.PeterOEncode,1,WorkloadActual,3,240,212085700.0,883690.4166666666
StringMapComparison.PeterOEncode,1,WorkloadActual,4,240,208715100.0,869646.25
StringMapComparison.PeterOEncode,1,WorkloadActual,5,240,210864100.0,878600.4166666666
StringMapComparison.PeterOEncode,1,WorkloadActual,6,240,210303200.0,876263.3333333334
StringMapComparison.PeterOEncode,1,WorkloadResult,1,240,209696500.0,873735.4166666666
StringMapComparison.PeterOEncode,1,WorkloadResult,2,240,212543300.0,885597.0833333334
StringMapComparison.PeterOEncode,1,WorkloadResult,3,240,212084700.0,883686.25
StringMapComparison.PeterOEncode,1,WorkloadResult,4,240,208714100.0,869642.0833333334
StringMapComparison.PeterOEncode,1,WorkloadResult,5,240,210863100.0,878596.25
StringMapComparison.PeterOEncode,1,WorkloadResult,6,240,210302200.0,876259.1666666666
StringMapComparison.PeterOEncode,2,OverheadActual,1,240,1000.0,4.166666666666667
StringMapComparison.PeterOEncode,2,OverheadActual,2,240,1000.0,4.166666666666667
StringMapComparison.PeterOEncode,2,OverheadActual,3,240,1000.0,4.166666666666667
StringMapComparison.PeterOEncode,2,OverheadActual,4,240,1000.0,4.166666666666667
StringMapComparison.PeterOEncode,2,OverheadActual,5,240,1000.0,4.166666666666667
StringMapComparison.PeterOEncode,2,OverheadActual,6,240,1000.0,4.166666666666667
StringMapComparison.PeterOEncode,2,OverheadActual,7,240,1000.0,4.166666666666667
StringMapComparison.PeterOEncode,2,OverheadActual,8,240,900.0,3.75
StringMapComparison.PeterOEncode,2,OverheadActual,9,240,1000.0,4.166666666666667
StringMapComparison.PeterOEncode,2,OverheadActual,10,240,1000.0,4.166666666666667
StringMapComparison.PeterOEncode,2,OverheadActual,11,240,900.0,3.75
StringMapComparison.PeterOEncode,2,OverheadActual,12,240,900.0,3.75
StringMapComparison.PeterOEncode,2,OverheadActual,13,240,1000.0,4.166666666666667
StringMapComparison.PeterOEncode,2,OverheadActual,14,240,900.0,3.75
StringMapComparison.PeterOEncode,2,OverheadActual,15,240,900.0,3.75
StringMapComparison.PeterOEncode,2,OverheadActual,16,240,900.0,3.75
StringMapComparison.PeterOEncode,2,OverheadActual,17,240,900.0,3.75
StringMapComparison.PeterOEncode,2,OverheadActual,18,240,1100.0,4.583333333333333
StringMapComparison.PeterOEncode,2,OverheadActual,19,240,1000.0,4.166666666666667
StringMapComparison.PeterOEncode,2,OverheadActual,20,240,1000.0,4.166666666666667
StringMapComparison.PeterOEncode,2,WorkloadActual,1,240,202727600.0,844698.3333333334
StringMapComparison.PeterOEncode,2,WorkloadActual,2,240,203300600.0,847085.8333333334
StringMapComparison.PeterOEncode,2,WorkloadActual,3,240,202699100.0,844579.5833333334
StringMapComparison.PeterOEncode,2,WorkloadActual,4,240,202800700.0,845002.9166666666
StringMapComparison.PeterOEncode,2,WorkloadActual,5,240,207160200.0,863167.5
StringMapComparison.PeterOEncode,2,WorkloadActual,6,240,203128000.0,846366.6666666666
StringMapComparison.PeterOEncode,2,WorkloadResult,1,240,202726600.0,844694.1666666666
StringMapComparison.PeterOEncode,2,WorkloadResult,2,240,203299600.0,847081.6666666666
StringMapComparison.PeterOEncode,2,WorkloadResult,3,240,202698100.0,844575.4166666666
StringMapComparison.PeterOEncode,2,WorkloadResult,4,240,202799700.0,844998.75
StringMapComparison.PeterOEncode,2,WorkloadResult,5,240,203127000.0,846362.5
