case,launch,stage,iteration,operations,total_ns,ns_per_operation
IntegerArrayComparison.CborDecode,1,OverheadActual,1,82720,200100.0,2.4190038684719535
IntegerArrayComparison.CborDecode,1,OverheadActual,2,82720,197300.0,2.385154738878143
IntegerArrayComparison.CborDecode,1,OverheadActual,3,82720,200400.0,2.4226305609284333
IntegerArrayComparison.CborDecode,1,OverheadActual,4,82720,215600.0,2.606382978723404
IntegerArrayComparison.CborDecode,1,OverheadActual,5,82720,200500.0,2.4238394584139265
IntegerArrayComparison.CborDecode,1,OverheadActual,6,82720,203400.0,2.4588974854932304
IntegerArrayComparison.CborDecode,1,OverheadActual,7,82720,195800.0,2.367021276595745
IntegerArrayComparison.CborDecode,1,OverheadActual,8,82720,196700.0,2.377901353965184
IntegerArrayComparison.CborDecode,1,OverheadActual,9,82720,202900.0,2.452852998065764
IntegerArrayComparison.CborDecode,1,OverheadActual,10,82720,193000.0,2.3331721470019344
IntegerArrayComparison.CborDecode,1,OverheadActual,11,82720,197700.0,2.389990328820116
IntegerArrayComparison.CborDecode,1,OverheadActual,12,82720,197800.0,2.391199226305609
IntegerArrayComparison.CborDecode,1,OverheadActual,13,82720,197400.0,2.3863636363636362
IntegerArrayComparison.CborDecode,1,OverheadActual,14,82720,195500.0,2.363394584139265
IntegerArrayComparison.CborDecode,1,OverheadActual,15,82720,200700.0,2.426257253384913
IntegerArrayComparison.CborDecode,1,WorkloadActual,1,82720,504777000.0,6102.236460348163
IntegerArrayComparison.CborDecode,1,WorkloadActual,2,82720,502817500.0,6078.5481141199225
IntegerArrayComparison.CborDecode,1,WorkloadActual,3,82720,503970100.0,6092.481866537718
IntegerArrayComparison.CborDecode,1,WorkloadActual,4,82720,504042900.0,6093.361943907156
IntegerArrayComparison.CborDecode,1,WorkloadActual,5,82720,503788100.0,6090.28167311412
IntegerArrayComparison.CborDecode,1,WorkloadActual,6,82720,500411600.0,6049.463249516441
IntegerArrayComparison.CborDecode,1,WorkloadActual,7,82720,501752400.0,6065.672147001934
IntegerArrayComparison.CborDecode,1,WorkloadActual,8,82720,505028900.0,6105.28167311412
IntegerArrayComparison.CborDecode,1,WorkloadResult,1,82720,504579200.0,6099.845261121857
IntegerArrayComparison.CborDecode,1,WorkloadResult,2,82720,502619700.0,6076.156914893617
IntegerArrayComparison.CborDecode,1,WorkloadResult,3,82720,503772300.0,6090.090667311412
IntegerArrayComparison.CborDecode,1,WorkloadResult,4,82720,503845100.0,6090.970744680851
IntegerArrayComparison.CborDecode,1,WorkloadResult,5,82720,503590300.0,6087.890473887815
IntegerArrayComparison.CborDecode,1,WorkloadResult,6,82720,500213800.0,6047.072050290136
IntegerArrayComparison.CborDecode,1,WorkloadResult,7,82720,501554600.0,6063.280947775628
IntegerArrayComparison.CborDecode,1,WorkloadResult,8,82720,504831100.0,6102.890473887815
IntegerArrayComparison.CborDecode,2,OverheadActual,1,83744,204400.0,2.4407718761941153
IntegerArrayComparison.CborDecode,2,OverheadActual,2,83744,202800.0,2.4216660298051202
IntegerArrayComparison.CborDecode,2,OverheadActual,3,83744,203000.0,2.4240542606037447
IntegerArrayComparison.CborDecode,2,OverheadActual,4,83744,197500.0,2.3583779136415743
IntegerArrayComparison.CborDecode,2,OverheadActual,5,83744,200200.0,2.3906190294230036
IntegerArrayComparison.CborDecode,2,OverheadActual,6,83744,202700.0,2.420471914405808
IntegerArrayComparison.CborDecode,2,OverheadActual,7,83744,199400.0,2.381066106228506
IntegerArrayComparison.CborDecode,2,OverheadActual,8,83744,199100.0,2.3774837600305694
IntegerArrayComparison.CborDecode,2,OverheadActual,9,83744,199900.0,2.387036683225067
IntegerArrayComparison.CborDecode,2,OverheadActual,10,83744,198000.0,2.364348490638135
IntegerArrayComparison.CborDecode,2,OverheadActual,11,83744,198100.0,2.3655426060374474
IntegerArrayComparison.CborDecode,2,OverheadActual,12,83744,203000.0,2.4240542606037447
IntegerArrayComparison.CborDecode,2,OverheadActual,13,83744,198000.0,2.364348490638135
IntegerArrayComparison.CborDecode,2,OverheadActual,14,83744,197100.0,2.3536014520443254
IntegerArrayComparison.CborDecode,2,OverheadActual,15,83744,200000.0,2.388230798624379
IntegerArrayComparison.CborDecode,2,WorkloadActual,1,83744,570910400.0,6817.329002674818
IntegerArrayComparison.CborDecode,2,WorkloadActual,2,83744,504772700.0,6027.56854222392
IntegerArrayComparison.CborDecode,2,WorkloadActual,3,83744,502680900.0,6002.590036301108
IntegerArrayComparison.CborDecode,2,WorkloadActual,4,83744,500336800.0,5974.598777225831
IntegerArrayComparison.CborDecode,2,WorkloadActual,5,83744,499387500.0,5963.263039740161
IntegerArrayComparison.CborDecode,2,WorkloadActual,6,83744,503268300.0,6009.604270156668
IntegerArrayComparison.CborDecode,2,WorkloadActual,7,83744,496363600.0,5927.154184180359
IntegerArrayComparison.CborDecode,2,WorkloadActual,8,83744,511573800.0,6108.781524646542
IntegerArrayComparison.CborDecode,2,WorkloadResult,1,83744,504572800.0,6025.181505540695
IntegerArrayComparison.CborDecode,2,WorkloadResult,2,83744,502481000.0,6000.2029996178835
IntegerArrayComparison.CborDecode,2,WorkloadResult,3,83744,500136900.0,5972.211740542606
IntegerArrayComparison.CborDecode,2,WorkloadResult,4,83744,499187600.0,5960.876003056936
IntegerArrayComparison.CborDecode,2,WorkloadResult,5,83744,503068400.0,6007.217233473443
IntegerArrayComparison.CborDecode,2,WorkloadResult,6,83744,496163700.0,5924.767147497134
IntegerArrayComparison.CborDecode,2,WorkloadResult,7,83744,511373900.0,6106.394487963316
IntegerArrayComparison.MessagePackV4Decode,1,OverheadActual,1,184000,495300.0,2.6918478260869567
IntegerArrayComparison.MessagePackV4Decode,1,OverheadActual,2,184000,488400.0,2.6543478260869566
IntegerArrayComparison.MessagePackV4Decode,1,OverheadActual,3,184000,490900.0,2.6679347826086954
IntegerArrayComparison.MessagePackV4Decode,1,OverheadActual,4,184000,486000.0,2.641304347826087
IntegerArrayComparison.MessagePackV4Decode,1,OverheadActual,5,184000,484100.0,2.6309782608695653
IntegerArrayComparison.MessagePackV4Decode,1,OverheadActual,6,184000,498400.0,2.708695652173913
IntegerArrayComparison.MessagePackV4Decode,1,OverheadActual,7,184000,479000.0,2.6032608695652173
IntegerArrayComparison.MessagePackV4Decode,1,OverheadActual,8,184000,437300.0,2.3766304347826086
IntegerArrayComparison.MessagePackV4Decode,1,OverheadActual,9,184000,439000.0,2.385869565217391
IntegerArrayComparison.MessagePackV4Decode,1,OverheadActual,10,184000,478000.0,2.597826086956522
IntegerArrayComparison.MessagePackV4Decode,1,OverheadActual,11,184000,476400.0,2.5891304347826085
IntegerArrayComparison.MessagePackV4Decode,1,OverheadActual,12,184000,485100.0,2.6364130434782607
IntegerArrayComparison.MessagePackV4Decode,1,OverheadActual,13,184000,471700.0,2.563586956521739
IntegerArrayComparison.MessagePackV4Decode,1,OverheadActual,14,184000,481300.0,2.6157608695652175
IntegerArrayComparison.MessagePackV4Decode,1,OverheadActual,15,184000,495200.0,2.6913043478260867
IntegerArrayComparison.MessagePackV4Decode,1,WorkloadActual,1,184000,512937400.0,2787.7032608695654
IntegerArrayComparison.MessagePackV4Decode,1,WorkloadActual,2,184000,520766600.0,2830.253260869565
IntegerArrayComparison.MessagePackV4Decode,1,WorkloadActual,3,184000,516119800.0,2804.9989130434783
IntegerArrayComparison.MessagePackV4Decode,1,WorkloadActual,4,184000,523935900.0,2847.4777173913044
IntegerArrayComparison.MessagePackV4Decode,1,WorkloadActual,5,184000,500653200.0,2720.941304347826
IntegerArrayComparison.MessagePackV4Decode,1,WorkloadActual,6,184000,500950200.0,2722.5554347826087
IntegerArrayComparison.MessagePackV4Decode,1,WorkloadActual,7,184000,500777600.0,2721.6173913043476
IntegerArrayComparison.MessagePackV4Decode,1,WorkloadActual,8,184000,503296600.0,2735.307608695652
IntegerArrayComparison.MessagePackV4Decode,1,WorkloadResult,1,184000,512453300.0,2785.072282608696
IntegerArrayComparison.MessagePackV4Decode,1,WorkloadResult,2,184000,520282500.0,2827.6222826086955
IntegerArrayComparison.MessagePackV4Decode,1,WorkloadResult,3,184000,515635700.0,2802.3679347826087
IntegerArrayComparison.MessagePackV4Decode,1,WorkloadResult,4,184000,523451800.0,2844.846739130435
IntegerArrayComparison.MessagePackV4Decode,1,WorkloadResult,5,184000,500169100.0,2718.3103260869566
IntegerArrayComparison.MessagePackV4Decode,1,WorkloadResult,6,184000,500466100.0,2719.924456521739
IntegerArrayComparison.MessagePackV4Decode,1,WorkloadResult,7,184000,500293500.0,2718.9864130434785
IntegerArrayComparison.MessagePackV4Decode,1,WorkloadResult,8,184000,502812500.0,2732.6766304347825
IntegerArrayComparison.MessagePackV4Decode,2,OverheadActual,1,182752,458100.0,2.506675713535283
IntegerArrayComparison.MessagePackV4Decode,2,OverheadActual,2,182752,440600.0,2.4109175275783574
IntegerArrayComparison.MessagePackV4Decode,2,OverheadActual,3,182752,430200.0,2.354009805638242
IntegerArrayComparison.MessagePackV4Decode,2,OverheadActual,4,182752,452400.0,2.4754859043950272
IntegerArrayComparison.MessagePackV4Decode,2,OverheadActual,5,182752,438700.0,2.4005209245316057
IntegerArrayComparison.MessagePackV4Decode,2,OverheadActual,6,182752,437100.0,2.3917658903869725
IntegerArrayComparison.MessagePackV4Decode,2,OverheadActual,7,182752,457700.0,2.5044869549991247
IntegerArrayComparison.MessagePackV4Decode,2,OverheadActual,8,182752,446700.0,2.4442960952547717
IntegerArrayComparison.MessagePackV4Decode,2,OverheadActual,9,182752,443900.0,2.4289747855016635
IntegerArrayComparison.MessagePackV4Decode,2,OverheadActual,10,182752,437200.0,2.392313080021012
IntegerArrayComparison.MessagePackV4Decode,2,OverheadActual,11,182752,437500.0,2.3939546489231307
IntegerArrayComparison.MessagePackV4Decode,2,OverheadActual,12,182752,442200.0,2.4196725617229906
IntegerArrayComparison.MessagePackV4Decode,2,OverheadActual,13,182752,441700.0,2.4169366135527928
IntegerArrayComparison.MessagePackV4Decode,2,OverheadActual,14,182752,436200.0,2.3868411836806165
IntegerArrayComparison.MessagePackV4Decode,2,OverheadActual,15,182752,442900.0,2.4235028891612678
IntegerArrayComparison.MessagePackV4Decode,2,WorkloadActual,1,182752,507405800.0,2776.4719401155667
IntegerArrayComparison.MessagePackV4Decode,2,WorkloadActual,2,182752,510442100.0,2793.08625897391
IntegerArrayComparison.MessagePackV4Decode,2,WorkloadActual,3,182752,514688000.0,2816.319383645596
IntegerArrayComparison.MessagePackV4Decode,2,WorkloadActual,4,182752,541048600.0,2960.561854316232
IntegerArrayComparison.MessagePackV4Decode,2,WorkloadActual,5,182752,499821700.0,2734.972531080371
IntegerArrayComparison.MessagePackV4Decode,2,WorkloadActual,6,182752,508209900.0,2780.8718919628786
IntegerArrayComparison.MessagePackV4Decode,2,WorkloadActual,7,182752,505879200.0,2768.1185431623185
IntegerArrayComparison.MessagePackV4Decode,2,WorkloadActual,8,182752,509538900.0,2788.1440421992647
IntegerArrayComparison.MessagePackV4Decode,2,WorkloadResult,1,182752,506964100.0,2774.0550035020137
IntegerArrayComparison.MessagePackV4Decode,2,WorkloadResult,2,182752,510000400.0,2790.669322360357
IntegerArrayComparison.MessagePackV4Decode,2,WorkloadResult,3,182752,514246300.0,2813.9024470320433
IntegerArrayComparison.MessagePackV4Decode,2,WorkloadResult,4,182752,499380000.0,2732.5555944668185
IntegerArrayComparison.MessagePackV4Decode,2,WorkloadResult,5,182752,507768200.0,2778.4549553493257
IntegerArrayComparison.MessagePackV4Decode,2,WorkloadResult,6,182752,505437500.0,2765.7016065487655
IntegerArrayComparison.MessagePackV4Decode,2,WorkloadResult,7,182752,509097200.0,2785.727105585712
IntegerArrayComparison.REDoxDecode,1,OverheadActual,1,76512,188300.0,2.461051861145964
IntegerArrayComparison.REDoxDecode,1,OverheadActual,2,76512,184900.0,2.4166143872856547
IntegerArrayComparison.REDoxDecode,1,OverheadActual,3,76512,183500.0,2.3983166039314097
IntegerArrayComparison.REDoxDecode,1,OverheadActual,4,76512,180900.0,2.3643350062735258
IntegerArrayComparison.REDoxDecode,1,OverheadActual,5,76512,509700.0,6.661700125470515
IntegerArrayComparison.REDoxDecode,1,OverheadActual,6,76512,180300.0,2.3564930991217063
IntegerArrayComparison.REDoxDecode,1,OverheadActual,7,76512,188900.0,2.468893768297783
IntegerArrayComparison.REDoxDecode,1,OverheadActual,8,76512,177500.0,2.3198975324132163
IntegerArrayComparison.REDoxDecode,1,OverheadActual,9,76512,194500.0,2.5420849017147638
IntegerArrayComparison.REDoxDecode,1,OverheadActual,10,76512,182800.0,2.3891677122542867
IntegerArrayComparison.REDoxDecode,1,OverheadActual,11,76512,187800.0,2.454516938519448
IntegerArrayComparison.REDoxDecode,1,OverheadActual,12,76512,185000.0,2.417921371810958
IntegerArrayComparison.REDoxDecode,1,OverheadActual,13,76512,189300.0,2.4741217063989964
IntegerArrayComparison.REDoxDecode,1,OverheadActual,14,76512,185500.0,2.4244562944374737
IntegerArrayComparison.REDoxDecode,1,OverheadActual,15,76512,178500.0,2.3329673776662485
IntegerArrayComparison.REDoxDecode,1,WorkloadActual,1,76512,508275500.0,6643.08213090757
IntegerArrayComparison.REDoxDecode,1,WorkloadActual,2,76512,499976300.0,6534.612871183605
IntegerArrayComparison.REDoxDecode,1,WorkloadActual,3,76512,545013800.0,7123.246026767043
IntegerArrayComparison.REDoxDecode,1,WorkloadActual,4,76512,500882500.0,6546.456764951903
IntegerArrayComparison.REDoxDecode,1,WorkloadActual,5,76512,514709600.0,6727.174822250105
IntegerArrayComparison.REDoxDecode,1,WorkloadActual,6,76512,509019000.0,6652.799560853199
IntegerArrayComparison.REDoxDecode,1,WorkloadActual,7,76512,529711200.0,6923.243412797992
IntegerArrayComparison.REDoxDecode,1,WorkloadActual,8,76512,523252400.0,6838.827896277708
IntegerArrayComparison.REDoxDecode,1,WorkloadResult,1,76512,508090500.0,6640.664209535759
IntegerArrayComparison.REDoxDecode,1,WorkloadResult,2,76512,499791300.0,6532.194949811794
IntegerArrayComparison.REDoxDecode,1,WorkloadResult,3,76512,544828800.0,7120.828105395232
IntegerArrayComparison.REDoxDecode,1,WorkloadResult,4,76512,500697500.0,6544.038843580092
IntegerArrayComparison.REDoxDecode,1,WorkloadResult,5,76512,514524600.0,6724.756900878294
IntegerArrayComparison.REDoxDecode,1,WorkloadResult,6,76512,508834000.0,6650.381639481388
IntegerArrayComparison.REDoxDecode,1,WorkloadResult,7,76512,529526200.0,6920.8254914261815
IntegerArrayComparison.REDoxDecode,1,WorkloadResult,8,76512,523067400.0,6836.409974905897
IntegerArrayComparison.REDoxDecode,2,OverheadActual,1,76048,184800.0,2.430044182621502
IntegerArrayComparison.REDoxDecode,2,OverheadActual,2,76048,185900.0,2.4445087313275824
IntegerArrayComparison.REDoxDecode,2,OverheadActual,3,76048,181500.0,2.3866505365032613
IntegerArrayComparison.REDoxDecode,2,OverheadActual,4,76048,194800.0,2.5615400799495056
IntegerArrayComparison.REDoxDecode,2,OverheadActual,5,76048,202600.0,2.664106879865348
IntegerArrayComparison.REDoxDecode,2,OverheadActual,6,76048,184100.0,2.420839469808542
IntegerArrayComparison.REDoxDecode,2,OverheadActual,7,76048,178800.0,2.3511466442247
IntegerArrayComparison.REDoxDecode,2,OverheadActual,8,76048,189500.0,2.491847254365664
IntegerArrayComparison.REDoxDecode,2,OverheadActual,9,76048,183500.0,2.4129497159688618
IntegerArrayComparison.REDoxDecode,2,OverheadActual,10,76048,185000.0,2.4326741005680623
IntegerArrayComparison.REDoxDecode,2,OverheadActual,11,76048,189800.0,2.495792131285504
IntegerArrayComparison.REDoxDecode,2,OverheadActual,12,76048,180900.0,2.378760782663581
IntegerArrayComparison.REDoxDecode,2,OverheadActual,13,76048,177200.0,2.3301073006522195
IntegerArrayComparison.REDoxDecode,2,OverheadActual,14,76048,187800.0,2.469492951819903
IntegerArrayComparison.REDoxDecode,2,OverheadActual,15,76048,175700.0,2.310382916053019
IntegerArrayComparison.REDoxDecode,2,WorkloadActual,1,76048,500244500.0,6578.009941089838
IntegerArrayComparison.REDoxDecode,2,WorkloadActual,2,76048,498990600.0,6561.52167052388
IntegerArrayComparison.REDoxDecode,2,WorkloadActual,3,76048,505847500.0,6651.687092362718
IntegerArrayComparison.REDoxDecode,2,WorkloadActual,4,76048,510481500.0,6712.622291184515
IntegerArrayComparison.REDoxDecode,2,WorkloadActual,5,76048,506574200.0,6661.242899221545
IntegerArrayComparison.REDoxDecode,2,WorkloadActual,6,76048,502534200.0,6608.118556701031
IntegerArrayComparison.REDoxDecode,2,WorkloadActual,7,76048,501548900.0,6595.162265937302
IntegerArrayComparison.REDoxDecode,2,WorkloadActual,8,76048,501216400.0,6590.790027351147
IntegerArrayComparison.REDoxDecode,2,WorkloadResult,1,76048,500059700.0,6575.579896907217
IntegerArrayComparison.REDoxDecode,2,WorkloadResult,2,76048,498805800.0,6559.091626341258
IntegerArrayComparison.REDoxDecode,2,WorkloadResult,3,76048,505662700.0,6649.257048180097
IntegerArrayComparison.REDoxDecode,2,WorkloadResult,4,76048,510296700.0,6710.1922470018935
IntegerArrayComparison.REDoxDecode,2,WorkloadResult,5,76048,506389400.0,6658.812855038923
IntegerArrayComparison.REDoxDecode,2,WorkloadResult,6,76048,502349400.0,6605.68851251841
IntegerArrayComparison.REDoxDecode,2,WorkloadResult,7,76048,501364100.0,6592.732221754682
IntegerArrayComparison.REDoxDecode,2,WorkloadResult,8,76048,501031600.0,6588.359983168525
IntegerArrayComparison.SystemFormatsDecode,1,OverheadActual,1,61712,166800.0,2.7028778843660874
IntegerArrayComparison.SystemFormatsDecode,1,OverheadActual,2,61712,147200.0,2.385273528649209
IntegerArrayComparison.SystemFormatsDecode,1,OverheadActual,3,61712,149100.0,2.4160617059891107
IntegerArrayComparison.SystemFormatsDecode,1,OverheadActual,4,61712,145700.0,2.36096707285455
IntegerArrayComparison.SystemFormatsDecode,1,OverheadActual,5,61712,146600.0,2.375550946331346
IntegerArrayComparison.SystemFormatsDecode,1,OverheadActual,6,61712,145900.0,2.3642079336271715
IntegerArrayComparison.SystemFormatsDecode,1,OverheadActual,7,61712,145000.0,2.3496240601503757
IntegerArrayComparison.SystemFormatsDecode,1,OverheadActual,8,61712,151600.0,2.4565724656468757
IntegerArrayComparison.SystemFormatsDecode,1,OverheadActual,9,61712,147800.0,2.3949961109670728
IntegerArrayComparison.SystemFormatsDecode,1,OverheadActual,10,61712,149200.0,2.4176821363754213
IntegerArrayComparison.SystemFormatsDecode,1,OverheadActual,11,61712,155000.0,2.5116670987814365
IntegerArrayComparison.SystemFormatsDecode,1,OverheadActual,12,61712,149200.0,2.4176821363754213
IntegerArrayComparison.SystemFormatsDecode,1,OverheadActual,13,61712,154700.0,2.5068058076225044
IntegerArrayComparison.SystemFormatsDecode,1,OverheadActual,14,61712,146700.0,2.3771713767176563
IntegerArrayComparison.SystemFormatsDecode,1,OverheadActual,15,61712,143100.0,2.3188358828104745
IntegerArrayComparison.SystemFormatsDecode,1,WorkloadActual,1,61712,495016800.0,8021.402644542391
IntegerArrayComparison.SystemFormatsDecode,1,WorkloadActual,2,61712,493443500.0,7995.908413274566
IntegerArrayComparison.SystemFormatsDecode,1,WorkloadActual,3,61712,496324800.0,8042.597873995333
IntegerArrayComparison.SystemFormatsDecode,1,WorkloadActual,4,61712,493911500.0,8003.492027482499
IntegerArrayComparison.SystemFormatsDecode,1,WorkloadActual,5,61712,492063900.0,7973.5529556650245
IntegerArrayComparison.SystemFormatsDecode,1,WorkloadActual,6,61712,493099700.0,7990.3373736064295
IntegerArrayComparison.SystemFormatsDecode,1,WorkloadActual,7,61712,492780300.0,7985.161718952554
IntegerArrayComparison.SystemFormatsDecode,1,WorkloadActual,8,61712,493856900.0,8002.607272491574
IntegerArrayComparison.SystemFormatsDecode,1,WorkloadResult,1,61712,494869000.0,8019.007648431423
IntegerArrayComparison.SystemFormatsDecode,1,WorkloadResult,2,61712,493295700.0,7993.513417163598
IntegerArrayComparison.SystemFormatsDecode,1,WorkloadResult,3,61712,493763700.0,8001.0970313715325
IntegerArrayComparison.SystemFormatsDecode,1,WorkloadResult,4,61712,491916100.0,7971.157959554058
IntegerArrayComparison.SystemFormatsDecode,1,WorkloadResult,5,61712,492951900.0,7987.942377495463
IntegerArrayComparison.SystemFormatsDecode,1,WorkloadResult,6,61712,492632500.0,7982.766722841587
IntegerArrayComparison.SystemFormatsDecode,1,WorkloadResult,7,61712,493709100.0,8000.212276380606
IntegerArrayComparison.SystemFormatsDecode,2,OverheadActual,1,63840,150300.0,2.3543233082706765
IntegerArrayComparison.SystemFormatsDecode,2,OverheadActual,2,63840,153200.0,2.399749373433584
IntegerArrayComparison.SystemFormatsDecode,2,OverheadActual,3,63840,158300.0,2.479636591478697
IntegerArrayComparison.SystemFormatsDecode,2,OverheadActual,4,63840,152800.0,2.393483709273183
IntegerArrayComparison.SystemFormatsDecode,2,OverheadActual,5,63840,149800.0,2.3464912280701755
IntegerArrayComparison.SystemFormatsDecode,2,OverheadActual,6,63840,148300.0,2.3229949874686717
IntegerArrayComparison.SystemFormatsDecode,2,OverheadActual,7,63840,148600.0,2.3276942355889725
IntegerArrayComparison.SystemFormatsDecode,2,OverheadActual,8,63840,156600.0,2.4530075187969924
IntegerArrayComparison.SystemFormatsDecode,2,OverheadActual,9,63840,148700.0,2.3292606516290726
IntegerArrayComparison.SystemFormatsDecode,2,OverheadActual,10,63840,148000.0,2.318295739348371
IntegerArrayComparison.SystemFormatsDecode,2,OverheadActual,11,63840,148600.0,2.3276942355889725
IntegerArrayComparison.SystemFormatsDecode,2,OverheadActual,12,63840,148500.0,2.3261278195488724
IntegerArrayComparison.SystemFormatsDecode,2,OverheadActual,13,63840,158800.0,2.487468671679198
IntegerArrayComparison.SystemFormatsDecode,2,OverheadActual,14,63840,151600.0,2.37468671679198
IntegerArrayComparison.SystemFormatsDecode,2,OverheadActual,15,63840,157200.0,2.462406015037594
IntegerArrayComparison.SystemFormatsDecode,2,WorkloadActual,1,63840,498861400.0,7814.244987468672
IntegerArrayComparison.SystemFormatsDecode,2,WorkloadActual,2,63840,498162500.0,7803.297305764411
IntegerArrayComparison.SystemFormatsDecode,2,WorkloadActual,3,63840,502080600.0,7864.671052631579
IntegerArrayComparison.SystemFormatsDecode,2,WorkloadActual,4,63840,498056700.0,7801.640037593985
IntegerArrayComparison.SystemFormatsDecode,2,WorkloadActual,5,63840,505940800.0,7925.137844611529
IntegerArrayComparison.SystemFormatsDecode,2,WorkloadActual,6,63840,502644600.0,7873.505639097744
IntegerArrayComparison.SystemFormatsDecode,2,WorkloadActual,7,63840,503131900.0,7881.138784461153
IntegerArrayComparison.SystemFormatsDecode,2,WorkloadActual,8,63840,502151500.0,7865.7816416040105
IntegerArrayComparison.SystemFormatsDecode,2,WorkloadResult,1,63840,498711100.0,7811.890664160401
IntegerArrayComparison.SystemFormatsDecode,2,WorkloadResult,2,63840,498012200.0,7800.94298245614
IntegerArrayComparison.SystemFormatsDecode,2,WorkloadResult,3,63840,501930300.0,7862.316729323308
IntegerArrayComparison.SystemFormatsDecode,2,WorkloadResult,4,63840,497906400.0,7799.285714285715
IntegerArrayComparison.SystemFormatsDecode,2,WorkloadResult,5,63840,505790500.0,7922.783521303259
IntegerArrayComparison.SystemFormatsDecode,2,WorkloadResult,6,63840,502494300.0,7871.151315789473
IntegerArrayComparison.SystemFormatsDecode,2,WorkloadResult,7,63840,502981600.0,7878.784461152883
IntegerArrayComparison.SystemFormatsDecode,2,WorkloadResult,8,63840,502001200.0,7863.4273182957395
IntegerArrayComparison.PeterODecode,1,OverheadActual,1,15904,39000.0,2.4522132796780682
IntegerArrayComparison.PeterODecode,1,OverheadActual,2,15904,39200.0,2.464788732394366
IntegerArrayComparison.PeterODecode,1,OverheadActual,3,15904,39100.0,2.4585010060362174
IntegerArrayComparison.PeterODecode,1,OverheadActual,4,15904,38200.0,2.401911468812877
IntegerArrayComparison.PeterODecode,1,OverheadActual,5,15904,38500.0,2.420774647887324
IntegerArrayComparison.PeterODecode,1,OverheadActual,6,15904,38900.0,2.4459255533199196
IntegerArrayComparison.PeterODecode,1,OverheadActual,7,15904,38700.0,2.433350100603622
IntegerArrayComparison.PeterODecode,1,OverheadActual,8,15904,37800.0,2.3767605633802815
IntegerArrayComparison.PeterODecode,1,OverheadActual,9,15904,38100.0,2.3956237424547284
IntegerArrayComparison.PeterODecode,1,OverheadActual,10,15904,38800.0,2.4396378269617705
IntegerArrayComparison.PeterODecode,1,OverheadActual,11,15904,39200.0,2.464788732394366
IntegerArrayComparison.PeterODecode,1,OverheadActual,12,15904,37700.0,2.370472837022133
IntegerArrayComparison.PeterODecode,1,OverheadActual,13,15904,39600.0,2.4899396378269616
IntegerArrayComparison.PeterODecode,1,OverheadActual,14,15904,38900.0,2.4459255533199196
IntegerArrayComparison.PeterODecode,1,OverheadActual,15,15904,38100.0,2.3956237424547284
IntegerArrayComparison.PeterODecode,1,WorkloadActual,1,15904,502267700.0,31581.21856136821
IntegerArrayComparison.PeterODecode,1,WorkloadActual,2,15904,503921900.0,31685.23013078471
IntegerArrayComparison.PeterODecode,1,WorkloadActual,3,15904,507429900.0,31905.803571428572
IntegerArrayComparison.PeterODecode,1,WorkloadActual,4,15904,499180100.0,31387.078722334005
IntegerArrayComparison.PeterODecode,1,WorkloadActual,5,15904,497147500.0,31259.27439637827
IntegerArrayComparison.PeterODecode,1,WorkloadActual,6,15904,501291700.0,31519.850352112677
IntegerArrayComparison.PeterODecode,1,WorkloadActual,7,15904,507241200.0,31893.938631790745
IntegerArrayComparison.PeterODecode,1,WorkloadActual,8,15904,505466400.0,31782.344064386318
IntegerArrayComparison.PeterODecode,1,WorkloadResult,1,15904,502228900.0,31578.77892354125
IntegerArrayComparison.PeterODecode,1,WorkloadResult,2,15904,503883100.0,31682.790492957745
IntegerArrayComparison.PeterODecode,1,WorkloadResult,3,15904,507391100.0,31903.36393360161
IntegerArrayComparison.PeterODecode,1,WorkloadResult,4,15904,499141300.0,31384.639084507042
IntegerArrayComparison.PeterODecode,1,WorkloadResult,5,15904,497108700.0,31256.834758551307
IntegerArrayComparison.PeterODecode,1,WorkloadResult,6,15904,501252900.0,31517.410714285714
IntegerArrayComparison.PeterODecode,1,WorkloadResult,7,15904,507202400.0,31891.49899396378
IntegerArrayComparison.PeterODecode,1,WorkloadResult,8,15904,505427600.0,31779.904426559355
IntegerArrayComparison.PeterODecode,2,OverheadActual,1,15488,37900.0,2.447055785123967
IntegerArrayComparison.PeterODecode,2,OverheadActual,2,15488,36900.0,2.3824896694214877
IntegerArrayComparison.PeterODecode,2,OverheadActual,3,15488,37800.0,2.440599173553719
IntegerArrayComparison.PeterODecode,2,OverheadActual,4,15488,40000.0,2.5826446280991737
IntegerArrayComparison.PeterODecode,2,OverheadActual,5,15488,37600.0,2.427685950413223
IntegerArrayComparison.PeterODecode,2,OverheadActual,6,15488,38000.0,2.4535123966942147
IntegerArrayComparison.PeterODecode,2,OverheadActual,7,15488,37800.0,2.440599173553719
IntegerArrayComparison.PeterODecode,2,OverheadActual,8,15488,38600.0,2.4922520661157024
IntegerArrayComparison.PeterODecode,2,OverheadActual,9,15488,37900.0,2.447055785123967
IntegerArrayComparison.PeterODecode,2,OverheadActual,10,15488,39600.0,2.5568181818181817
IntegerArrayComparison.PeterODecode,2,OverheadActual,11,15488,37600.0,2.427685950413223
IntegerArrayComparison.PeterODecode,2,OverheadActual,12,15488,36700.0,2.3695764462809916
IntegerArrayComparison.PeterODecode,2,OverheadActual,13,15488,37200.0,2.4018595041322315
IntegerArrayComparison.PeterODecode,2,OverheadActual,14,15488,45400.0,2.931301652892562
IntegerArrayComparison.PeterODecode,2,OverheadActual,15,15488,39900.0,2.5761880165289255
IntegerArrayComparison.PeterODecode,2,WorkloadActual,1,15488,521611700.0,33678.44137396694
IntegerArrayComparison.PeterODecode,2,WorkloadActual,2,15488,505854600.0,32661.066632231406
IntegerArrayComparison.PeterODecode,2,WorkloadActual,3,15488,504267200.0,32558.57438016529
IntegerArrayComparison.PeterODecode,2,WorkloadActual,4,15488,496636200.0,32065.870351239668
IntegerArrayComparison.PeterODecode,2,WorkloadActual,5,15488,495183400.0,31972.068698347106
IntegerArrayComparison.PeterODecode,2,WorkloadActual,6,15488,500902000.0,32341.296487603307
IntegerArrayComparison.PeterODecode,2,WorkloadActual,7,15488,510744200.0,32976.76911157025
IntegerArrayComparison.PeterODecode,2,WorkloadActual,8,15488,547455500.0,35347.07515495868
IntegerArrayComparison.PeterODecode,2,WorkloadResult,1,15488,521573800.0,33675.994318181816
IntegerArrayComparison.PeterODecode,2,WorkloadResult,2,15488,505816700.0,32658.619576446283
IntegerArrayComparison.PeterODecode,2,WorkloadResult,3,15488,504229300.0,32556.127324380166
IntegerArrayComparison.PeterODecode,2,WorkloadResult,4,15488,496598300.0,32063.423295454544
IntegerArrayComparison.PeterODecode,2,WorkloadResult,5,15488,495145500.0,31969.621642561982
IntegerArrayComparison.PeterODecode,2,WorkloadResult,6,15488,500864100.0,32338.84943181818
IntegerArrayComparison.PeterODecode,2,WorkloadResult,7,15488,510706300.0,32974.322055785124
IntegerArrayComparison.CborEncode,1,OverheadActual,1,189088,452000.0,2.3904213910983247
IntegerArrayComparison.CborEncode,1,OverheadActual,2,189088,451700.0,2.3888348282281266
IntegerArrayComparison.CborEncode,1,OverheadActual,3,189088,447600.0,2.3671518023354206
IntegerArrayComparison.CborEncode,1,OverheadActual,4,189088,445900.0,2.3581612794042983
IntegerArrayComparison.CborEncode,1,OverheadActual,5,189088,462800.0,2.4475376544254526
IntegerArrayComparison.CborEncode,1,OverheadActual,6,189088,449300.0,2.3761423252665423
IntegerArrayComparison.CborEncode,1,OverheadActual,7,189088,466700.0,2.468162971738027
IntegerArrayComparison.CborEncode,1,OverheadActual,8,189088,451300.0,2.3867194110678627
IntegerArrayComparison.CborEncode,1,OverheadActual,9,189088,462300.0,2.4448933829751227
IntegerArrayComparison.CborEncode,1,OverheadActual,10,189088,454400.0,2.4031138940599086
IntegerArrayComparison.CborEncode,1,OverheadActual,11,189088,451800.0,2.3893636825181925
IntegerArrayComparison.CborEncode,1,OverheadActual,12,189088,459400.0,2.4295566085632085
IntegerArrayComparison.CborEncode,1,OverheadActual,13,189088,444500.0,2.3507573193433746
IntegerArrayComparison.CborEncode,1,OverheadActual,14,189088,444400.0,2.3502284650533083
IntegerArrayComparison.CborEncode,1,OverheadActual,15,189088,460100.0,2.4332585885936706
IntegerArrayComparison.CborEncode,1,WorkloadActual,1,189088,503216400.0,2661.281519715688
IntegerArrayComparison.CborEncode,1,WorkloadActual,2,189088,529990900.0,2802.8796116094095
IntegerArrayComparison.CborEncode,1,WorkloadActual,3,189088,520340700.0,2751.84411490946
IntegerArrayComparison.CborEncode,1,WorkloadActual,4,189088,515700400.0,2727.3036892875275
IntegerArrayComparison.CborEncode,1,WorkloadActual,5,189088,501520100.0,2652.310564393298
IntegerArrayComparison.CborEncode,1,WorkloadActual,6,189088,501932600.0,2654.492088339821
IntegerArrayComparison.CborEncode,1,WorkloadActual,7,189088,505478600.0,2673.245261465561
IntegerArrayComparison.CborEncode,1,WorkloadActual,8,189088,509848500.0,2696.355665087155
IntegerArrayComparison.CborEncode,1,WorkloadResult,1,189088,502764600.0,2658.8921560331696
IntegerArrayComparison.CborEncode,1,WorkloadResult,2,189088,529539100.0,2800.4902479268912
IntegerArrayComparison.CborEncode,1,WorkloadResult,3,189088,519888900.0,2749.454751226942
IntegerArrayComparison.CborEncode,1,WorkloadResult,4,189088,515248600.0,2724.9143256050093
IntegerArrayComparison.CborEncode,1,WorkloadResult,5,189088,501068300.0,2649.9212007107803
IntegerArrayComparison.CborEncode,1,WorkloadResult,6,189088,501480800.0,2652.1027246573026
IntegerArrayComparison.CborEncode,1,WorkloadResult,7,189088,505026800.0,2670.855897783043
IntegerArrayComparison.CborEncode,1,WorkloadResult,8,189088,509396700.0,2693.966301404637
IntegerArrayComparison.CborEncode,2,OverheadActual,1,185136,497300.0,2.686133437040878
IntegerArrayComparison.CborEncode,2,OverheadActual,2,185136,433600.0,2.3420620516809265
IntegerArrayComparison.CborEncode,2,OverheadActual,3,185136,467700.0,2.526250972258232
IntegerArrayComparison.CborEncode,2,OverheadActual,4,185136,490700.0,2.6504839685420447
IntegerArrayComparison.CborEncode,2,OverheadActual,5,185136,441300.0,2.3836530982628985
IntegerArrayComparison.CborEncode,2,OverheadActual,6,185136,440700.0,2.3804122374902774
IntegerArrayComparison.CborEncode,2,OverheadActual,7,185136,441900.0,2.38689395903552
IntegerArrayComparison.CborEncode,2,OverheadActual,8,185136,451100.0,2.436587157549045
IntegerArrayComparison.CborEncode,2,OverheadActual,9,185136,444300.0,2.399857402126005
IntegerArrayComparison.CborEncode,2,OverheadActual,10,185136,442500.0,2.390134819808141
IntegerArrayComparison.CborEncode,2,OverheadActual,11,185136,438900.0,2.3706896551724137
IntegerArrayComparison.CborEncode,2,OverheadActual,12,185136,441500.0,2.3847333851871055
IntegerArrayComparison.CborEncode,2,OverheadActual,13,185136,450400.0,2.43280615331432
IntegerArrayComparison.CborEncode,2,OverheadActual,14,185136,441700.0,2.3858136721113126
IntegerArrayComparison.CborEncode,2,OverheadActual,15,185136,490100.0,2.6472431077694236
IntegerArrayComparison.CborEncode,2,WorkloadActual,1,185136,501401600.0,2708.287961282517
IntegerArrayComparison.CborEncode,2,WorkloadActual,2,185136,501096600.0,2706.640523723101
IntegerArrayComparison.CborEncode,2,WorkloadActual,3,185136,501772200.0,2710.2897329530724
IntegerArrayComparison.CborEncode,2,WorkloadActual,4,185136,501363600.0,2708.0827067669175
IntegerArrayComparison.CborEncode,2,WorkloadActual,5,185136,500668700.0,2704.32924984876
IntegerArrayComparison.CborEncode,2,WorkloadActual,6,185136,501220100.0,2707.3076008987987
IntegerArrayComparison.CborEncode,2,WorkloadActual,7,185136,501254800.0,2707.495030680149
IntegerArrayComparison.CborEncode,2,WorkloadActual,8,185136,502226800.0,2712.745225131795
IntegerArrayComparison.CborEncode,2,WorkloadResult,1,185136,500959100.0,2705.8978264627085
IntegerArrayComparison.CborEncode,2,WorkloadResult,2,185136,500654100.0,2704.250388903293
IntegerArrayComparison.CborEncode,2,WorkloadResult,3,185136,501329700.0,2707.899598133264
IntegerArrayComparison.CborEncode,2,WorkloadResult,4,185136,500921100.0,2705.692571947109
IntegerArrayComparison.CborEncode,2,WorkloadResult,5,185136,500226200.0,2701.9391150289516
IntegerArrayComparison.CborEncode,2,WorkloadResult,6,185136,500777600.0,2704.9174660789904
IntegerArrayComparison.CborEncode,2,WorkloadResult,7,185136,500812300.0,2705.1048958603405
IntegerArrayComparison.MessagePackV4Encode,1,OverheadActual,1,391968,934300.0,2.3836129479957546
IntegerArrayComparison.MessagePackV4Encode,1,OverheadActual,2,391968,904900.0,2.3086068250469425
IntegerArrayComparison.MessagePackV4Encode,1,OverheadActual,3,391968,940100.0,2.398410074291779
IntegerArrayComparison.MessagePackV4Encode,1,OverheadActual,4,391968,922800.0,2.354273818270879
IntegerArrayComparison.MessagePackV4Encode,1,OverheadActual,5,391968,930100.0,2.372897787574496
IntegerArrayComparison.MessagePackV4Encode,1,OverheadActual,6,391968,920000.0,2.34713037799004
IntegerArrayComparison.MessagePackV4Encode,1,OverheadActual,7,391968,951800.0,2.428259449751
IntegerArrayComparison.MessagePackV4Encode,1,OverheadActual,8,391968,971800.0,2.479284023185566
IntegerArrayComparison.MessagePackV4Encode,1,OverheadActual,9,391968,931600.0,2.376724630582088
IntegerArrayComparison.MessagePackV4Encode,1,OverheadActual,10,391968,933100.0,2.380551473589681
IntegerArrayComparison.MessagePackV4Encode,1,OverheadActual,11,391968,923900.0,2.3570801698097803
IntegerArrayComparison.MessagePackV4Encode,1,OverheadActual,12,391968,937900.0,2.3927973712139767
IntegerArrayComparison.MessagePackV4Encode,1,OverheadActual,13,391968,938000.0,2.3930524940811493
IntegerArrayComparison.MessagePackV4Encode,1,OverheadActual,14,391968,930400.0,2.3736631561760144
IntegerArrayComparison.MessagePackV4Encode,1,OverheadActual,15,391968,926300.0,2.3632031186219282
IntegerArrayComparison.MessagePackV4Encode,1,WorkloadActual,1,391968,505661300.0,1290.0576067434076
IntegerArrayComparison.MessagePackV4Encode,1,WorkloadActual,2,391968,505181100.0,1288.8325067352437
IntegerArrayComparison.MessagePackV4Encode,1,WorkloadActual,3,391968,508474000.0,1297.233447628378
IntegerArrayComparison.MessagePackV4Encode,1,WorkloadActual,4,391968,501968500.0,1280.6364295044493
IntegerArrayComparison.MessagePackV4Encode,1,WorkloadActual,5,391968,513520700.0,1310.108733365989
IntegerArrayComparison.MessagePackV4Encode,1,WorkloadActual,6,391968,505863100.0,1290.5724446893623
IntegerArrayComparison.MessagePackV4Encode,1,WorkloadActual,7,391968,511232300.0,1304.270501673606
IntegerArrayComparison.MessagePackV4Encode,1,WorkloadActual,8,391968,514818800.0,1313.4204833047595
IntegerArrayComparison.MessagePackV4Encode,1,WorkloadResult,1,391968,504729700.0,1287.6808821128254
IntegerArrayComparison.MessagePackV4Encode,1,WorkloadResult,2,391968,504249500.0,1286.4557821046617
IntegerArrayComparison.MessagePackV4Encode,1,WorkloadResult,3,391968,507542400.0,1294.8567229977957
IntegerArrayComparison.MessagePackV4Encode,1,WorkloadResult,4,391968,501036900.0,1278.2597048738673
IntegerArrayComparison.MessagePackV4Encode,1,WorkloadResult,5,391968,512589100.0,1307.732008735407
IntegerArrayComparison.MessagePackV4Encode,1,WorkloadResult,6,391968,504931500.0,1288.1957200587804
IntegerArrayComparison.MessagePackV4Encode,1,WorkloadResult,7,391968,510300700.0,1301.8937770430239
IntegerArrayComparison.MessagePackV4Encode,1,WorkloadResult,8,391968,513887200.0,1311.0437586741775
IntegerArrayComparison.MessagePackV4Encode,2,OverheadActual,1,383904,926300.0,2.412842794031841
IntegerArrayComparison.MessagePackV4Encode,2,OverheadActual,2,383904,948100.0,2.4696278236225724
IntegerArrayComparison.MessagePackV4Encode,2,OverheadActual,3,383904,920800.0,2.3985162957406017
IntegerArrayComparison.MessagePackV4Encode,2,OverheadActual,4,383904,895100.0,2.3315724764524464
IntegerArrayComparison.MessagePackV4Encode,2,OverheadActual,5,383904,969000.0,2.5240685171292823
IntegerArrayComparison.MessagePackV4Encode,2,OverheadActual,6,383904,914600.0,2.382366424939568
IntegerArrayComparison.MessagePackV4Encode,2,OverheadActual,7,383904,892500.0,2.3247999499874967
IntegerArrayComparison.MessagePackV4Encode,2,OverheadActual,8,383904,937600.0,2.4422772359756606
IntegerArrayComparison.MessagePackV4Encode,2,OverheadActual,9,383904,940800.0,2.450612653163291
IntegerArrayComparison.MessagePackV4Encode,2,OverheadActual,10,383904,942200.0,2.454259398182879
IntegerArrayComparison.MessagePackV4Encode,2,OverheadActual,11,383904,902700.0,2.3513690922730683
IntegerArrayComparison.MessagePackV4Encode,2,OverheadActual,12,383904,920100.0,2.3966929232308076
IntegerArrayComparison.MessagePackV4Encode,2,OverheadActual,13,383904,1341800.0,3.4951446194882054
IntegerArrayComparison.MessagePackV4Encode,2,OverheadActual,14,383904,917300.0,2.389399433191631
IntegerArrayComparison.MessagePackV4Encode,2,OverheadActual,15,383904,906600.0,2.361527881970493
IntegerArrayComparison.MessagePackV4Encode,2,WorkloadActual,1,383904,499888800.0,1302.119279819955
IntegerArrayComparison.MessagePackV4Encode,2,WorkloadActual,2,383904,502907700.0,1309.9829644911229
IntegerArrayComparison.MessagePackV4Encode,2,WorkloadActual,3,383904,504473300.0,1314.0610673501708
IntegerArrayComparison.MessagePackV4Encode,2,WorkloadActual,4,383904,497777300.0,1296.6192068850546
IntegerArrayComparison.MessagePackV4Encode,2,WorkloadActual,5,383904,497820400.0,1296.7314745353005
IntegerArrayComparison.MessagePackV4Encode,2,WorkloadActual,6,383904,494369800.0,1287.743289989164
IntegerArrayComparison.MessagePackV4Encode,2,WorkloadActual,7,383904,491555100.0,1280.4115091272818
IntegerArrayComparison.MessagePackV4Encode,2,WorkloadActual,8,383904,501022700.0,1305.0728828040344
IntegerArrayComparison.MessagePackV4Encode,2,WorkloadResult,1,383904,498968000.0,1299.7207635242144
IntegerArrayComparison.MessagePackV4Encode,2,WorkloadResult,2,383904,501986900.0,1307.5844481953823
IntegerArrayComparison.MessagePackV4Encode,2,WorkloadResult,3,383904,503552500.0,1311.6625510544302
IntegerArrayComparison.MessagePackV4Encode,2,WorkloadResult,4,383904,496856500.0,1294.220690589314
IntegerArrayComparison.MessagePackV4Encode,2,WorkloadResult,5,383904,496899600.0,1294.33295823956
IntegerArrayComparison.MessagePackV4Encode,2,WorkloadResult,6,383904,493449000.0,1285.3447736934233
IntegerArrayComparison.MessagePackV4Encode,2,WorkloadResult,7,383904,490634300.0,1278.0129928315412
IntegerArrayComparison.MessagePackV4Encode,2,WorkloadResult,8,383904,500101900.0,1302.6743665082938
IntegerArrayComparison.REDoxEncode,1,OverheadActual,1,229888,553700.0,2.4085641703786194
IntegerArrayComparison.REDoxEncode,1,OverheadActual,2,229888,561400.0,2.4420587416481068
IntegerArrayComparison.REDoxEncode,1,OverheadActual,3,229888,566400.0,2.4638084632516706
IntegerArrayComparison.REDoxEncode,1,OverheadActual,4,229888,550500.0,2.3946443485523385
IntegerArrayComparison.REDoxEncode,1,OverheadActual,5,229888,566700.0,2.465113446547884
IntegerArrayComparison.REDoxEncode,1,OverheadActual,6,229888,547100.0,2.3798545378619154
IntegerArrayComparison.REDoxEncode,1,OverheadActual,7,229888,551000.0,2.396819320712695
IntegerArrayComparison.REDoxEncode,1,OverheadActual,8,229888,551200.0,2.3976893095768372
IntegerArrayComparison.REDoxEncode,1,OverheadActual,9,229888,546300.0,2.376374582405345
IntegerArrayComparison.REDoxEncode,1,OverheadActual,10,229888,542600.0,2.3602797884187083
IntegerArrayComparison.REDoxEncode,1,OverheadActual,11,229888,532100.0,2.314605373051225
IntegerArrayComparison.REDoxEncode,1,OverheadActual,12,229888,550200.0,2.3933393652561246
IntegerArrayComparison.REDoxEncode,1,OverheadActual,13,229888,535700.0,2.330265172605791
IntegerArrayComparison.REDoxEncode,1,OverheadActual,14,229888,551400.0,2.39855929844098
IntegerArrayComparison.REDoxEncode,1,OverheadActual,15,229888,566000.0,2.4620684855233854
IntegerArrayComparison.REDoxEncode,1,WorkloadActual,1,229888,503118400.0,2188.537026726058
IntegerArrayComparison.REDoxEncode,1,WorkloadActual,2,229888,500688500.0,2177.967097021158
IntegerArrayComparison.REDoxEncode,1,WorkloadActual,3,229888,505311300.0,2198.076019626949
IntegerArrayComparison.REDoxEncode,1,WorkloadActual,4,229888,499015600.0,2170.690075167038
IntegerArrayComparison.REDoxEncode,1,WorkloadActual,5,229888,498361500.0,2167.8447765868596
IntegerArrayComparison.REDoxEncode,1,WorkloadActual,6,229888,500750300.0,2178.235923580178
IntegerArrayComparison.REDoxEncode,1,WorkloadActual,7,229888,500990800.0,2179.28208518931
IntegerArrayComparison.REDoxEncode,1,WorkloadActual,8,229888,497795000.0,2165.380533129176
IntegerArrayComparison.REDoxEncode,1,WorkloadResult,1,229888,502567400.0,2186.1402074053453
IntegerArrayComparison.REDoxEncode,1,WorkloadResult,2,229888,500137500.0,2175.5702777004453
IntegerArrayComparison.REDoxEncode,1,WorkloadResult,3,229888,504760300.0,2195.679200306236
IntegerArrayComparison.REDoxEncode,1,WorkloadResult,4,229888,498464600.0,2168.2932558463253
IntegerArrayComparison.REDoxEncode,1,WorkloadResult,5,229888,497810500.0,2165.447957266147
IntegerArrayComparison.REDoxEncode,1,WorkloadResult,6,229888,500199300.0,2175.8391042594653
IntegerArrayComparison.REDoxEncode,1,WorkloadResult,7,229888,500439800.0,2176.885265868597
IntegerArrayComparison.REDoxEncode,1,WorkloadResult,8,229888,497244000.0,2162.983713808463
IntegerArrayComparison.REDoxEncode,2,OverheadActual,1,225296,580100.0,2.5748348838860875
IntegerArrayComparison.REDoxEncode,2,OverheadActual,2,225296,581900.0,2.5828243732689438
IntegerArrayComparison.REDoxEncode,2,OverheadActual,3,225296,538100.0,2.388413464952773
IntegerArrayComparison.REDoxEncode,2,OverheadActual,4,225296,542900.0,2.4097187699737233
IntegerArrayComparison.REDoxEncode,2,OverheadActual,5,225296,541900.0,2.4052801647610256
IntegerArrayComparison.REDoxEncode,2,OverheadActual,6,225296,530400.0,2.354236204814999
IntegerArrayComparison.REDoxEncode,2,OverheadActual,7,225296,538700.0,2.391076628080392
IntegerArrayComparison.REDoxEncode,2,OverheadActual,8,225296,530600.0,2.3551239258575385
IntegerArrayComparison.REDoxEncode,2,OverheadActual,9,225296,536600.0,2.3817555571337263
IntegerArrayComparison.REDoxEncode,2,OverheadActual,10,225296,537000.0,2.3835309992188054
IntegerArrayComparison.REDoxEncode,2,OverheadActual,11,225296,526500.0,2.336925644485477
IntegerArrayComparison.REDoxEncode,2,OverheadActual,12,225296,523800.0,2.3249414104111925
IntegerArrayComparison.REDoxEncode,2,OverheadActual,13,225296,528100.0,2.3440274128257936
IntegerArrayComparison.REDoxEncode,2,OverheadActual,14,225296,529700.0,2.3511291811661104
IntegerArrayComparison.REDoxEncode,2,OverheadActual,15,225296,538900.0,2.3919643491229317
IntegerArrayComparison.REDoxEncode,2,WorkloadActual,1,225296,499744400.0,2218.1680988566154
IntegerArrayComparison.REDoxEncode,2,WorkloadActual,2,225296,499310800.0,2216.2435196363895
IntegerArrayComparison.REDoxEncode,2,WorkloadActual,3,225296,500452600.0,2221.311519068248
IntegerArrayComparison.REDoxEncode,2,WorkloadActual,4,225296,504428700.0,2238.9598572544564
IntegerArrayComparison.REDoxEncode,2,WorkloadActual,5,225296,502186800.0,2229.0089482281087
IntegerArrayComparison.REDoxEncode,2,WorkloadActual,6,225296,499668600.0,2217.831652581493
IntegerArrayComparison.REDoxEncode,2,WorkloadActual,7,225296,496614000.0,2204.2734890987854
IntegerArrayComparison.REDoxEncode,2,WorkloadActual,8,225296,499292400.0,2216.1618493004758
IntegerArrayComparison.REDoxEncode,2,WorkloadResult,1,225296,499207400.0,2215.7845678573963
IntegerArrayComparison.REDoxEncode,2,WorkloadResult,2,225296,498773800.0,2213.8599886371708
IntegerArrayComparison.REDoxEncode,2,WorkloadResult,3,225296,499915600.0,2218.927988069029
IntegerArrayComparison.REDoxEncode,2,WorkloadResult,4,225296,501649800.0,2226.62541722889
IntegerArrayComparison.REDoxEncode,2,WorkloadResult,5,225296,499131600.0,2215.448121582274
IntegerArrayComparison.REDoxEncode,2,WorkloadResult,6,225296,496077000.0,2201.8899580995667
IntegerArrayComparison.REDoxEncode,2,WorkloadResult,7,225296,498755400.0,2213.778318301257
IntegerArrayComparison.SystemFormatsEncode,1,OverheadActual,1,106240,249800.0,2.3512801204819276
IntegerArrayComparison.SystemFormatsEncode,1,OverheadActual,2,106240,254100.0,2.3917545180722892
IntegerArrayComparison.SystemFormatsEncode,1,OverheadActual,3,106240,253700.0,2.3879894578313254
IntegerArrayComparison.SystemFormatsEncode,1,OverheadActual,4,106240,254600.0,2.396460843373494
IntegerArrayComparison.SystemFormatsEncode,1,OverheadActual,5,106240,246800.0,2.3230421686746987
IntegerArrayComparison.SystemFormatsEncode,1,OverheadActual,6,106240,248800.0,2.341867469879518
IntegerArrayComparison.SystemFormatsEncode,1,OverheadActual,7,106240,268100.0,2.523531626506024
IntegerArrayComparison.SystemFormatsEncode,1,OverheadActual,8,106240,256700.0,2.4162274096385543
IntegerArrayComparison.SystemFormatsEncode,1,OverheadActual,9,106240,265100.0,2.4952936746987953
IntegerArrayComparison.SystemFormatsEncode,1,OverheadActual,10,106240,248400.0,2.3381024096385543
IntegerArrayComparison.SystemFormatsEncode,1,OverheadActual,11,106240,246700.0,2.3221009036144578
IntegerArrayComparison.SystemFormatsEncode,1,OverheadActual,12,106240,250000.0,2.3531626506024095
IntegerArrayComparison.SystemFormatsEncode,1,OverheadActual,13,106240,251600.0,2.368222891566265
IntegerArrayComparison.SystemFormatsEncode,1,OverheadActual,14,106240,273300.0,2.5724774096385543
IntegerArrayComparison.SystemFormatsEncode,1,OverheadActual,15,106240,269300.0,2.5348268072289155
IntegerArrayComparison.SystemFormatsEncode,1,WorkloadActual,1,106240,500813300.0,4713.980609939759
IntegerArrayComparison.SystemFormatsEncode,1,WorkloadActual,2,106240,505245900.0,4755.703125
IntegerArrayComparison.SystemFormatsEncode,1,WorkloadActual,3,106240,502179700.0,4726.842055722892
IntegerArrayComparison.SystemFormatsEncode,1,WorkloadActual,4,106240,498898800.0,4695.9600903614455
IntegerArrayComparison.SystemFormatsEncode,1,WorkloadActual,5,106240,496684500.0,4675.11765813253
IntegerArrayComparison.SystemFormatsEncode,1,WorkloadActual,6,106240,500523600.0,4711.253765060241
IntegerArrayComparison.SystemFormatsEncode,1,WorkloadActual,7,106240,506306100.0,4765.682417168675
IntegerArrayComparison.SystemFormatsEncode,1,WorkloadActual,8,106240,501904000.0,4724.246987951808
IntegerArrayComparison.SystemFormatsEncode,1,WorkloadResult,1,106240,500559600.0,4711.592620481928
IntegerArrayComparison.SystemFormatsEncode,1,WorkloadResult,2,106240,504992200.0,4753.315135542169
IntegerArrayComparison.SystemFormatsEncode,1,WorkloadResult,3,106240,501926000.0,4724.454066265061
IntegerArrayComparison.SystemFormatsEncode,1,WorkloadResult,4,106240,498645100.0,4693.572100903614
IntegerArrayComparison.SystemFormatsEncode,1,WorkloadResult,5,106240,496430800.0,4672.729668674699
IntegerArrayComparison.SystemFormatsEncode,1,WorkloadResult,6,106240,500269900.0,4708.8657756024095
IntegerArrayComparison.SystemFormatsEncode,1,WorkloadResult,7,106240,506052400.0,4763.294427710844
IntegerArrayComparison.SystemFormatsEncode,1,WorkloadResult,8,106240,501650300.0,4721.858998493976
IntegerArrayComparison.SystemFormatsEncode,2,OverheadActual,1,92896,217700.0,2.3434808818463657
IntegerArrayComparison.SystemFormatsEncode,2,OverheadActual,2,92896,220700.0,2.3757750602824665
IntegerArrayComparison.SystemFormatsEncode,2,OverheadActual,3,92896,217900.0,2.345633827075439
IntegerArrayComparison.SystemFormatsEncode,2,OverheadActual,4,92896,231700.0,2.494187047881502
IntegerArrayComparison.SystemFormatsEncode,2,OverheadActual,5,92896,224400.0,2.415604547020324
IntegerArrayComparison.SystemFormatsEncode,2,OverheadActual,6,92896,215300.0,2.3176455390974855
IntegerArrayComparison.SystemFormatsEncode,2,OverheadActual,7,92896,238400.0,2.5663107130554597
IntegerArrayComparison.SystemFormatsEncode,2,OverheadActual,8,92896,225300.0,2.425292800551154
IntegerArrayComparison.SystemFormatsEncode,2,OverheadActual,9,92896,235600.0,2.5361694798484327
IntegerArrayComparison.SystemFormatsEncode,2,OverheadActual,10,92896,217900.0,2.345633827075439
IntegerArrayComparison.SystemFormatsEncode,2,OverheadActual,11,92896,222200.0,2.3919221495005165
IntegerArrayComparison.SystemFormatsEncode,2,OverheadActual,12,92896,218500.0,2.3520926627626593
IntegerArrayComparison.SystemFormatsEncode,2,OverheadActual,13,92896,217300.0,2.339174991388219
IntegerArrayComparison.SystemFormatsEncode,2,OverheadActual,14,92896,238500.0,2.5673871856699964
IntegerArrayComparison.SystemFormatsEncode,2,OverheadActual,15,92896,217000.0,2.335945573544609
IntegerArrayComparison.SystemFormatsEncode,2,WorkloadActual,1,92896,487934300.0,5252.479116431278
IntegerArrayComparison.SystemFormatsEncode,2,WorkloadActual,2,92896,493940600.0,5317.135291078195
IntegerArrayComparison.SystemFormatsEncode,2,WorkloadActual,3,92896,490871100.0,5284.092964174992
IntegerArrayComparison.SystemFormatsEncode,2,WorkloadActual,4,92896,491655100.0,5292.532509472959
IntegerArrayComparison.SystemFormatsEncode,2,WorkloadActual,5,92896,489362500.0,5267.853298312091
IntegerArrayComparison.SystemFormatsEncode,2,WorkloadActual,6,92896,495215700.0,5330.8613933861525
IntegerArrayComparison.SystemFormatsEncode,2,WorkloadActual,7,92896,495169600.0,5330.365139510851
IntegerArrayComparison.SystemFormatsEncode,2,WorkloadActual,8,92896,501414800.0,5397.593007233896
IntegerArrayComparison.SystemFormatsEncode,2,WorkloadResult,1,92896,487713600.0,5250.103341370996
IntegerArrayComparison.SystemFormatsEncode,2,WorkloadResult,2,92896,493719900.0,5314.759516017913
IntegerArrayComparison.SystemFormatsEncode,2,WorkloadResult,3,92896,490650400.0,5281.717189114709
IntegerArrayComparison.SystemFormatsEncode,2,WorkloadResult,4,92896,491434400.0,5290.156734412676
IntegerArrayComparison.SystemFormatsEncode,2,WorkloadResult,5,92896,489141800.0,5265.477523251809
IntegerArrayComparison.SystemFormatsEncode,2,WorkloadResult,6,92896,494995000.0,5328.48561832587
IntegerArrayComparison.SystemFormatsEncode,2,WorkloadResult,7,92896,494948900.0,5327.989364450568
IntegerArrayComparison.SystemFormatsEncode,2,WorkloadResult,8,92896,501194100.0,5395.217232173613
IntegerArrayComparison.PeterOEncode,1,OverheadActual,1,20800,51100.0,2.456730769230769
IntegerArrayComparison.PeterOEncode,1,OverheadActual,2,20800,50700.0,2.4375
IntegerArrayComparison.PeterOEncode,1,OverheadActual,3,20800,50300.0,2.418269230769231
IntegerArrayComparison.PeterOEncode,1,OverheadActual,4,20800,50800.0,2.4423076923076925
IntegerArrayComparison.PeterOEncode,1,OverheadActual,5,20800,48600.0,2.3365384615384617
IntegerArrayComparison.PeterOEncode,1,OverheadActual,6,20800,50500.0,2.4278846153846154
IntegerArrayComparison.PeterOEncode,1,OverheadActual,7,20800,50300.0,2.418269230769231
IntegerArrayComparison.PeterOEncode,1,OverheadActual,8,20800,48900.0,2.3509615384615383
IntegerArrayComparison.PeterOEncode,1,OverheadActual,9,20800,49400.0,2.375
IntegerArrayComparison.PeterOEncode,1,OverheadActual,10,20800,49600.0,2.3846153846153846
IntegerArrayComparison.PeterOEncode,1,OverheadActual,11,20800,51200.0,2.4615384615384617
IntegerArrayComparison.PeterOEncode,1,OverheadActual,12,20800,49200.0,2.3653846153846154
IntegerArrayComparison.PeterOEncode,1,OverheadActual,13,20800,48600.0,2.3365384615384617
IntegerArrayComparison.PeterOEncode,1,OverheadActual,14,20800,49200.0,2.3653846153846154
IntegerArrayComparison.PeterOEncode,1,OverheadActual,15,20800,49700.0,2.389423076923077
IntegerArrayComparison.PeterOEncode,1,WorkloadActual,1,20800,503686600.0,24215.701923076922
IntegerArrayComparison.PeterOEncode,1,WorkloadActual,2,20800,530647500.0,25511.89903846154
IntegerArrayComparison.PeterOEncode,1,WorkloadActual,3,20800,546086600.0,26254.16346153846
IntegerArrayComparison.PeterOEncode,1,WorkloadActual,4,20800,519123300.0,24957.85096153846
IntegerArrayComparison.PeterOEncode,1,WorkloadActual,5,20800,507496200.0,24398.85576923077
IntegerArrayComparison.PeterOEncode,1,WorkloadActual,6,20800,513858900.0,24704.75480769231
IntegerArrayComparison.PeterOEncode,1,WorkloadActual,7,20800,506941200.0,24372.173076923078
IntegerArrayComparison.PeterOEncode,1,WorkloadActual,8,20800,506202700.0,24336.66826923077
IntegerArrayComparison.PeterOEncode,1,WorkloadResult,1,20800,503636900.0,24213.3125
IntegerArrayComparison.PeterOEncode,1,WorkloadResult,2,20800,530597800.0,25509.509615384617
IntegerArrayComparison.PeterOEncode,1,WorkloadResult,3,20800,519073600.0,24955.46153846154
IntegerArrayComparison.PeterOEncode,1,WorkloadResult,4,20800,507446500.0,24396.466346153848
IntegerArrayComparison.PeterOEncode,1,WorkloadResult,5,20800,513809200.0,24702.365384615383
IntegerArrayComparison.PeterOEncode,1,WorkloadResult,6,20800,506891500.0,24369.783653846152
IntegerArrayComparison.PeterOEncode,1,WorkloadResult,7,20800,506153000.0,24334.278846153848
IntegerArrayComparison.PeterOEncode,2,OverheadActual,1,20800,51200.0,2.4615384615384617
IntegerArrayComparison.PeterOEncode,2,OverheadActual,2,20800,97300.0,4.677884615384615
IntegerArrayComparison.PeterOEncode,2,OverheadActual,3,20800,50900.0,2.4471153846153846
IntegerArrayComparison.PeterOEncode,2,OverheadActual,4,20800,54400.0,2.6153846153846154
IntegerArrayComparison.PeterOEncode,2,OverheadActual,5,20800,50800.0,2.4423076923076925
IntegerArrayComparison.PeterOEncode,2,OverheadActual,6,20800,50400.0,2.423076923076923
IntegerArrayComparison.PeterOEncode,2,OverheadActual,7,20800,50200.0,2.4134615384615383
IntegerArrayComparison.PeterOEncode,2,OverheadActual,8,20800,50600.0,2.4326923076923075
IntegerArrayComparison.PeterOEncode,2,OverheadActual,9,20800,50700.0,2.4375
IntegerArrayComparison.PeterOEncode,2,OverheadActual,10,20800,49200.0,2.3653846153846154
IntegerArrayComparison.PeterOEncode,2,OverheadActual,11,20800,48900.0,2.3509615384615383
IntegerArrayComparison.PeterOEncode,2,OverheadActual,12,20800,52900.0,2.543269230769231
IntegerArrayComparison.PeterOEncode,2,OverheadActual,13,20800,50000.0,2.4038461538461537
IntegerArrayComparison.PeterOEncode,2,OverheadActual,14,20800,49900.0,2.3990384615384617
IntegerArrayComparison.PeterOEncode,2,OverheadActual,15,20800,49800.0,2.394230769230769
IntegerArrayComparison.PeterOEncode,2,WorkloadActual,1,20800,500921000.0,24082.740384615383
IntegerArrayComparison.PeterOEncode,2,WorkloadActual,2,20800,497779900.0,23931.72596153846
IntegerArrayComparison.PeterOEncode,2,WorkloadActual,3,20800,497499900.0,23918.264423076922
IntegerArrayComparison.PeterOEncode,2,WorkloadActual,4,20800,503857000.0,24223.89423076923
IntegerArrayComparison.PeterOEncode,2,WorkloadActual,5,20800,505932900.0,24323.697115384617
IntegerArrayComparison.PeterOEncode,2,WorkloadActual,6,20800,506056200.0,24329.625
IntegerArrayComparison.PeterOEncode,2,WorkloadActual,7,20800,510604400.0,24548.28846153846
IntegerArrayComparison.PeterOEncode,2,WorkloadActual,8,20800,501033000.0,24088.125
IntegerArrayComparison.PeterOEncode,2,WorkloadResult,1,20800,500870400.0,24080.30769230769
IntegerArrayComparison.PeterOEncode,2,WorkloadResult,2,20800,497729300.0,23929.29326923077
IntegerArrayComparison.PeterOEncode,2,WorkloadResult,3,20800,497449300.0,23915.83173076923
IntegerArrayComparison.PeterOEncode,2,WorkloadResult,4,20800,503806400.0,24221.46153846154
IntegerArrayComparison.PeterOEncode,2,WorkloadResult,5,20800,505882300.0,24321.264423076922
IntegerArrayComparison.PeterOEncode,2,WorkloadResult,6,20800,506005600.0,24327.19230769231
IntegerArrayComparison.PeterOEncode,2,WorkloadResult,7,20800,510553800.0,24545.85576923077
IntegerArrayComparison.PeterOEncode,2,WorkloadResult,8,20800,500982400.0,24085.69230769231
NestedModelComparison.CborDecode/OrderCount=1,1,OverheadActual,1,1479024,3524300.0,2.3828551801728706
NestedModelComparison.CborDecode/OrderCount=1,1,OverheadActual,2,1479024,3596500.0,2.4316711561137616
NestedModelComparison.CborDecode/OrderCount=1,1,OverheadActual,3,1479024,3491200.0,2.360475556853709
NestedModelComparison.CborDecode/OrderCount=1,1,OverheadActual,4,1479024,3659700.0,2.4744020381008016
NestedModelComparison.CborDecode/OrderCount=1,1,OverheadActual,5,1479024,3560600.0,2.4073983924534015
NestedModelComparison.CborDecode/OrderCount=1,1,OverheadActual,6,1479024,3490000.0,2.3596642109931953
NestedModelComparison.CborDecode/OrderCount=1,1,OverheadActual,7,1479024,3519600.0,2.37967740888586
NestedModelComparison.CborDecode/OrderCount=1,1,OverheadActual,8,1479024,3470800.0,2.346682677224981
NestedModelComparison.CborDecode/OrderCount=1,1,OverheadActual,9,1479024,3628400.0,2.45323943357241
NestedModelComparison.CborDecode/OrderCount=1,1,OverheadActual,10,1479024,3431000.0,2.3197730395179526
NestedModelComparison.CborDecode/OrderCount=1,1,OverheadActual,11,1479024,3555600.0,2.4040177847012623
NestedModelComparison.CborDecode/OrderCount=1,1,OverheadActual,12,1479024,3775200.0,2.552494077175218
NestedModelComparison.CborDecode/OrderCount=1,1,OverheadActual,13,1479024,3548100.0,2.3989468730730534
NestedModelComparison.CborDecode/OrderCount=1,1,OverheadActual,14,1479024,3432200.0,2.320584385378466
NestedModelComparison.CborDecode/OrderCount=1,1,OverheadActual,15,1479024,3499500.0,2.3660873657222603
NestedModelComparison.CborDecode/OrderCount=1,1,WorkloadActual,1,1479024,506493200.0,342.450967665163
NestedModelComparison.CborDecode/OrderCount=1,1,WorkloadActual,2,1479024,504968900.0,341.4203555858458
NestedModelComparison.CborDecode/OrderCount=1,1,WorkloadActual,3,1479024,502172300.0,339.5295140579193
NestedModelComparison.CborDecode/OrderCount=1,1,WorkloadActual,4,1479024,507193900.0,342.9247260355478
NestedModelComparison.CborDecode/OrderCount=1,1,WorkloadActual,5,1479024,500699600.0,338.5337898506042
NestedModelComparison.CborDecode/OrderCount=1,1,WorkloadActual,6,1479024,502672500.0,339.8677100574433
NestedModelComparison.CborDecode/OrderCount=1,1,WorkloadActual,7,1479024,505716700.0,341.92595928125576
NestedModelComparison.CborDecode/OrderCount=1,1,WorkloadActual,8,1479024,505412400.0,341.72021549346056
NestedModelComparison.CborDecode/OrderCount=1,1,WorkloadResult,1,1479024,502968900.0,340.0681124849901
NestedModelComparison.CborDecode/OrderCount=1,1,WorkloadResult,2,1479024,501444600.0,339.0375004056729
NestedModelComparison.CborDecode/OrderCount=1,1,WorkloadResult,3,1479024,498648000.0,337.1466588777464
NestedModelComparison.CborDecode/OrderCount=1,1,WorkloadResult,4,1479024,503669600.0,340.5418708553749
NestedModelComparison.CborDecode/OrderCount=1,1,WorkloadResult,5,1479024,497175300.0,336.1509346704313
NestedModelComparison.CborDecode/OrderCount=1,1,WorkloadResult,6,1479024,499148200.0,337.48485487727044
NestedModelComparison.CborDecode/OrderCount=1,1,WorkloadResult,7,1479024,502192400.0,339.54310410108286
NestedModelComparison.CborDecode/OrderCount=1,1,WorkloadResult,8,1479024,501888100.0,339.33736031328766
NestedModelComparison.CborDecode/OrderCount=1,2,OverheadActual,1,1492000,3494900.0,2.342426273458445
NestedModelComparison.CborDecode/OrderCount=1,2,OverheadActual,2,1492000,3523300.0,2.361461126005362
NestedModelComparison.CborDecode/OrderCount=1,2,OverheadActual,3,1492000,3555800.0,2.383243967828418
NestedModelComparison.CborDecode/OrderCount=1,2,OverheadActual,4,1492000,3526300.0,2.363471849865952
NestedModelComparison.CborDecode/OrderCount=1,2,OverheadActual,5,1492000,3518800.0,2.358445040214477
NestedModelComparison.CborDecode/OrderCount=1,2,OverheadActual,6,1492000,3514400.0,2.3554959785522787
NestedModelComparison.CborDecode/OrderCount=1,2,OverheadActual,7,1492000,3631500.0,2.433981233243968
NestedModelComparison.CborDecode/OrderCount=1,2,OverheadActual,8,1492000,3487900.0,2.337734584450402
NestedModelComparison.CborDecode/OrderCount=1,2,OverheadActual,9,1492000,3516500.0,2.3569034852546915
NestedModelComparison.CborDecode/OrderCount=1,2,OverheadActual,10,1492000,3481000.0,2.3331099195710454
NestedModelComparison.CborDecode/OrderCount=1,2,OverheadActual,11,1492000,3531000.0,2.366621983914209
NestedModelComparison.CborDecode/OrderCount=1,2,OverheadActual,12,1492000,3508400.0,2.351474530831099
NestedModelComparison.CborDecode/OrderCount=1,2,OverheadActual,13,1492000,3603200.0,2.4150134048257375
NestedModelComparison.CborDecode/OrderCount=1,2,OverheadActual,14,1492000,3545100.0,2.3760723860589814
NestedModelComparison.CborDecode/OrderCount=1,2,OverheadActual,15,1492000,3478200.0,2.3312332439678283
NestedModelComparison.CborDecode/OrderCount=1,2,WorkloadActual,1,1492000,519358400.0,348.0954423592493
NestedModelComparison.CborDecode/OrderCount=1,2,WorkloadActual,2,1492000,529877000.0,355.14544235924933
NestedModelComparison.CborDecode/OrderCount=1,2,WorkloadActual,3,1492000,537931900.0,360.54416890080427
NestedModelComparison.CborDecode/OrderCount=1,2,WorkloadActual,4,1492000,567983500.0,380.68599195710453
NestedModelComparison.CborDecode/OrderCount=1,2,WorkloadActual,5,1492000,537727300.0,360.40703753351204
NestedModelComparison.CborDecode/OrderCount=1,2,WorkloadActual,6,1492000,512936500.0,343.7912198391421
NestedModelComparison.CborDecode/OrderCount=1,2,WorkloadActual,7,1492000,514800900.0,345.04081769437
NestedModelComparison.CborDecode/OrderCount=1,2,WorkloadActual,8,1492000,501525600.0,336.143163538874
NestedModelComparison.CborDecode/OrderCount=1,2,WorkloadResult,1,1492000,515839600.0,345.73699731903486
NestedModelComparison.CborDecode/OrderCount=1,2,WorkloadResult,2,1492000,526358200.0,352.78699731903487
NestedModelComparison.CborDecode/OrderCount=1,2,WorkloadResult,3,1492000,534413100.0,358.1857238605898
NestedModelComparison.CborDecode/OrderCount=1,2,WorkloadResult,4,1492000,564464700.0,378.32754691689007
NestedModelComparison.CborDecode/OrderCount=1,2,WorkloadResult,5,1492000,534208500.0,358.0485924932976
NestedModelComparison.CborDecode/OrderCount=1,2,WorkloadResult,6,1492000,509417700.0,341.4327747989276
NestedModelComparison.CborDecode/OrderCount=1,2,WorkloadResult,7,1492000,511282100.0,342.6823726541555
NestedModelComparison.CborDecode/OrderCount=1,2,WorkloadResult,8,1492000,498006800.0,333.7847184986595
NestedModelComparison.MessagePackV4Decode/OrderCount=1,1,OverheadActual,1,2268832,5318000.0,2.3439373210533
NestedModelComparison.MessagePackV4Decode/OrderCount=1,1,OverheadActual,2,2268832,5388900.0,2.37518688029788
NestedModelComparison.MessagePackV4Decode/OrderCount=1,1,OverheadActual,3,2268832,5293700.0,2.3332269643587535
NestedModelComparison.MessagePackV4Decode/OrderCount=1,1,OverheadActual,4,2268832,5348500.0,2.3573803613489233
NestedModelComparison.MessagePackV4Decode/OrderCount=1,1,OverheadActual,5,2268832,5308300.0,2.339661993483872
NestedModelComparison.MessagePackV4Decode/OrderCount=1,1,OverheadActual,6,2268832,5369900.0,2.366812527326836
NestedModelComparison.MessagePackV4Decode/OrderCount=1,1,OverheadActual,7,2268832,5289800.0,2.3315080182225922
NestedModelComparison.MessagePackV4Decode/OrderCount=1,1,OverheadActual,8,2268832,5481500.0,2.4160008321462323
NestedModelComparison.MessagePackV4Decode/OrderCount=1,1,OverheadActual,9,2268832,5346200.0,2.356366623884007
NestedModelComparison.MessagePackV4Decode/OrderCount=1,1,OverheadActual,10,2268832,5521700.0,2.4337192000112835
NestedModelComparison.MessagePackV4Decode/OrderCount=1,1,OverheadActual,11,2268832,5300700.0,2.3363122522954543
NestedModelComparison.MessagePackV4Decode/OrderCount=1,1,OverheadActual,12,2268832,5360800.0,2.3628016530091256
NestedModelComparison.MessagePackV4Decode/OrderCount=1,1,OverheadActual,13,2268832,5389800.0,2.375583560175456
NestedModelComparison.MessagePackV4Decode/OrderCount=1,1,OverheadActual,14,2268832,5275200.0,2.3250729890974737
NestedModelComparison.MessagePackV4Decode/OrderCount=1,1,OverheadActual,15,2268832,5303700.0,2.33763451855404
NestedModelComparison.MessagePackV4Decode/OrderCount=1,1,WorkloadActual,1,2268832,503815800.0,222.05954429415664
NestedModelComparison.MessagePackV4Decode/OrderCount=1,1,WorkloadActual,2,2268832,514411000.0,226.72943611514648
NestedModelComparison.MessagePackV4Decode/OrderCount=1,1,WorkloadActual,3,2268832,511421100.0,225.4116214862978
NestedModelComparison.MessagePackV4Decode/OrderCount=1,1,WorkloadActual,4,2268832,513740300.0,226.43382145526863
NestedModelComparison.MessagePackV4Decode/OrderCount=1,1,WorkloadActual,5,2268832,504748700.0,222.4707250250349
NestedModelComparison.MessagePackV4Decode/OrderCount=1,1,WorkloadActual,6,2268832,517834900.0,228.23853859607058
NestedModelComparison.MessagePackV4Decode/OrderCount=1,1,WorkloadActual,7,2268832,524318800.0,231.09635266075233
NestedModelComparison.MessagePackV4Decode/OrderCount=1,1,WorkloadActual,8,2268832,534150200.0,235.42959549230616
NestedModelComparison.MessagePackV4Decode/OrderCount=1,1,WorkloadResult,1,2268832,498469600.0,219.70317767027262
NestedModelComparison.MessagePackV4Decode/OrderCount=1,1,WorkloadResult,2,2268832,509064800.0,224.37306949126247
NestedModelComparison.MessagePackV4Decode/OrderCount=1,1,WorkloadResult,3,2268832,506074900.0,223.0552548624138
NestedModelComparison.MessagePackV4Decode/OrderCount=1,1,WorkloadResult,4,2268832,508394100.0,224.0774548313846
NestedModelComparison.MessagePackV4Decode/OrderCount=1,1,WorkloadResult,5,2268832,499402500.0,220.1143584011509
NestedModelComparison.MessagePackV4Decode/OrderCount=1,1,WorkloadResult,6,2268832,512488700.0,225.88217197218657
NestedModelComparison.MessagePackV4Decode/OrderCount=1,1,WorkloadResult,7,2268832,518972600.0,228.73998603686832
NestedModelComparison.MessagePackV4Decode/OrderCount=1,2,OverheadActual,1,2398752,5983400.0,2.4943804111471297
NestedModelComparison.MessagePackV4Decode/OrderCount=1,2,OverheadActual,2,2398752,5592500.0,2.3314206720828166
NestedModelComparison.MessagePackV4Decode/OrderCount=1,2,OverheadActual,3,2398752,5687300.0,2.3709412227691735
NestedModelComparison.MessagePackV4Decode/OrderCount=1,2,OverheadActual,4,2398752,5632300.0,2.348012633235949
NestedModelComparison.MessagePackV4Decode/OrderCount=1,2,OverheadActual,5,2398752,5749600.0,2.3969130614586254
NestedModelComparison.MessagePackV4Decode/OrderCount=1,2,OverheadActual,6,2398752,5584000.0,2.327877162791318
NestedModelComparison.MessagePackV4Decode/OrderCount=1,2,OverheadActual,7,2398752,5567100.0,2.3208318325529276
NestedModelComparison.MessagePackV4Decode/OrderCount=1,2,OverheadActual,8,2398752,5654800.0,2.3573925107722684
NestedModelComparison.MessagePackV4Decode/OrderCount=1,2,OverheadActual,9,2398752,5611900.0,2.3395082109363536
NestedModelComparison.MessagePackV4Decode/OrderCount=1,2,OverheadActual,10,2398752,5664500.0,2.3614362801990367
NestedModelComparison.MessagePackV4Decode/OrderCount=1,2,OverheadActual,11,2398752,5555800.0,2.316121049612465
NestedModelComparison.MessagePackV4Decode/OrderCount=1,2,OverheadActual,12,2398752,5605500.0,2.3368401568815784
NestedModelComparison.MessagePackV4Decode/OrderCount=1,2,OverheadActual,13,2398752,5615800.0,2.3411340563759824
NestedModelComparison.MessagePackV4Decode/OrderCount=1,2,OverheadActual,14,2398752,5579900.0,2.326167940662478
NestedModelComparison.MessagePackV4Decode/OrderCount=1,2,OverheadActual,15,2398752,5584400.0,2.3280439161697415
NestedModelComparison.MessagePackV4Decode/OrderCount=1,2,WorkloadActual,1,2398752,512207000.0,213.53061925534612
NestedModelComparison.MessagePackV4Decode/OrderCount=1,2,WorkloadActual,2,2398752,507055700.0,211.38312755966436
NestedModelComparison.MessagePackV4Decode/OrderCount=1,2,WorkloadActual,3,2398752,512148900.0,213.5063983271301
NestedModelComparison.MessagePackV4Decode/OrderCount=1,2,WorkloadActual,4,2398752,520646900.0,217.04907385173624
NestedModelComparison.MessagePackV4Decode/OrderCount=1,2,WorkloadActual,5,2398752,496583800.0,207.01756580088312
NestedModelComparison.MessagePackV4Decode/OrderCount=1,2,WorkloadActual,6,2398752,517139600.0,215.58693854137485
NestedModelComparison.MessagePackV4Decode/OrderCount=1,2,WorkloadActual,7,2398752,508275300.0,211.89155861047746
NestedModelComparison.MessagePackV4Decode/OrderCount=1,2,WorkloadActual,8,2398752,519237500.0,216.46151832286122
NestedModelComparison.MessagePackV4Decode/OrderCount=1,2,WorkloadResult,1,2398752,506595100.0,211.19111104440975
NestedModelComparison.MessagePackV4Decode/OrderCount=1,2,WorkloadResult,2,2398752,501443800.0,209.04361934872801
NestedModelComparison.MessagePackV4Decode/OrderCount=1,2,WorkloadResult,3,2398752,506537000.0,211.16689011619374
NestedModelComparison.MessagePackV4Decode/OrderCount=1,2,WorkloadResult,4,2398752,515035000.0,214.7095656407999
NestedModelComparison.MessagePackV4Decode/OrderCount=1,2,WorkloadResult,5,2398752,490971900.0,204.67805758994677
NestedModelComparison.MessagePackV4Decode/OrderCount=1,2,WorkloadResult,6,2398752,511527700.0,213.2474303304385
NestedModelComparison.MessagePackV4Decode/OrderCount=1,2,WorkloadResult,7,2398752,502663400.0,209.5520503995411
NestedModelComparison.MessagePackV4Decode/OrderCount=1,2,WorkloadResult,8,2398752,513625600.0,214.12201011192488
NestedModelComparison.REDoxDecode/OrderCount=1,1,OverheadActual,1,516336,1221600.0,2.365901273589291
NestedModelComparison.REDoxDecode/OrderCount=1,1,OverheadActual,2,516336,1233100.0,2.388173592389452
NestedModelComparison.REDoxDecode/OrderCount=1,1,OverheadActual,3,516336,1245400.0,2.4119952898887544
NestedModelComparison.REDoxDecode/OrderCount=1,1,OverheadActual,4,516336,1208600.0,2.340723869728239
NestedModelComparison.REDoxDecode/OrderCount=1,1,OverheadActual,5,516336,1210200.0,2.343822627126522
NestedModelComparison.REDoxDecode/OrderCount=1,1,OverheadActual,6,516336,1244500.0,2.41025223885222
NestedModelComparison.REDoxDecode/OrderCount=1,1,OverheadActual,7,516336,1224600.0,2.371711443711072
NestedModelComparison.REDoxDecode/OrderCount=1,1,OverheadActual,8,516336,1226800.0,2.3759722351337116
NestedModelComparison.REDoxDecode/OrderCount=1,1,OverheadActual,9,516336,1283800.0,2.4863654674475537
NestedModelComparison.REDoxDecode/OrderCount=1,1,OverheadActual,10,516336,1269400.0,2.458476650863004
NestedModelComparison.REDoxDecode/OrderCount=1,1,OverheadActual,11,516336,1256000.0,2.4325245576523815
NestedModelComparison.REDoxDecode/OrderCount=1,1,OverheadActual,12,516336,1236000.0,2.3937900901738405
NestedModelComparison.REDoxDecode/OrderCount=1,1,OverheadActual,13,516336,1240700.0,2.4028926900312975
NestedModelComparison.REDoxDecode/OrderCount=1,1,OverheadActual,14,516336,1251300.0,2.423421957794924
NestedModelComparison.REDoxDecode/OrderCount=1,1,OverheadActual,15,516336,1220000.0,2.3628025161910076
NestedModelComparison.REDoxDecode/OrderCount=1,1,WorkloadActual,1,516336,504240300.0,976.5739750859905
NestedModelComparison.REDoxDecode/OrderCount=1,1,WorkloadActual,2,516336,508290800.0,984.418673112082
NestedModelComparison.REDoxDecode/OrderCount=1,1,WorkloadActual,3,516336,505347800.0,978.7188962226147
NestedModelComparison.REDoxDecode/OrderCount=1,1,WorkloadActual,4,516336,495120800.0,958.9120262774627
NestedModelComparison.REDoxDecode/OrderCount=1,1,WorkloadActual,5,516336,496341000.0,961.2752161383286
NestedModelComparison.REDoxDecode/OrderCount=1,1,WorkloadActual,6,516336,500535600.0,969.398996002603
NestedModelComparison.REDoxDecode/OrderCount=1,1,WorkloadActual,7,516336,499614300.0,967.614692758204
NestedModelComparison.REDoxDecode/OrderCount=1,1,WorkloadActual,8,516336,505499400.0,979.0125034861021
NestedModelComparison.REDoxDecode/OrderCount=1,1,WorkloadResult,1,516336,503004300.0,974.1801849958167
NestedModelComparison.REDoxDecode/OrderCount=1,1,WorkloadResult,2,516336,507054800.0,982.0248830219082
NestedModelComparison.REDoxDecode/OrderCount=1,1,WorkloadResult,3,516336,504111800.0,976.3251061324409
NestedModelComparison.REDoxDecode/OrderCount=1,1,WorkloadResult,4,516336,493884800.0,956.518236187289
NestedModelComparison.REDoxDecode/OrderCount=1,1,WorkloadResult,5,516336,495105000.0,958.8814260481547
NestedModelComparison.REDoxDecode/OrderCount=1,1,WorkloadResult,6,516336,499299600.0,967.0052059124291
NestedModelComparison.REDoxDecode/OrderCount=1,1,WorkloadResult,7,516336,498378300.0,965.2209026680301
NestedModelComparison.REDoxDecode/OrderCount=1,1,WorkloadResult,8,516336,504263400.0,976.6187133959282
NestedModelComparison.REDoxDecode/OrderCount=1,2,OverheadActual,1,518752,1217800.0,2.3475572142372463
NestedModelComparison.REDoxDecode/OrderCount=1,2,OverheadActual,2,518752,1229700.0,2.3704968848312875
NestedModelComparison.REDoxDecode/OrderCount=1,2,OverheadActual,3,518752,1255400.0,2.420038862500771
NestedModelComparison.REDoxDecode/OrderCount=1,2,OverheadActual,4,518752,1676600.0,3.2319875393251496
NestedModelComparison.REDoxDecode/OrderCount=1,2,OverheadActual,5,518752,1255000.0,2.4192677811362655
NestedModelComparison.REDoxDecode/OrderCount=1,2,OverheadActual,6,518752,1209400.0,2.331364505582629
NestedModelComparison.REDoxDecode/OrderCount=1,2,OverheadActual,7,518752,1227600.0,2.366448707667633
NestedModelComparison.REDoxDecode/OrderCount=1,2,OverheadActual,8,518752,1229100.0,2.369340262784529
NestedModelComparison.REDoxDecode/OrderCount=1,2,OverheadActual,9,518752,1272200.0,2.4524242798100055
NestedModelComparison.REDoxDecode/OrderCount=1,2,OverheadActual,10,518752,1260700.0,2.43025569058047
NestedModelComparison.REDoxDecode/OrderCount=1,2,OverheadActual,11,518752,1248000.0,2.405773857257418
NestedModelComparison.REDoxDecode/OrderCount=1,2,OverheadActual,12,518752,1257600.0,2.424279810005552
NestedModelComparison.REDoxDecode/OrderCount=1,2,OverheadActual,13,518752,1217500.0,2.3469789032138673
NestedModelComparison.REDoxDecode/OrderCount=1,2,OverheadActual,14,518752,1249000.0,2.4077015606686816
NestedModelComparison.REDoxDecode/OrderCount=1,2,OverheadActual,15,518752,1244500.0,2.399026895317994
NestedModelComparison.REDoxDecode/OrderCount=1,2,WorkloadActual,1,518752,510181300.0,983.47823237308
NestedModelComparison.REDoxDecode/OrderCount=1,2,WorkloadActual,2,518752,509384300.0,981.9418527543027
NestedModelComparison.REDoxDecode/OrderCount=1,2,WorkloadActual,3,518752,520400600.0,1003.1780118438097
NestedModelComparison.REDoxDecode/OrderCount=1,2,WorkloadActual,4,518752,504152400.0,971.8563012769107
NestedModelComparison.REDoxDecode/OrderCount=1,2,WorkloadActual,5,518752,508894100.0,980.996892542101
NestedModelComparison.REDoxDecode/OrderCount=1,2,WorkloadActual,6,518752,503008700.0,969.6515868854482
NestedModelComparison.REDoxDecode/OrderCount=1,2,WorkloadActual,7,518752,499408300.0,962.7110835235334
NestedModelComparison.REDoxDecode/OrderCount=1,2,WorkloadActual,8,518752,498685000.0,961.3167756461662
NestedModelComparison.REDoxDecode/OrderCount=1,2,WorkloadResult,1,518752,508933300.0,981.0724585158226
NestedModelComparison.REDoxDecode/OrderCount=1,2,WorkloadResult,2,518752,508136300.0,979.5360788970452
NestedModelComparison.REDoxDecode/OrderCount=1,2,WorkloadResult,3,518752,519152600.0,1000.7722379865523
NestedModelComparison.REDoxDecode/OrderCount=1,2,WorkloadResult,4,518752,502904400.0,969.4505274196533
NestedModelComparison.REDoxDecode/OrderCount=1,2,WorkloadResult,5,518752,507646100.0,978.5911186848437
NestedModelComparison.REDoxDecode/OrderCount=1,2,WorkloadResult,6,518752,501760700.0,967.2458130281907
NestedModelComparison.REDoxDecode/OrderCount=1,2,WorkloadResult,7,518752,498160300.0,960.305309666276
NestedModelComparison.REDoxDecode/OrderCount=1,2,WorkloadResult,8,518752,497437000.0,958.9110017889087
NestedModelComparison.SystemFormatsDecode/OrderCount=1,1,OverheadActual,1,361936,866100.0,2.3929645020114054
NestedModelComparison.SystemFormatsDecode/OrderCount=1,1,OverheadActual,2,361936,841300.0,2.3244441006144734
NestedModelComparison.SystemFormatsDecode/OrderCount=1,1,OverheadActual,3,361936,848800.0,2.3451659961982227
NestedModelComparison.SystemFormatsDecode/OrderCount=1,1,OverheadActual,4,361936,863200.0,2.384952035719022
NestedModelComparison.SystemFormatsDecode/OrderCount=1,1,OverheadActual,5,361936,854800.0,2.3617435126652224
NestedModelComparison.SystemFormatsDecode/OrderCount=1,1,OverheadActual,6,361936,873600.0,2.413686397595155
NestedModelComparison.SystemFormatsDecode/OrderCount=1,1,OverheadActual,7,361936,872500.0,2.4106471862428718
NestedModelComparison.SystemFormatsDecode/OrderCount=1,1,OverheadActual,8,361936,854600.0,2.3611909287829893
NestedModelComparison.SystemFormatsDecode/OrderCount=1,1,OverheadActual,9,361936,862700.0,2.383570576013439
NestedModelComparison.SystemFormatsDecode/OrderCount=1,1,OverheadActual,10,361936,879000.0,2.4286061624154547
NestedModelComparison.SystemFormatsDecode/OrderCount=1,1,OverheadActual,11,361936,876300.0,2.421146280005305
NestedModelComparison.SystemFormatsDecode/OrderCount=1,1,OverheadActual,12,361936,849800.0,2.3479289156093897
NestedModelComparison.SystemFormatsDecode/OrderCount=1,1,OverheadActual,13,361936,871600.0,2.408160558772822
NestedModelComparison.SystemFormatsDecode/OrderCount=1,1,OverheadActual,14,361936,886200.0,2.4484991821758544
NestedModelComparison.SystemFormatsDecode/OrderCount=1,1,OverheadActual,15,361936,854200.0,2.3600857610185226
NestedModelComparison.SystemFormatsDecode/OrderCount=1,1,WorkloadActual,1,361936,506895600.0,1400.511692674948
NestedModelComparison.SystemFormatsDecode/OrderCount=1,1,WorkloadActual,2,361936,495436800.0,1368.851951726272
NestedModelComparison.SystemFormatsDecode/OrderCount=1,1,WorkloadActual,3,361936,485436500.0,1341.2219287387825
NestedModelComparison.SystemFormatsDecode/OrderCount=1,1,WorkloadActual,4,361936,506757300.0,1400.1295809203837
NestedModelComparison.SystemFormatsDecode/OrderCount=1,1,WorkloadActual,5,361936,493098600.0,1362.3916935590823
NestedModelComparison.SystemFormatsDecode/OrderCount=1,1,WorkloadActual,6,361936,501410300.0,1385.3562508288758
NestedModelComparison.SystemFormatsDecode/OrderCount=1,1,WorkloadActual,7,361936,499222100.0,1379.3104305733611
NestedModelComparison.SystemFormatsDecode/OrderCount=1,1,WorkloadActual,8,361936,503809100.0,1391.9839419123823
NestedModelComparison.SystemFormatsDecode/OrderCount=1,1,WorkloadResult,1,361936,506032400.0,1398.126740639229
NestedModelComparison.SystemFormatsDecode/OrderCount=1,1,WorkloadResult,2,361936,494573600.0,1366.466999690553
NestedModelComparison.SystemFormatsDecode/OrderCount=1,1,WorkloadResult,3,361936,484573300.0,1338.8369767030636
NestedModelComparison.SystemFormatsDecode/OrderCount=1,1,WorkloadResult,4,361936,505894100.0,1397.7446288846647
NestedModelComparison.SystemFormatsDecode/OrderCount=1,1,WorkloadResult,5,361936,492235400.0,1360.0067415233632
NestedModelComparison.SystemFormatsDecode/OrderCount=1,1,WorkloadResult,6,361936,500547100.0,1382.9712987931568
NestedModelComparison.SystemFormatsDecode/OrderCount=1,1,WorkloadResult,7,361936,498358900.0,1376.925478537642
NestedModelComparison.SystemFormatsDecode/OrderCount=1,1,WorkloadResult,8,361936,502945900.0,1389.5989898766634
NestedModelComparison.SystemFormatsDecode/OrderCount=1,2,OverheadActual,1,369024,877500.0,2.3778941207075963
NestedModelComparison.SystemFormatsDecode/OrderCount=1,2,OverheadActual,2,369024,881500.0,2.3887335241068333
NestedModelComparison.SystemFormatsDecode/OrderCount=1,2,OverheadActual,3,369024,904100.0,2.4499761533125217
NestedModelComparison.SystemFormatsDecode/OrderCount=1,2,OverheadActual,4,369024,883600.0,2.3944242108914326
NestedModelComparison.SystemFormatsDecode/OrderCount=1,2,OverheadActual,5,369024,884800.0,2.3976760319112036
NestedModelComparison.SystemFormatsDecode/OrderCount=1,2,OverheadActual,6,369024,871300.0,2.361093045438779
NestedModelComparison.SystemFormatsDecode/OrderCount=1,2,OverheadActual,7,369024,881500.0,2.3887335241068333
NestedModelComparison.SystemFormatsDecode/OrderCount=1,2,OverheadActual,8,369024,872800.0,2.3651578217134928
NestedModelComparison.SystemFormatsDecode/OrderCount=1,2,OverheadActual,9,369024,881000.0,2.3873785986819285
NestedModelComparison.SystemFormatsDecode/OrderCount=1,2,OverheadActual,10,369024,893800.0,2.4220646895594866
NestedModelComparison.SystemFormatsDecode/OrderCount=1,2,OverheadActual,11,369024,890800.0,2.413935137010059
NestedModelComparison.SystemFormatsDecode/OrderCount=1,2,OverheadActual,12,369024,904900.0,2.452144033992369
NestedModelComparison.SystemFormatsDecode/OrderCount=1,2,OverheadActual,13,369024,925600.0,2.50823794658342
NestedModelComparison.SystemFormatsDecode/OrderCount=1,2,OverheadActual,14,369024,871300.0,2.361093045438779
NestedModelComparison.SystemFormatsDecode/OrderCount=1,2,OverheadActual,15,369024,905100.0,2.452686004162331
NestedModelComparison.SystemFormatsDecode/OrderCount=1,2,WorkloadActual,1,369024,509113300.0,1379.6211086541796
NestedModelComparison.SystemFormatsDecode/OrderCount=1,2,WorkloadActual,2,369024,505696400.0,1370.3618192854665
NestedModelComparison.SystemFormatsDecode/OrderCount=1,2,WorkloadActual,3,369024,509164600.0,1379.760124002775
NestedModelComparison.SystemFormatsDecode/OrderCount=1,2,WorkloadActual,4,369024,516798300.0,1400.4463124349636
NestedModelComparison.SystemFormatsDecode/OrderCount=1,2,WorkloadActual,5,369024,505586800.0,1370.0648196323275
NestedModelComparison.SystemFormatsDecode/OrderCount=1,2,WorkloadActual,6,369024,503014200.0,1363.0934573361083
NestedModelComparison.SystemFormatsDecode/OrderCount=1,2,WorkloadActual,7,369024,499569100.0,1353.7577501734304
NestedModelComparison.SystemFormatsDecode/OrderCount=1,2,WorkloadActual,8,369024,521826700.0,1414.0725264481443
NestedModelComparison.SystemFormatsDecode/OrderCount=1,2,WorkloadResult,1,369024,508229700.0,1377.2266844432881
NestedModelComparison.SystemFormatsDecode/OrderCount=1,2,WorkloadResult,2,369024,504812800.0,1367.967395074575
NestedModelComparison.SystemFormatsDecode/OrderCount=1,2,WorkloadResult,3,369024,508281000.0,1377.3656997918833
NestedModelComparison.SystemFormatsDecode/OrderCount=1,2,WorkloadResult,4,369024,515914700.0,1398.0518882240722
NestedModelComparison.SystemFormatsDecode/OrderCount=1,2,WorkloadResult,5,369024,504703200.0,1367.670395421436
NestedModelComparison.SystemFormatsDecode/OrderCount=1,2,WorkloadResult,6,369024,502130600.0,1360.6990331252168
NestedModelComparison.SystemFormatsDecode/OrderCount=1,2,WorkloadResult,7,369024,498685500.0,1351.363325962539
NestedModelComparison.PeterODecode/OrderCount=1,1,OverheadActual,1,46560,112800.0,2.422680412371134
NestedModelComparison.PeterODecode/OrderCount=1,1,OverheadActual,2,46560,111900.0,2.4033505154639174
NestedModelComparison.PeterODecode/OrderCount=1,1,OverheadActual,3,46560,219800.0,4.720790378006873
NestedModelComparison.PeterODecode/OrderCount=1,1,OverheadActual,4,46560,111100.0,2.386168384879725
NestedModelComparison.PeterODecode/OrderCount=1,1,OverheadActual,5,46560,112900.0,2.424828178694158
NestedModelComparison.PeterODecode/OrderCount=1,1,OverheadActual,6,46560,111300.0,2.390463917525773
NestedModelComparison.PeterODecode/OrderCount=1,1,OverheadActual,7,46560,114000.0,2.448453608247423
NestedModelComparison.PeterODecode/OrderCount=1,1,OverheadActual,8,46560,110400.0,2.3711340206185567
NestedModelComparison.PeterODecode/OrderCount=1,1,OverheadActual,9,46560,112100.0,2.4076460481099655
NestedModelComparison.PeterODecode/OrderCount=1,1,OverheadActual,10,46560,107800.0,2.3152920962199315
NestedModelComparison.PeterODecode/OrderCount=1,1,OverheadActual,11,46560,111800.0,2.4012027491408934
NestedModelComparison.PeterODecode/OrderCount=1,1,OverheadActual,12,46560,112500.0,2.4162371134020617
NestedModelComparison.PeterODecode/OrderCount=1,1,OverheadActual,13,46560,108900.0,2.338917525773196
NestedModelComparison.PeterODecode/OrderCount=1,1,OverheadActual,14,46560,114800.0,2.4656357388316152
NestedModelComparison.PeterODecode/OrderCount=1,1,OverheadActual,15,46560,108500.0,2.3303264604811
NestedModelComparison.PeterODecode/OrderCount=1,1,WorkloadActual,1,46560,500529200.0,10750.197594501718
NestedModelComparison.PeterODecode/OrderCount=1,1,WorkloadActual,2,46560,500865400.0,10757.418384879726
NestedModelComparison.PeterODecode/OrderCount=1,1,WorkloadActual,3,46560,505271200.0,10852.044673539518
NestedModelComparison.PeterODecode/OrderCount=1,1,WorkloadActual,4,46560,519192600.0,11151.04381443299
NestedModelComparison.PeterODecode/OrderCount=1,1,WorkloadActual,5,46560,515012900.0,11061.273625429554
NestedModelComparison.PeterODecode/OrderCount=1,1,WorkloadActual,6,46560,514091700.0,11041.488402061856
NestedModelComparison.PeterODecode/OrderCount=1,1,WorkloadActual,7,46560,518039100.0,11126.269329896908
NestedModelComparison.PeterODecode/OrderCount=1,1,WorkloadActual,8,46560,513713400.0,11033.363402061856
NestedModelComparison.PeterODecode/OrderCount=1,1,WorkloadResult,1,46560,500417300.0,10747.794243986255
NestedModelComparison.PeterODecode/OrderCount=1,1,WorkloadResult,2,46560,500753500.0,10755.015034364262
NestedModelComparison.PeterODecode/OrderCount=1,1,WorkloadResult,3,46560,505159300.0,10849.641323024054
NestedModelComparison.PeterODecode/OrderCount=1,1,WorkloadResult,4,46560,519080700.0,11148.640463917525
NestedModelComparison.PeterODecode/OrderCount=1,1,WorkloadResult,5,46560,514901000.0,11058.870274914088
NestedModelComparison.PeterODecode/OrderCount=1,1,WorkloadResult,6,46560,513979800.0,11039.085051546392
NestedModelComparison.PeterODecode/OrderCount=1,1,WorkloadResult,7,46560,517927200.0,11123.865979381444
NestedModelComparison.PeterODecode/OrderCount=1,1,WorkloadResult,8,46560,513601500.0,11030.960051546392
NestedModelComparison.PeterODecode/OrderCount=1,2,OverheadActual,1,43328,107600.0,2.4833825701624814
NestedModelComparison.PeterODecode/OrderCount=1,2,OverheadActual,2,43328,104800.0,2.418759231905465
NestedModelComparison.PeterODecode/OrderCount=1,2,OverheadActual,3,43328,105000.0,2.4233751846381093
NestedModelComparison.PeterODecode/OrderCount=1,2,OverheadActual,4,43328,100600.0,2.3218242245199407
NestedModelComparison.PeterODecode/OrderCount=1,2,OverheadActual,5,43328,106200.0,2.4510709010339733
NestedModelComparison.PeterODecode/OrderCount=1,2,OverheadActual,6,43328,102800.0,2.372599704579025
NestedModelComparison.PeterODecode/OrderCount=1,2,OverheadActual,7,43328,103600.0,2.391063515509601
NestedModelComparison.PeterODecode/OrderCount=1,2,OverheadActual,8,43328,103800.0,2.3956794682422453
NestedModelComparison.PeterODecode/OrderCount=1,2,OverheadActual,9,43328,103700.0,2.3933714918759232
NestedModelComparison.PeterODecode/OrderCount=1,2,OverheadActual,10,43328,101600.0,2.344903988183161
NestedModelComparison.PeterODecode/OrderCount=1,2,OverheadActual,11,43328,103500.0,2.388755539143279
NestedModelComparison.PeterODecode/OrderCount=1,2,OverheadActual,12,43328,103700.0,2.3933714918759232
NestedModelComparison.PeterODecode/OrderCount=1,2,OverheadActual,13,43328,104400.0,2.4095273264401773
NestedModelComparison.PeterODecode/OrderCount=1,2,OverheadActual,14,43328,104200.0,2.404911373707533
NestedModelComparison.PeterODecode/OrderCount=1,2,OverheadActual,15,43328,101300.0,2.337980059084195
NestedModelComparison.PeterODecode/OrderCount=1,2,WorkloadActual,1,43328,502755500.0,11603.478120384047
NestedModelComparison.PeterODecode/OrderCount=1,2,WorkloadActual,2,43328,486853800.0,11236.47064254062
NestedModelComparison.PeterODecode/OrderCount=1,2,WorkloadActual,3,43328,489926900.0,11307.397064254063
NestedModelComparison.PeterODecode/OrderCount=1,2,WorkloadActual,4,43328,499877500.0,11537.0545605613
NestedModelComparison.PeterODecode/OrderCount=1,2,WorkloadActual,5,43328,498505500.0,11505.389124815361
NestedModelComparison.PeterODecode/OrderCount=1,2,WorkloadActual,6,43328,500905700.0,11560.785173559823
NestedModelComparison.PeterODecode/OrderCount=1,2,WorkloadActual,7,43328,501571400.0,11576.149372230428
NestedModelComparison.PeterODecode/OrderCount=1,2,WorkloadActual,8,43328,493520400.0,11390.334194977844
NestedModelComparison.PeterODecode/OrderCount=1,2,WorkloadResult,1,43328,502651800.0,11601.084748892172
NestedModelComparison.PeterODecode/OrderCount=1,2,WorkloadResult,2,43328,486750100.0,11234.077271048744
NestedModelComparison.PeterODecode/OrderCount=1,2,WorkloadResult,3,43328,489823200.0,11305.003692762186
NestedModelComparison.PeterODecode/OrderCount=1,2,WorkloadResult,4,43328,499773800.0,11534.661189069424
NestedModelComparison.PeterODecode/OrderCount=1,2,WorkloadResult,5,43328,498401800.0,11502.995753323486
NestedModelComparison.PeterODecode/OrderCount=1,2,WorkloadResult,6,43328,500802000.0,11558.391802067947
NestedModelComparison.PeterODecode/OrderCount=1,2,WorkloadResult,7,43328,501467700.0,11573.756000738553
NestedModelComparison.PeterODecode/OrderCount=1,2,WorkloadResult,8,43328,493416700.0,11387.940823485967
NestedModelComparison.CborDecode/OrderCount=64,1,OverheadActual,1,24272,60800.0,2.5049439683586026
NestedModelComparison.CborDecode/OrderCount=64,1,OverheadActual,2,24272,66300.0,2.731542518127884
NestedModelComparison.CborDecode/OrderCount=64,1,OverheadActual,3,24272,62500.0,2.574983520105471
NestedModelComparison.CborDecode/OrderCount=64,1,OverheadActual,4,24272,62900.0,2.591463414634146
NestedModelComparison.CborDecode/OrderCount=64,1,OverheadActual,5,24272,62700.0,2.583223467369809
NestedModelComparison.CborDecode/OrderCount=64,1,OverheadActual,6,24272,60800.0,2.5049439683586026
NestedModelComparison.CborDecode/OrderCount=64,1,OverheadActual,7,24272,61800.0,2.54614370468029
NestedModelComparison.CborDecode/OrderCount=64,1,OverheadActual,8,24272,61900.0,2.550263678312459
NestedModelComparison.CborDecode/OrderCount=64,1,OverheadActual,9,24272,62600.0,2.57910349373764
NestedModelComparison.CborDecode/OrderCount=64,1,OverheadActual,10,24272,63400.0,2.61206328279499
NestedModelComparison.CborDecode/OrderCount=64,1,OverheadActual,11,24272,64800.0,2.6697429136453525
NestedModelComparison.CborDecode/OrderCount=64,1,OverheadActual,12,24272,62300.0,2.566743572841134
NestedModelComparison.CborDecode/OrderCount=64,1,OverheadActual,13,24272,63300.0,2.6079433091628212
NestedModelComparison.CborDecode/OrderCount=64,1,OverheadActual,14,24272,62700.0,2.583223467369809
NestedModelComparison.CborDecode/OrderCount=64,1,OverheadActual,15,24272,63200.0,2.603823335530653
NestedModelComparison.CborDecode/OrderCount=64,1,WorkloadActual,1,24272,520665100.0,21451.264831905075
NestedModelComparison.CborDecode/OrderCount=64,1,WorkloadActual,2,24272,520881000.0,21460.15985497693
NestedModelComparison.CborDecode/OrderCount=64,1,WorkloadActual,3,24272,515193400.0,21225.832234673697
NestedModelComparison.CborDecode/OrderCount=64,1,WorkloadActual,4,24272,502849400.0,20717.262689518786
NestedModelComparison.CborDecode/OrderCount=64,1,WorkloadActual,5,24272,500303500.0,20612.372280817402
NestedModelComparison.CborDecode/OrderCount=64,1,WorkloadActual,6,24272,516586600.0,21283.231707317074
NestedModelComparison.CborDecode/OrderCount=64,1,WorkloadActual,7,24272,513670000.0,21163.06855636124
NestedModelComparison.CborDecode/OrderCount=64,1,WorkloadActual,8,24272,505005700.0,20806.101680949243
NestedModelComparison.CborDecode/OrderCount=64,1,WorkloadResult,1,24272,520602400.0,21448.681608437706
NestedModelComparison.CborDecode/OrderCount=64,1,WorkloadResult,2,24272,520818300.0,21457.576631509557
NestedModelComparison.CborDecode/OrderCount=64,1,WorkloadResult,3,24272,515130700.0,21223.249011206328
NestedModelComparison.CborDecode/OrderCount=64,1,WorkloadResult,4,24272,502786700.0,20714.679466051417
NestedModelComparison.CborDecode/OrderCount=64,1,WorkloadResult,5,24272,500240800.0,20609.789057350034
NestedModelComparison.CborDecode/OrderCount=64,1,WorkloadResult,6,24272,516523900.0,21280.6484838497
NestedModelComparison.CborDecode/OrderCount=64,1,WorkloadResult,7,24272,513607300.0,21160.48533289387
NestedModelComparison.CborDecode/OrderCount=64,1,WorkloadResult,8,24272,504943000.0,20803.51845748187
NestedModelComparison.CborDecode/OrderCount=64,2,OverheadActual,1,24768,67100.0,2.709140826873385
NestedModelComparison.CborDecode/OrderCount=64,2,OverheadActual,2,24768,65600.0,2.648578811369509
NestedModelComparison.CborDecode/OrderCount=64,2,OverheadActual,3,24768,64900.0,2.6203165374677004
NestedModelComparison.CborDecode/OrderCount=64,2,OverheadActual,4,24768,66800.0,2.69702842377261
NestedModelComparison.CborDecode/OrderCount=64,2,OverheadActual,5,24768,65700.0,2.6526162790697674
NestedModelComparison.CborDecode/OrderCount=64,2,OverheadActual,6,24768,64600.0,2.608204134366925
NestedModelComparison.CborDecode/OrderCount=64,2,OverheadActual,7,24768,64500.0,2.6041666666666665
NestedModelComparison.CborDecode/OrderCount=64,2,OverheadActual,8,24768,63600.0,2.567829457364341
NestedModelComparison.CborDecode/OrderCount=64,2,OverheadActual,9,24768,64600.0,2.608204134366925
NestedModelComparison.CborDecode/OrderCount=64,2,OverheadActual,10,24768,65400.0,2.6405038759689923
NestedModelComparison.CborDecode/OrderCount=64,2,OverheadActual,11,24768,122000.0,4.9257105943152455
NestedModelComparison.CborDecode/OrderCount=64,2,OverheadActual,12,24768,71400.0,2.882751937984496
NestedModelComparison.CborDecode/OrderCount=64,2,OverheadActual,13,24768,63900.0,2.5799418604651163
NestedModelComparison.CborDecode/OrderCount=64,2,OverheadActual,14,24768,63400.0,2.5597545219638245
NestedModelComparison.CborDecode/OrderCount=64,2,OverheadActual,15,24768,63300.0,2.555717054263566
NestedModelComparison.CborDecode/OrderCount=64,2,WorkloadActual,1,24768,491337100.0,19837.576711886304
NestedModelComparison.CborDecode/OrderCount=64,2,WorkloadActual,2,24768,494030400.0,19946.317829457363
NestedModelComparison.CborDecode/OrderCount=64,2,WorkloadActual,3,24768,489980600.0,19782.8084625323
NestedModelComparison.CborDecode/OrderCount=64,2,WorkloadActual,4,24768,500764500.0,20218.204941860466
NestedModelComparison.CborDecode/OrderCount=64,2,WorkloadActual,5,24768,494584500.0,19968.689437984496
NestedModelComparison.CborDecode/OrderCount=64,2,WorkloadActual,6,24768,500610300.0,20211.979166666668
NestedModelComparison.CborDecode/OrderCount=64,2,WorkloadActual,7,24768,518637800.0,20939.83365633075
NestedModelComparison.CborDecode/OrderCount=64,2,WorkloadActual,8,24768,509941800.0,20588.73546511628
NestedModelComparison.CborDecode/OrderCount=64,2,WorkloadResult,1,24768,491272200.0,19834.956395348836
NestedModelComparison.CborDecode/OrderCount=64,2,WorkloadResult,2,24768,493965500.0,19943.697512919898
NestedModelComparison.CborDecode/OrderCount=64,2,WorkloadResult,3,24768,489915700.0,19780.18814599483
NestedModelComparison.CborDecode/OrderCount=64,2,WorkloadResult,4,24768,500699600.0,20215.584625322997
NestedModelComparison.CborDecode/OrderCount=64,2,WorkloadResult,5,24768,494519600.0,19966.069121447028
NestedModelComparison.CborDecode/OrderCount=64,2,WorkloadResult,6,24768,500545400.0,20209.3588501292
NestedModelComparison.CborDecode/OrderCount=64,2,WorkloadResult,7,24768,509876900.0,20586.11514857881
NestedModelComparison.MessagePackV4Decode/OrderCount=64,1,OverheadActual,1,37440,115100.0,3.0742521367521367
NestedModelComparison.MessagePackV4Decode/OrderCount=64,1,OverheadActual,2,37440,135800.0,3.627136752136752
NestedModelComparison.MessagePackV4Decode/OrderCount=64,1,OverheadActual,3,37440,100400.0,2.6816239316239314
NestedModelComparison.MessagePackV4Decode/OrderCount=64,1,OverheadActual,4,37440,95300.0,2.545405982905983
NestedModelComparison.MessagePackV4Decode/OrderCount=64,1,OverheadActual,5,37440,99000.0,2.644230769230769
NestedModelComparison.MessagePackV4Decode/OrderCount=64,1,OverheadActual,6,37440,94600.0,2.5267094017094016
NestedModelComparison.MessagePackV4Decode/OrderCount=64,1,OverheadActual,7,37440,95100.0,2.5400641025641026
NestedModelComparison.MessagePackV4Decode/OrderCount=64,1,OverheadActual,8,37440,98900.0,2.6415598290598292
NestedModelComparison.MessagePackV4Decode/OrderCount=64,1,OverheadActual,9,37440,96100.0,2.5667735042735043
NestedModelComparison.MessagePackV4Decode/OrderCount=64,1,OverheadActual,10,37440,101800.0,2.719017094017094
NestedModelComparison.MessagePackV4Decode/OrderCount=64,1,OverheadActual,11,37440,96100.0,2.5667735042735043
NestedModelComparison.MessagePackV4Decode/OrderCount=64,1,OverheadActual,12,37440,95900.0,2.561431623931624
NestedModelComparison.MessagePackV4Decode/OrderCount=64,1,OverheadActual,13,37440,93500.0,2.4973290598290596
NestedModelComparison.MessagePackV4Decode/OrderCount=64,1,OverheadActual,14,37440,99200.0,2.6495726495726495
NestedModelComparison.MessagePackV4Decode/OrderCount=64,1,OverheadActual,15,37440,97000.0,2.590811965811966
NestedModelComparison.MessagePackV4Decode/OrderCount=64,1,WorkloadActual,1,37440,501938900.0,13406.487713675213
NestedModelComparison.MessagePackV4Decode/OrderCount=64,1,WorkloadActual,2,37440,496236900.0,13254.190705128205
NestedModelComparison.MessagePackV4Decode/OrderCount=64,1,WorkloadActual,3,37440,495589800.0,13236.90705128205
NestedModelComparison.MessagePackV4Decode/OrderCount=64,1,WorkloadActual,4,37440,493965100.0,13193.512286324787
NestedModelComparison.MessagePackV4Decode/OrderCount=64,1,WorkloadActual,5,37440,495496500.0,13234.415064102564
NestedModelComparison.MessagePackV4Decode/OrderCount=64,1,WorkloadActual,6,37440,497052800.0,13275.982905982906
NestedModelComparison.MessagePackV4Decode/OrderCount=64,1,WorkloadActual,7,37440,497559300.0,13289.511217948719
NestedModelComparison.MessagePackV4Decode/OrderCount=64,1,WorkloadActual,8,37440,501943200.0,13406.602564102564
NestedModelComparison.MessagePackV4Decode/OrderCount=64,1,WorkloadResult,1,37440,501841900.0,13403.896901709402
NestedModelComparison.MessagePackV4Decode/OrderCount=64,1,WorkloadResult,2,37440,496139900.0,13251.599893162393
NestedModelComparison.MessagePackV4Decode/OrderCount=64,1,WorkloadResult,3,37440,495492800.0,13234.31623931624
NestedModelComparison.MessagePackV4Decode/OrderCount=64,1,WorkloadResult,4,37440,493868100.0,13190.921474358975
NestedModelComparison.MessagePackV4Decode/OrderCount=64,1,WorkloadResult,5,37440,495399500.0,13231.824252136752
NestedModelComparison.MessagePackV4Decode/OrderCount=64,1,WorkloadResult,6,37440,496955800.0,13273.392094017094
NestedModelComparison.MessagePackV4Decode/OrderCount=64,1,WorkloadResult,7,37440,497462300.0,13286.920405982906
NestedModelComparison.MessagePackV4Decode/OrderCount=64,1,WorkloadResult,8,37440,501846200.0,13404.011752136752
NestedModelComparison.MessagePackV4Decode/OrderCount=64,2,OverheadActual,1,38000,99100.0,2.607894736842105
NestedModelComparison.MessagePackV4Decode/OrderCount=64,2,OverheadActual,2,38000,98500.0,2.5921052631578947
NestedModelComparison.MessagePackV4Decode/OrderCount=64,2,OverheadActual,3,38000,99800.0,2.626315789473684
NestedModelComparison.MessagePackV4Decode/OrderCount=64,2,OverheadActual,4,38000,96600.0,2.542105263157895
NestedModelComparison.MessagePackV4Decode/OrderCount=64,2,OverheadActual,5,38000,103600.0,2.7263157894736842
NestedModelComparison.MessagePackV4Decode/OrderCount=64,2,OverheadActual,6,38000,98600.0,2.594736842105263
NestedModelComparison.MessagePackV4Decode/OrderCount=64,2,OverheadActual,7,38000,95700.0,2.518421052631579
NestedModelComparison.MessagePackV4Decode/OrderCount=64,2,OverheadActual,8,38000,104100.0,2.7394736842105263
NestedModelComparison.MessagePackV4Decode/OrderCount=64,2,OverheadActual,9,38000,95600.0,2.5157894736842104
NestedModelComparison.MessagePackV4Decode/OrderCount=64,2,OverheadActual,10,38000,96800.0,2.5473684210526315
NestedModelComparison.MessagePackV4Decode/OrderCount=64,2,OverheadActual,11,38000,103200.0,2.7157894736842105
NestedModelComparison.MessagePackV4Decode/OrderCount=64,2,OverheadActual,12,38000,95600.0,2.5157894736842104
NestedModelComparison.MessagePackV4Decode/OrderCount=64,2,OverheadActual,13,38000,95800.0,2.5210526315789474
NestedModelComparison.MessagePackV4Decode/OrderCount=64,2,OverheadActual,14,38000,96600.0,2.542105263157895
NestedModelComparison.MessagePackV4Decode/OrderCount=64,2,OverheadActual,15,38000,96400.0,2.536842105263158
NestedModelComparison.MessagePackV4Decode/OrderCount=64,2,WorkloadActual,1,38000,500228200.0,13163.9
NestedModelComparison.MessagePackV4Decode/OrderCount=64,2,WorkloadActual,2,38000,501473200.0,13196.663157894736
NestedModelComparison.MessagePackV4Decode/OrderCount=64,2,WorkloadActual,3,38000,506571600.0,13330.831578947369
NestedModelComparison.MessagePackV4Decode/OrderCount=64,2,WorkloadActual,4,38000,496619500.0,13068.934210526315
NestedModelComparison.MessagePackV4Decode/OrderCount=64,2,WorkloadActual,5,38000,501526100.0,13198.055263157894
NestedModelComparison.MessagePackV4Decode/OrderCount=64,2,WorkloadActual,6,38000,500305900.0,13165.944736842106
NestedModelComparison.MessagePackV4Decode/OrderCount=64,2,WorkloadActual,7,38000,501713900.0,13202.997368421053
NestedModelComparison.MessagePackV4Decode/OrderCount=64,2,WorkloadActual,8,38000,499402000.0,13142.157894736842
NestedModelComparison.MessagePackV4Decode/OrderCount=64,2,WorkloadResult,1,38000,500131400.0,13161.352631578948
NestedModelComparison.MessagePackV4Decode/OrderCount=64,2,WorkloadResult,2,38000,501376400.0,13194.115789473684
NestedModelComparison.MessagePackV4Decode/OrderCount=64,2,WorkloadResult,3,38000,496522700.0,13066.386842105263
NestedModelComparison.MessagePackV4Decode/OrderCount=64,2,WorkloadResult,4,38000,501429300.0,13195.507894736842
NestedModelComparison.MessagePackV4Decode/OrderCount=64,2,WorkloadResult,5,38000,500209100.0,13163.397368421052
NestedModelComparison.MessagePackV4Decode/OrderCount=64,2,WorkloadResult,6,38000,501617100.0,13200.45
NestedModelComparison.MessagePackV4Decode/OrderCount=64,2,WorkloadResult,7,38000,499305200.0,13139.61052631579
NestedModelComparison.REDoxDecode/OrderCount=64,1,OverheadActual,1,9136,24700.0,2.703590192644483
NestedModelComparison.REDoxDecode/OrderCount=64,1,OverheadActual,2,9136,23800.0,2.60507880910683
NestedModelComparison.REDoxDecode/OrderCount=64,1,OverheadActual,3,9136,23800.0,2.60507880910683
NestedModelComparison.REDoxDecode/OrderCount=64,1,OverheadActual,4,9136,23900.0,2.616024518388792
NestedModelComparison.REDoxDecode/OrderCount=64,1,OverheadActual,5,9136,24500.0,2.6816987740805605
NestedModelComparison.REDoxDecode/OrderCount=64,1,OverheadActual,6,9136,23800.0,2.60507880910683
NestedModelComparison.REDoxDecode/OrderCount=64,1,OverheadActual,7,9136,23500.0,2.572241681260946
NestedModelComparison.REDoxDecode/OrderCount=64,1,OverheadActual,8,9136,24500.0,2.6816987740805605
NestedModelComparison.REDoxDecode/OrderCount=64,1,OverheadActual,9,9136,24000.0,2.626970227670753
NestedModelComparison.REDoxDecode/OrderCount=64,1,OverheadActual,10,9136,24500.0,2.6816987740805605
NestedModelComparison.REDoxDecode/OrderCount=64,1,OverheadActual,11,9136,23000.0,2.5175131348511384
NestedModelComparison.REDoxDecode/OrderCount=64,1,OverheadActual,12,9136,23500.0,2.572241681260946
NestedModelComparison.REDoxDecode/OrderCount=64,1,OverheadActual,13,9136,25500.0,2.791155866900175
NestedModelComparison.REDoxDecode/OrderCount=64,1,OverheadActual,14,9136,24000.0,2.626970227670753
NestedModelComparison.REDoxDecode/OrderCount=64,1,OverheadActual,15,9136,25000.0,2.736427320490368
NestedModelComparison.REDoxDecode/OrderCount=64,1,WorkloadActual,1,9136,503110200.0,55068.97985989492
NestedModelComparison.REDoxDecode/OrderCount=64,1,WorkloadActual,2,9136,511665900.0,56005.4619089317
NestedModelComparison.REDoxDecode/OrderCount=64,1,WorkloadActual,3,9136,503979400.0,55164.11996497373
NestedModelComparison.REDoxDecode/OrderCount=64,1,WorkloadActual,4,9136,509306200.0,55747.176007005255
NestedModelComparison.REDoxDecode/OrderCount=64,1,WorkloadActual,5,9136,499126200.0,54632.90280210158
NestedModelComparison.REDoxDecode/OrderCount=64,1,WorkloadActual,6,9136,497829400.0,54490.9588441331
NestedModelComparison.REDoxDecode/OrderCount=64,1,WorkloadActual,7,9136,509095900.0,55724.157180385286
NestedModelComparison.REDoxDecode/OrderCount=64,1,WorkloadActual,8,9136,508738500.0,55685.03721541156
NestedModelComparison.REDoxDecode/OrderCount=64,1,WorkloadResult,1,9136,503086200.0,55066.35288966725
NestedModelComparison.REDoxDecode/OrderCount=64,1,WorkloadResult,2,9136,511641900.0,56002.83493870403
NestedModelComparison.REDoxDecode/OrderCount=64,1,WorkloadResult,3,9136,503955400.0,55161.49299474606
NestedModelComparison.REDoxDecode/OrderCount=64,1,WorkloadResult,4,9136,509282200.0,55744.549036777586
NestedModelComparison.REDoxDecode/OrderCount=64,1,WorkloadResult,5,9136,499102200.0,54630.27583187391
NestedModelComparison.REDoxDecode/OrderCount=64,1,WorkloadResult,6,9136,497805400.0,54488.33187390543
NestedModelComparison.REDoxDecode/OrderCount=64,1,WorkloadResult,7,9136,509071900.0,55721.530210157616
NestedModelComparison.REDoxDecode/OrderCount=64,1,WorkloadResult,8,9136,508714500.0,55682.410245183884
NestedModelComparison.REDoxDecode/OrderCount=64,2,OverheadActual,1,9024,24000.0,2.6595744680851063
NestedModelComparison.REDoxDecode/OrderCount=64,2,OverheadActual,2,9024,24000.0,2.6595744680851063
NestedModelComparison.REDoxDecode/OrderCount=64,2,OverheadActual,3,9024,24000.0,2.6595744680851063
NestedModelComparison.REDoxDecode/OrderCount=64,2,OverheadActual,4,9024,23300.0,2.582003546099291
NestedModelComparison.REDoxDecode/OrderCount=64,2,OverheadActual,5,9024,23500.0,2.6041666666666665
NestedModelComparison.REDoxDecode/OrderCount=64,2,OverheadActual,6,9024,24200.0,2.6817375886524824
NestedModelComparison.REDoxDecode/OrderCount=64,2,OverheadActual,7,9024,24200.0,2.6817375886524824
NestedModelComparison.REDoxDecode/OrderCount=64,2,OverheadActual,8,9024,23800.0,2.6374113475177303
NestedModelComparison.REDoxDecode/OrderCount=64,2,OverheadActual,9,9024,23700.0,2.6263297872340425
NestedModelComparison.REDoxDecode/OrderCount=64,2,OverheadActual,10,9024,22900.0,2.537677304964539
NestedModelComparison.REDoxDecode/OrderCount=64,2,OverheadActual,11,9024,23800.0,2.6374113475177303
NestedModelComparison.REDoxDecode/OrderCount=64,2,OverheadActual,12,9024,23400.0,2.5930851063829787
NestedModelComparison.REDoxDecode/OrderCount=64,2,OverheadActual,13,9024,24100.0,2.670656028368794
NestedModelComparison.REDoxDecode/OrderCount=64,2,OverheadActual,14,9024,23700.0,2.6263297872340425
NestedModelComparison.REDoxDecode/OrderCount=64,2,OverheadActual,15,9024,23600.0,2.6152482269503547
NestedModelComparison.REDoxDecode/OrderCount=64,2,WorkloadActual,1,9024,495197600.0,54875.62056737589
NestedModelComparison.REDoxDecode/OrderCount=64,2,WorkloadActual,2,9024,488781900.0,54164.66090425532
NestedModelComparison.REDoxDecode/OrderCount=64,2,WorkloadActual,3,9024,505097900.0,55972.72828014184
NestedModelComparison.REDoxDecode/OrderCount=64,2,WorkloadActual,4,9024,504026600.0,55854.011524822694
NestedModelComparison.REDoxDecode/OrderCount=64,2,WorkloadActual,5,9024,494966900.0,54850.05540780142
NestedModelComparison.REDoxDecode/OrderCount=64,2,WorkloadActual,6,9024,490210700.0,54322.99423758865
NestedModelComparison.REDoxDecode/OrderCount=64,2,WorkloadActual,7,9024,492632000.0,54591.31205673759
NestedModelComparison.REDoxDecode/OrderCount=64,2,WorkloadActual,8,9024,495775900.0,54939.70523049645
NestedModelComparison.REDoxDecode/OrderCount=64,2,WorkloadResult,1,9024,495173800.0,54872.98315602837
NestedModelComparison.REDoxDecode/OrderCount=64,2,WorkloadResult,2,9024,488758100.0,54162.0234929078
NestedModelComparison.REDoxDecode/OrderCount=64,2,WorkloadResult,3,9024,505074100.0,55970.09086879432
NestedModelComparison.REDoxDecode/OrderCount=64,2,WorkloadResult,4,9024,504002800.0,55851.374113475176
NestedModelComparison.REDoxDecode/OrderCount=64,2,WorkloadResult,5,9024,494943100.0,54847.4179964539
NestedModelComparison.REDoxDecode/OrderCount=64,2,WorkloadResult,6,9024,490186900.0,54320.356826241135
NestedModelComparison.REDoxDecode/OrderCount=64,2,WorkloadResult,7,9024,492608200.0,54588.67464539007
NestedModelComparison.REDoxDecode/OrderCount=64,2,WorkloadResult,8,9024,495752100.0,54937.067819148935
NestedModelComparison.SystemFormatsDecode/OrderCount=64,1,OverheadActual,1,7088,18800.0,2.6523702031602707
NestedModelComparison.SystemFormatsDecode/OrderCount=64,1,OverheadActual,2,7088,18700.0,2.6382618510158014
NestedModelComparison.SystemFormatsDecode/OrderCount=64,1,OverheadActual,3,7088,19400.0,2.737020316027088
NestedModelComparison.SystemFormatsDecode/OrderCount=64,1,OverheadActual,4,7088,19100.0,2.6946952595936793
NestedModelComparison.SystemFormatsDecode/OrderCount=64,1,OverheadActual,5,7088,19400.0,2.737020316027088
NestedModelComparison.SystemFormatsDecode/OrderCount=64,1,OverheadActual,6,7088,18900.0,2.6664785553047405
NestedModelComparison.SystemFormatsDecode/OrderCount=64,1,OverheadActual,7,7088,18700.0,2.6382618510158014
NestedModelComparison.SystemFormatsDecode/OrderCount=64,1,OverheadActual,8,7088,18800.0,2.6523702031602707
NestedModelComparison.SystemFormatsDecode/OrderCount=64,1,OverheadActual,9,7088,18600.0,2.624153498871332
NestedModelComparison.SystemFormatsDecode/OrderCount=64,1,OverheadActual,10,7088,18500.0,2.610045146726862
NestedModelComparison.SystemFormatsDecode/OrderCount=64,1,OverheadActual,11,7088,18800.0,2.6523702031602707
NestedModelComparison.SystemFormatsDecode/OrderCount=64,1,OverheadActual,12,7088,18200.0,2.5677200902934536
NestedModelComparison.SystemFormatsDecode/OrderCount=64,1,OverheadActual,13,7088,18700.0,2.6382618510158014
NestedModelComparison.SystemFormatsDecode/OrderCount=64,1,OverheadActual,14,7088,18700.0,2.6382618510158014
NestedModelComparison.SystemFormatsDecode/OrderCount=64,1,OverheadActual,15,7088,18600.0,2.624153498871332
NestedModelComparison.SystemFormatsDecode/OrderCount=64,1,WorkloadActual,1,7088,502637100.0,70913.81207674944
NestedModelComparison.SystemFormatsDecode/OrderCount=64,1,WorkloadActual,2,7088,488631000.0,68937.7821670429
NestedModelComparison.SystemFormatsDecode/OrderCount=64,1,WorkloadActual,3,7088,489100000.0,69003.95033860045
NestedModelComparison.SystemFormatsDecode/OrderCount=64,1,WorkloadActual,4,7088,497994400.0,70258.80361173816
NestedModelComparison.SystemFormatsDecode/OrderCount=64,1,WorkloadActual,5,7088,497608700.0,70204.38769751693
NestedModelComparison.SystemFormatsDecode/OrderCount=64,1,WorkloadActual,6,7088,498346300.0,70308.45090293454
NestedModelComparison.SystemFormatsDecode/OrderCount=64,1,WorkloadActual,7,7088,491035000.0,69276.94695259594
NestedModelComparison.SystemFormatsDecode/OrderCount=64,1,WorkloadActual,8,7088,498297000.0,70301.49548532731
NestedModelComparison.SystemFormatsDecode/OrderCount=64,1,WorkloadResult,1,7088,502618400.0,70911.17381489842
NestedModelComparison.SystemFormatsDecode/OrderCount=64,1,WorkloadResult,2,7088,488612300.0,68935.14390519187
NestedModelComparison.SystemFormatsDecode/OrderCount=64,1,WorkloadResult,3,7088,489081300.0,69001.31207674944
NestedModelComparison.SystemFormatsDecode/OrderCount=64,1,WorkloadResult,4,7088,497975700.0,70256.16534988713
NestedModelComparison.SystemFormatsDecode/OrderCount=64,1,WorkloadResult,5,7088,497590000.0,70201.74943566592
NestedModelComparison.SystemFormatsDecode/OrderCount=64,1,WorkloadResult,6,7088,498327600.0,70305.81264108352
NestedModelComparison.SystemFormatsDecode/OrderCount=64,1,WorkloadResult,7,7088,491016300.0,69274.30869074492
NestedModelComparison.SystemFormatsDecode/OrderCount=64,1,WorkloadResult,8,7088,498278300.0,70298.8572234763
NestedModelComparison.SystemFormatsDecode/OrderCount=64,2,OverheadActual,1,7472,20900.0,2.7971092077087794
NestedModelComparison.SystemFormatsDecode/OrderCount=64,2,OverheadActual,2,7472,20400.0,2.7301927194860816
NestedModelComparison.SystemFormatsDecode/OrderCount=64,2,OverheadActual,3,7472,20200.0,2.7034261241970023
NestedModelComparison.SystemFormatsDecode/OrderCount=64,2,OverheadActual,4,7472,20000.0,2.6766595289079227
NestedModelComparison.SystemFormatsDecode/OrderCount=64,2,OverheadActual,5,7472,20500.0,2.743576017130621
NestedModelComparison.SystemFormatsDecode/OrderCount=64,2,OverheadActual,6,7472,69800.0,9.34154175588865
NestedModelComparison.SystemFormatsDecode/OrderCount=64,2,OverheadActual,7,7472,20200.0,2.7034261241970023
NestedModelComparison.SystemFormatsDecode/OrderCount=64,2,OverheadActual,8,7472,20100.0,2.6900428265524625
NestedModelComparison.SystemFormatsDecode/OrderCount=64,2,OverheadActual,9,7472,19900.0,2.6632762312633833
NestedModelComparison.SystemFormatsDecode/OrderCount=64,2,OverheadActual,10,7472,20900.0,2.7971092077087794
NestedModelComparison.SystemFormatsDecode/OrderCount=64,2,OverheadActual,11,7472,20000.0,2.6766595289079227
NestedModelComparison.SystemFormatsDecode/OrderCount=64,2,OverheadActual,12,7472,20500.0,2.743576017130621
NestedModelComparison.SystemFormatsDecode/OrderCount=64,2,OverheadActual,13,7472,19800.0,2.6498929336188435
NestedModelComparison.SystemFormatsDecode/OrderCount=64,2,OverheadActual,14,7472,19800.0,2.6498929336188435
NestedModelComparison.SystemFormatsDecode/OrderCount=64,2,OverheadActual,15,7472,19700.0,2.636509635974304
NestedModelComparison.SystemFormatsDecode/OrderCount=64,2,WorkloadActual,1,7472,500125700.0,66933.31102783726
NestedModelComparison.SystemFormatsDecode/OrderCount=64,2,WorkloadActual,2,7472,501661400.0,67138.83832976445
NestedModelComparison.SystemFormatsDecode/OrderCount=64,2,WorkloadActual,3,7472,503340700.0,67363.58404710921
NestedModelComparison.SystemFormatsDecode/OrderCount=64,2,WorkloadActual,4,7472,499177400.0,66806.39721627408
NestedModelComparison.SystemFormatsDecode/OrderCount=64,2,WorkloadActual,5,7472,498600500.0,66729.18897216274
NestedModelComparison.SystemFormatsDecode/OrderCount=64,2,WorkloadActual,6,7472,502461800.0,67245.95824411135
NestedModelComparison.SystemFormatsDecode/OrderCount=64,2,WorkloadActual,7,7472,505253800.0,67619.6199143469
NestedModelComparison.SystemFormatsDecode/OrderCount=64,2,WorkloadActual,8,7472,497601800.0,66595.52997858672
NestedModelComparison.SystemFormatsDecode/OrderCount=64,2,WorkloadResult,1,7472,500105500.0,66930.60760171307
NestedModelComparison.SystemFormatsDecode/OrderCount=64,2,WorkloadResult,2,7472,501641200.0,67136.13490364025
NestedModelComparison.SystemFormatsDecode/OrderCount=64,2,WorkloadResult,3,7472,503320500.0,67360.88062098502
NestedModelComparison.SystemFormatsDecode/OrderCount=64,2,WorkloadResult,4,7472,499157200.0,66803.69379014989
NestedModelComparison.SystemFormatsDecode/OrderCount=64,2,WorkloadResult,5,7472,498580300.0,66726.48554603854
NestedModelComparison.SystemFormatsDecode/OrderCount=64,2,WorkloadResult,6,7472,502441600.0,67243.25481798715
NestedModelComparison.SystemFormatsDecode/OrderCount=64,2,WorkloadResult,7,7472,505233600.0,67616.9164882227
NestedModelComparison.SystemFormatsDecode/OrderCount=64,2,WorkloadResult,8,7472,497581600.0,66592.82655246253
NestedModelComparison.PeterODecode/OrderCount=64,1,OverheadActual,1,768,2400.0,3.125
NestedModelComparison.PeterODecode/OrderCount=64,1,OverheadActual,2,768,2400.0,3.125
NestedModelComparison.PeterODecode/OrderCount=64,1,OverheadActual,3,768,2400.0,3.125
NestedModelComparison.PeterODecode/OrderCount=64,1,OverheadActual,4,768,2400.0,3.125
NestedModelComparison.PeterODecode/OrderCount=64,1,OverheadActual,5,768,2500.0,3.2552083333333335
NestedModelComparison.PeterODecode/OrderCount=64,1,OverheadActual,6,768,2500.0,3.2552083333333335
NestedModelComparison.PeterODecode/OrderCount=64,1,OverheadActual,7,768,2300.0,2.9947916666666665
NestedModelComparison.PeterODecode/OrderCount=64,1,OverheadActual,8,768,2500.0,3.2552083333333335
NestedModelComparison.PeterODecode/OrderCount=64,1,OverheadActual,9,768,2400.0,3.125
NestedModelComparison.PeterODecode/OrderCount=64,1,OverheadActual,10,768,2400.0,3.125
NestedModelComparison.PeterODecode/OrderCount=64,1,OverheadActual,11,768,2300.0,2.9947916666666665
NestedModelComparison.PeterODecode/OrderCount=64,1,OverheadActual,12,768,2300.0,2.9947916666666665
NestedModelComparison.PeterODecode/OrderCount=64,1,OverheadActual,13,768,2400.0,3.125
NestedModelComparison.PeterODecode/OrderCount=64,1,OverheadActual,14,768,2200.0,2.8645833333333335
NestedModelComparison.PeterODecode/OrderCount=64,1,OverheadActual,15,768,2300.0,2.9947916666666665
NestedModelComparison.PeterODecode/OrderCount=64,1,WorkloadActual,1,768,519921700.0,676981.3802083334
NestedModelComparison.PeterODecode/OrderCount=64,1,WorkloadActual,2,768,522938100.0,680908.984375
NestedModelComparison.PeterODecode/OrderCount=64,1,WorkloadActual,3,768,528814400.0,688560.4166666666
NestedModelComparison.PeterODecode/OrderCount=64,1,WorkloadActual,4,768,513733000.0,668923.1770833334
NestedModelComparison.PeterODecode/OrderCount=64,1,WorkloadActual,5,768,509153700.0,662960.546875
NestedModelComparison.PeterODecode/OrderCount=64,1,WorkloadActual,6,768,506725900.0,659799.3489583334
NestedModelComparison.PeterODecode/OrderCount=64,1,WorkloadActual,7,768,514132400.0,669443.2291666666
NestedModelComparison.PeterODecode/OrderCount=64,1,WorkloadActual,8,768,510050500.0,664128.2552083334
NestedModelComparison.PeterODecode/OrderCount=64,1,WorkloadResult,1,768,519919300.0,676978.2552083334
NestedModelComparison.PeterODecode/OrderCount=64,1,WorkloadResult,2,768,522935700.0,680905.859375
NestedModelComparison.PeterODecode/OrderCount=64,1,WorkloadResult,3,768,528812000.0,688557.2916666666
NestedModelComparison.PeterODecode/OrderCount=64,1,WorkloadResult,4,768,513730600.0,668920.0520833334
NestedModelComparison.PeterODecode/OrderCount=64,1,WorkloadResult,5,768,509151300.0,662957.421875
NestedModelComparison.PeterODecode/OrderCount=64,1,WorkloadResult,6,768,506723500.0,659796.2239583334
NestedModelComparison.PeterODecode/OrderCount=64,1,WorkloadResult,7,768,514130000.0,669440.1041666666
NestedModelComparison.PeterODecode/OrderCount=64,1,WorkloadResult,8,768,510048100.0,664125.1302083334
NestedModelComparison.PeterODecode/OrderCount=64,2,OverheadActual,1,752,2400.0,3.1914893617021276
NestedModelComparison.PeterODecode/OrderCount=64,2,OverheadActual,2,752,2300.0,3.0585106382978724
NestedModelComparison.PeterODecode/OrderCount=64,2,OverheadActual,3,752,2500.0,3.324468085106383
NestedModelComparison.PeterODecode/OrderCount=64,2,OverheadActual,4,752,2400.0,3.1914893617021276
NestedModelComparison.PeterODecode/OrderCount=64,2,OverheadActual,5,752,2500.0,3.324468085106383
NestedModelComparison.PeterODecode/OrderCount=64,2,OverheadActual,6,752,2300.0,3.0585106382978724
NestedModelComparison.PeterODecode/OrderCount=64,2,OverheadActual,7,752,2300.0,3.0585106382978724
NestedModelComparison.PeterODecode/OrderCount=64,2,OverheadActual,8,752,2400.0,3.1914893617021276
NestedModelComparison.PeterODecode/OrderCount=64,2,OverheadActual,9,752,2300.0,3.0585106382978724
NestedModelComparison.PeterODecode/OrderCount=64,2,OverheadActual,10,752,2300.0,3.0585106382978724
NestedModelComparison.PeterODecode/OrderCount=64,2,OverheadActual,11,752,2300.0,3.0585106382978724
NestedModelComparison.PeterODecode/OrderCount=64,2,OverheadActual,12,752,2300.0,3.0585106382978724
NestedModelComparison.PeterODecode/OrderCount=64,2,OverheadActual,13,752,2300.0,3.0585106382978724
NestedModelComparison.PeterODecode/OrderCount=64,2,OverheadActual,14,752,2200.0,2.925531914893617
NestedModelComparison.PeterODecode/OrderCount=64,2,OverheadActual,15,752,2200.0,2.925531914893617
NestedModelComparison.PeterODecode/OrderCount=64,2,WorkloadActual,1,752,507036600.0,674250.7978723404
NestedModelComparison.PeterODecode/OrderCount=64,2,WorkloadActual,2,752,505385600.0,672055.3191489362
NestedModelComparison.PeterODecode/OrderCount=64,2,WorkloadActual,3,752,502320900.0,667979.9202127659
NestedModelComparison.PeterODecode/OrderCount=64,2,WorkloadActual,4,752,503541600.0,669603.1914893617
NestedModelComparison.PeterODecode/OrderCount=64,2,WorkloadActual,5,752,511357000.0,679996.0106382979
NestedModelComparison.PeterODecode/OrderCount=64,2,WorkloadActual,6,752,509295900.0,677255.1861702128
NestedModelComparison.PeterODecode/OrderCount=64,2,WorkloadActual,7,752,504665800.0,671098.1382978724
NestedModelComparison.PeterODecode/OrderCount=64,2,WorkloadActual,8,752,507263000.0,674551.8617021276
NestedModelComparison.PeterODecode/OrderCount=64,2,WorkloadResult,1,752,507034300.0,674247.7393617021
NestedModelComparison.PeterODecode/OrderCount=64,2,WorkloadResult,2,752,505383300.0,672052.2606382979
NestedModelComparison.PeterODecode/OrderCount=64,2,WorkloadResult,3,752,502318600.0,667976.8617021276
NestedModelComparison.PeterODecode/OrderCount=64,2,WorkloadResult,4,752,503539300.0,669600.1329787234
NestedModelComparison.PeterODecode/OrderCount=64,2,WorkloadResult,5,752,511354700.0,679992.9521276596
NestedModelComparison.PeterODecode/OrderCount=64,2,WorkloadResult,6,752,509293600.0,677252.1276595745
NestedModelComparison.PeterODecode/OrderCount=64,2,WorkloadResult,7,752,504663500.0,671095.0797872341
NestedModelComparison.PeterODecode/OrderCount=64,2,WorkloadResult,8,752,507260700.0,674548.8031914893
NestedModelComparison.CborEncode/OrderCount=1,1,OverheadActual,1,2183952,5134500.0,2.3510132090815183
NestedModelComparison.CborEncode/OrderCount=1,1,OverheadActual,2,2183952,5127700.0,2.3478995875367223
NestedModelComparison.CborEncode/OrderCount=1,1,OverheadActual,3,2183952,5131800.0,2.349776918174026
NestedModelComparison.CborEncode/OrderCount=1,1,OverheadActual,4,2183952,5126000.0,2.3471211821505236
NestedModelComparison.CborEncode/OrderCount=1,1,OverheadActual,5,2183952,5183000.0,2.3732206568642535
NestedModelComparison.CborEncode/OrderCount=1,1,OverheadActual,6,2183952,5107100.0,2.3384671457980764
NestedModelComparison.CborEncode/OrderCount=1,1,OverheadActual,7,2183952,5145000.0,2.3558210070551002
NestedModelComparison.CborEncode/OrderCount=1,1,OverheadActual,8,2183952,5148100.0,2.35724045217111
NestedModelComparison.CborEncode/OrderCount=1,1,OverheadActual,9,2183952,5158000.0,2.3617735188319156
NestedModelComparison.CborEncode/OrderCount=1,1,OverheadActual,10,2183952,5195900.0,2.37912738008894
NestedModelComparison.CborEncode/OrderCount=1,1,OverheadActual,11,2183952,5081900.0,2.32692843066148
NestedModelComparison.CborEncode/OrderCount=1,1,OverheadActual,12,2183952,5096700.0,2.3337051363766235
NestedModelComparison.CborEncode/OrderCount=1,1,OverheadActual,13,2183952,5121400.0,2.345014908752573
NestedModelComparison.CborEncode/OrderCount=1,1,OverheadActual,14,2183952,5064100.0,2.3187780683824553
NestedModelComparison.CborEncode/OrderCount=1,1,OverheadActual,15,2183952,5128300.0,2.3481743188494986
NestedModelComparison.CborEncode/OrderCount=1,1,WorkloadActual,1,2183952,499495500.0,228.71175740126156
NestedModelComparison.CborEncode/OrderCount=1,1,WorkloadActual,2,2183952,497058900.0,227.5960735400778
NestedModelComparison.CborEncode/OrderCount=1,1,WorkloadActual,3,2183952,497021900.0,227.57913177578993
NestedModelComparison.CborEncode/OrderCount=1,1,WorkloadActual,4,2183952,496830600.0,227.49153827556648
NestedModelComparison.CborEncode/OrderCount=1,1,WorkloadActual,5,2183952,497409500.0,227.7566082038433
NestedModelComparison.CborEncode/OrderCount=1,1,WorkloadActual,6,2183952,499522100.0,228.72393715612796
NestedModelComparison.CborEncode/OrderCount=1,1,WorkloadActual,7,2183952,500685700.0,229.2567327487051
NestedModelComparison.CborEncode/OrderCount=1,1,WorkloadActual,8,2183952,502849900.0,230.2476885938885
NestedModelComparison.CborEncode/OrderCount=1,1,WorkloadResult,1,2183952,494367200.0,226.36358308241208
NestedModelComparison.CborEncode/OrderCount=1,1,WorkloadResult,2,2183952,491930600.0,225.2478992212283
NestedModelComparison.CborEncode/OrderCount=1,1,WorkloadResult,3,2183952,491893600.0,225.23095745694044
NestedModelComparison.CborEncode/OrderCount=1,1,WorkloadResult,4,2183952,491702300.0,225.143363956717
NestedModelComparison.CborEncode/OrderCount=1,1,WorkloadResult,5,2183952,492281200.0,225.4084338849938
NestedModelComparison.CborEncode/OrderCount=1,1,WorkloadResult,6,2183952,494393800.0,226.37576283727847
NestedModelComparison.CborEncode/OrderCount=1,1,WorkloadResult,7,2183952,495557400.0,226.9085584298556
NestedModelComparison.CborEncode/OrderCount=1,1,WorkloadResult,8,2183952,497721600.0,227.89951427503902
NestedModelComparison.CborEncode/OrderCount=1,2,OverheadActual,1,2167136,5112100.0,2.3589197909129838
NestedModelComparison.CborEncode/OrderCount=1,2,OverheadActual,2,2167136,5132900.0,2.368517711855647
NestedModelComparison.CborEncode/OrderCount=1,2,OverheadActual,3,2167136,5070300.0,2.339631661326285
NestedModelComparison.CborEncode/OrderCount=1,2,OverheadActual,4,2167136,5044500.0,2.3277265478493274
NestedModelComparison.CborEncode/OrderCount=1,2,OverheadActual,5,2167136,5144400.0,2.3738242546845236
NestedModelComparison.CborEncode/OrderCount=1,2,OverheadActual,6,2167136,5047200.0,2.328972431817846
NestedModelComparison.CborEncode/OrderCount=1,2,OverheadActual,7,2167136,5167400.0,2.3844373403422767
NestedModelComparison.CborEncode/OrderCount=1,2,OverheadActual,8,2167136,5140500.0,2.3720246445077744
NestedModelComparison.CborEncode/OrderCount=1,2,OverheadActual,9,2167136,4974100.0,2.2952412769664665
NestedModelComparison.CborEncode/OrderCount=1,2,OverheadActual,10,2167136,5001200.0,2.3077462605023404
NestedModelComparison.CborEncode/OrderCount=1,2,OverheadActual,11,2167136,4999500.0,2.3069618150406805
NestedModelComparison.CborEncode/OrderCount=1,2,OverheadActual,12,2167136,5036800.0,2.3241734713465143
NestedModelComparison.CborEncode/OrderCount=1,2,OverheadActual,13,2167136,5029000.0,2.320574250993016
NestedModelComparison.CborEncode/OrderCount=1,2,OverheadActual,14,2167136,5052000.0,2.3311873366507685
NestedModelComparison.CborEncode/OrderCount=1,2,OverheadActual,15,2167136,5090600.0,2.348998863015519
NestedModelComparison.CborEncode/OrderCount=1,2,WorkloadActual,1,2167136,496583100.0,229.14256419532506
NestedModelComparison.CborEncode/OrderCount=1,2,WorkloadActual,2,2167136,503242900.0,232.21565236330346
NestedModelComparison.CborEncode/OrderCount=1,2,WorkloadActual,3,2167136,499388000.0,230.4368530632134
NestedModelComparison.CborEncode/OrderCount=1,2,WorkloadActual,4,2167136,500602700.0,230.9973624174948
NestedModelComparison.CborEncode/OrderCount=1,2,WorkloadActual,5,2167136,497997000.0,229.79499210017275
NestedModelComparison.CborEncode/OrderCount=1,2,WorkloadActual,6,2167136,503065500.0,232.1337931721867
NestedModelComparison.CborEncode/OrderCount=1,2,WorkloadActual,7,2167136,500264200.0,230.8411654829231
NestedModelComparison.CborEncode/OrderCount=1,2,WorkloadActual,8,2167136,502105000.0,231.6905814863488
NestedModelComparison.CborEncode/OrderCount=1,2,WorkloadResult,1,2167136,491531100.0,226.8113768586743
NestedModelComparison.CborEncode/OrderCount=1,2,WorkloadResult,2,2167136,498190900.0,229.8844650266527
NestedModelComparison.CborEncode/OrderCount=1,2,WorkloadResult,3,2167136,494336000.0,228.10566572656262
NestedModelComparison.CborEncode/OrderCount=1,2,WorkloadResult,4,2167136,495550700.0,228.66617508084403
NestedModelComparison.CborEncode/OrderCount=1,2,WorkloadResult,5,2167136,492945000.0,227.463804763522
NestedModelComparison.CborEncode/OrderCount=1,2,WorkloadResult,6,2167136,498013500.0,229.80260583553593
NestedModelComparison.CborEncode/OrderCount=1,2,WorkloadResult,7,2167136,495212200.0,228.50997814627232
NestedModelComparison.CborEncode/OrderCount=1,2,WorkloadResult,8,2167136,497053000.0,229.35939414969803
NestedModelComparison.MessagePackV4Encode/OrderCount=1,1,OverheadActual,1,5573504,13207400.0,2.3696762395792663
NestedModelComparison.MessagePackV4Encode/OrderCount=1,1,OverheadActual,2,5573504,13206700.0,2.36955064533909
NestedModelComparison.MessagePackV4Encode/OrderCount=1,1,OverheadActual,3,5573504,13112200.0,2.3525954229152792
NestedModelComparison.MessagePackV4Encode/OrderCount=1,1,OverheadActual,4,5573504,13102800.0,2.3509088716900535
NestedModelComparison.MessagePackV4Encode/OrderCount=1,1,OverheadActual,5,5573504,13041600.0,2.3399283466917757
NestedModelComparison.MessagePackV4Encode/OrderCount=1,1,OverheadActual,6,5573504,13374100.0,2.399585610775555
NestedModelComparison.MessagePackV4Encode/OrderCount=1,1,OverheadActual,7,5573504,13167900.0,2.3625891360264566
NestedModelComparison.MessagePackV4Encode/OrderCount=1,1,OverheadActual,8,5573504,13145100.0,2.358498352203569
NestedModelComparison.MessagePackV4Encode/OrderCount=1,1,OverheadActual,9,5573504,13081600.0,2.3471051604161404
NestedModelComparison.MessagePackV4Encode/OrderCount=1,1,OverheadActual,10,5573504,12975000.0,2.3279789518407092
NestedModelComparison.MessagePackV4Encode/OrderCount=1,1,OverheadActual,11,5573504,13027400.0,2.3373805778196264
NestedModelComparison.MessagePackV4Encode/OrderCount=1,1,OverheadActual,12,5573504,13272500.0,2.3813565039156694
NestedModelComparison.MessagePackV4Encode/OrderCount=1,1,OverheadActual,13,5573504,13070600.0,2.34513153664194
NestedModelComparison.MessagePackV4Encode/OrderCount=1,1,OverheadActual,14,5573504,13016500.0,2.3354248960797372
NestedModelComparison.MessagePackV4Encode/OrderCount=1,1,OverheadActual,15,5573504,13030200.0,2.337882954780332
NestedModelComparison.MessagePackV4Encode/OrderCount=1,1,WorkloadActual,1,5573504,503481900.0,90.33489524722688
NestedModelComparison.MessagePackV4Encode/OrderCount=1,1,WorkloadActual,2,5573504,515310900.0,92.45725848586454
NestedModelComparison.MessagePackV4Encode/OrderCount=1,1,WorkloadActual,3,5573504,498573100.0,89.45415666697288
NestedModelComparison.MessagePackV4Encode/OrderCount=1,1,WorkloadActual,4,5573504,501432300.0,89.96715531199045
NestedModelComparison.MessagePackV4Encode/OrderCount=1,1,WorkloadActual,5,5573504,500808100.0,89.85516113382174
NestedModelComparison.MessagePackV4Encode/OrderCount=1,1,WorkloadActual,6,5573504,501444900.0,89.96941600831362
NestedModelComparison.MessagePackV4Encode/OrderCount=1,1,WorkloadActual,7,5573504,509779300.0,91.46477691592219
NestedModelComparison.MessagePackV4Encode/OrderCount=1,1,WorkloadActual,8,5573504,507264900.0,91.01364240520864
NestedModelComparison.MessagePackV4Encode/OrderCount=1,1,WorkloadResult,1,5573504,490379100.0,87.98398637553683
NestedModelComparison.MessagePackV4Encode/OrderCount=1,1,WorkloadResult,2,5573504,502208100.0,90.10634961417449
NestedModelComparison.MessagePackV4Encode/OrderCount=1,1,WorkloadResult,3,5573504,485470300.0,87.10324779528283
NestedModelComparison.MessagePackV4Encode/OrderCount=1,1,WorkloadResult,4,5573504,488329500.0,87.61624644030039
NestedModelComparison.MessagePackV4Encode/OrderCount=1,1,WorkloadResult,5,5573504,487705300.0,87.50425226213169
NestedModelComparison.MessagePackV4Encode/OrderCount=1,1,WorkloadResult,6,5573504,488342100.0,87.61850713662356
NestedModelComparison.MessagePackV4Encode/OrderCount=1,1,WorkloadResult,7,5573504,496676500.0,89.11386804423213
NestedModelComparison.MessagePackV4Encode/OrderCount=1,1,WorkloadResult,8,5573504,494162100.0,88.66273353351859
NestedModelComparison.MessagePackV4Encode/OrderCount=1,2,OverheadActual,1,5655968,12964200.0,2.2921275367894585
NestedModelComparison.MessagePackV4Encode/OrderCount=1,2,OverheadActual,2,5655968,12938300.0,2.287548302960696
NestedModelComparison.MessagePackV4Encode/OrderCount=1,2,OverheadActual,3,5655968,12983500.0,2.295539861611664
NestedModelComparison.MessagePackV4Encode/OrderCount=1,2,OverheadActual,4,5655968,13016200.0,2.3013213653259705
NestedModelComparison.MessagePackV4Encode/OrderCount=1,2,OverheadActual,5,5655968,13195600.0,2.333040073776938
NestedModelComparison.MessagePackV4Encode/OrderCount=1,2,OverheadActual,6,5655968,13083900.0,2.3132910228629298
NestedModelComparison.MessagePackV4Encode/OrderCount=1,2,OverheadActual,7,5655968,13195800.0,2.3330754346559246
NestedModelComparison.MessagePackV4Encode/OrderCount=1,2,OverheadActual,8,5655968,13116200.0,2.3190018048192633
NestedModelComparison.MessagePackV4Encode/OrderCount=1,2,OverheadActual,9,5655968,13181400.0,2.3305294513688906
NestedModelComparison.MessagePackV4Encode/OrderCount=1,2,OverheadActual,10,5655968,13274900.0,2.347060662295119
NestedModelComparison.MessagePackV4Encode/OrderCount=1,2,OverheadActual,11,5655968,13139200.0,2.3230683059027206
NestedModelComparison.MessagePackV4Encode/OrderCount=1,2,OverheadActual,12,5655968,13218700.0,2.3371242552998885
NestedModelComparison.MessagePackV4Encode/OrderCount=1,2,OverheadActual,13,5655968,13124500.0,2.320469281297207
NestedModelComparison.MessagePackV4Encode/OrderCount=1,2,OverheadActual,14,5655968,13202300.0,2.3342246632229884
NestedModelComparison.MessagePackV4Encode/OrderCount=1,2,OverheadActual,15,5655968,13221300.0,2.3375839467267143
NestedModelComparison.MessagePackV4Encode/OrderCount=1,2,WorkloadActual,1,5655968,501581500.0,88.68181361705017
NestedModelComparison.MessagePackV4Encode/OrderCount=1,2,WorkloadActual,2,5655968,505105300.0,89.30483694391482
NestedModelComparison.MessagePackV4Encode/OrderCount=1,2,WorkloadActual,3,5655968,500173600.0,88.4328907094241
NestedModelComparison.MessagePackV4Encode/OrderCount=1,2,WorkloadActual,4,5655968,500268100.0,88.44959872474526
NestedModelComparison.MessagePackV4Encode/OrderCount=1,2,WorkloadActual,5,5655968,500718000.0,88.52914302202558
NestedModelComparison.MessagePackV4Encode/OrderCount=1,2,WorkloadActual,6,5655968,504553300.0,89.20724091791185
NestedModelComparison.MessagePackV4Encode/OrderCount=1,2,WorkloadActual,7,5655968,504883100.0,89.26555100736073
NestedModelComparison.MessagePackV4Encode/OrderCount=1,2,WorkloadActual,8,5655968,502134800.0,88.77963948876656
NestedModelComparison.MessagePackV4Encode/OrderCount=1,2,WorkloadResult,1,5655968,488442300.0,86.35874531114744
NestedModelComparison.MessagePackV4Encode/OrderCount=1,2,WorkloadResult,2,5655968,491966100.0,86.9817686380121
NestedModelComparison.MessagePackV4Encode/OrderCount=1,2,WorkloadResult,3,5655968,487034400.0,86.10982240352138
NestedModelComparison.MessagePackV4Encode/OrderCount=1,2,WorkloadResult,4,5655968,487128900.0,86.12653041884253
NestedModelComparison.MessagePackV4Encode/OrderCount=1,2,WorkloadResult,5,5655968,487578800.0,86.20607471612287
NestedModelComparison.MessagePackV4Encode/OrderCount=1,2,WorkloadResult,6,5655968,491414100.0,86.88417261200912
NestedModelComparison.MessagePackV4Encode/OrderCount=1,2,WorkloadResult,7,5655968,491743900.0,86.942482701458
NestedModelComparison.MessagePackV4Encode/OrderCount=1,2,WorkloadResult,8,5655968,488995600.0,86.45657118286384
NestedModelComparison.REDoxEncode/OrderCount=1,1,OverheadActual,1,1483616,3445900.0,2.322636045984945
NestedModelComparison.REDoxEncode/OrderCount=1,1,OverheadActual,2,1483616,3485100.0,2.3490579772663547
NestedModelComparison.REDoxEncode/OrderCount=1,1,OverheadActual,3,1483616,3583400.0,2.415315014127645
NestedModelComparison.REDoxEncode/OrderCount=1,1,OverheadActual,4,1483616,3501400.0,2.360044647671635
NestedModelComparison.REDoxEncode/OrderCount=1,1,OverheadActual,5,1483616,3473400.0,2.341171839613485
NestedModelComparison.REDoxEncode/OrderCount=1,1,OverheadActual,6,1483616,3381700.0,2.2793633932230444
NestedModelComparison.REDoxEncode/OrderCount=1,1,OverheadActual,7,1483616,3422000.0,2.3065267562495957
NestedModelComparison.REDoxEncode/OrderCount=1,1,OverheadActual,8,1483616,3511000.0,2.3665153247201434
NestedModelComparison.REDoxEncode/OrderCount=1,1,OverheadActual,9,1483616,3423500.0,2.307537799538425
NestedModelComparison.REDoxEncode/OrderCount=1,1,OverheadActual,10,1483616,3384300.0,2.2811158682570154
NestedModelComparison.REDoxEncode/OrderCount=1,1,OverheadActual,11,1483616,3409400.0,2.298033992623428
NestedModelComparison.REDoxEncode/OrderCount=1,1,OverheadActual,12,1483616,3467600.0,2.337262472230011
NestedModelComparison.REDoxEncode/OrderCount=1,1,OverheadActual,13,1483616,3408500.0,2.2974273666501306
NestedModelComparison.REDoxEncode/OrderCount=1,1,OverheadActual,14,1483616,3449200.0,2.32486034122037
NestedModelComparison.REDoxEncode/OrderCount=1,1,OverheadActual,15,1483616,3437100.0,2.3167045920238123
NestedModelComparison.REDoxEncode/OrderCount=1,1,WorkloadActual,1,1483616,507071500.0,341.78082468778985
NestedModelComparison.REDoxEncode/OrderCount=1,1,WorkloadActual,2,1483616,502807200.0,338.9065634234195
NestedModelComparison.REDoxEncode/OrderCount=1,1,WorkloadActual,3,1483616,502706100.0,338.83841910575245
NestedModelComparison.REDoxEncode/OrderCount=1,1,WorkloadActual,4,1483616,498899600.0,336.27272825313287
NestedModelComparison.REDoxEncode/OrderCount=1,1,WorkloadActual,5,1483616,502602300.0,338.7684549101654
NestedModelComparison.REDoxEncode/OrderCount=1,1,WorkloadActual,6,1483616,498283800.0,335.85766128162544
NestedModelComparison.REDoxEncode/OrderCount=1,1,WorkloadActual,7,1483616,501232400.0,337.84510277592045
NestedModelComparison.REDoxEncode/OrderCount=1,1,WorkloadActual,8,1483616,501793300.0,338.22316556305674
NestedModelComparison.REDoxEncode/OrderCount=1,1,WorkloadResult,1,1483616,499361300.0,336.5839273774346
NestedModelComparison.REDoxEncode/OrderCount=1,1,WorkloadResult,2,1483616,499260200.0,336.5157830597675
NestedModelComparison.REDoxEncode/OrderCount=1,1,WorkloadResult,3,1483616,495453700.0,333.9500922071479
NestedModelComparison.REDoxEncode/OrderCount=1,1,WorkloadResult,4,1483616,499156400.0,336.44581886418047
NestedModelComparison.REDoxEncode/OrderCount=1,1,WorkloadResult,5,1483616,494837900.0,333.5350252356405
NestedModelComparison.REDoxEncode/OrderCount=1,1,WorkloadResult,6,1483616,497786500.0,335.5224667299355
NestedModelComparison.REDoxEncode/OrderCount=1,1,WorkloadResult,7,1483616,498347400.0,335.9005295170718
NestedModelComparison.REDoxEncode/OrderCount=1,2,OverheadActual,1,1466048,3424700.0,2.336008097961322
NestedModelComparison.REDoxEncode/OrderCount=1,2,OverheadActual,2,1466048,3424700.0,2.336008097961322
NestedModelComparison.REDoxEncode/OrderCount=1,2,OverheadActual,3,1466048,3485200.0,2.3772755053040555
NestedModelComparison.REDoxEncode/OrderCount=1,2,OverheadActual,4,1466048,3445500.0,2.3501959008163444
NestedModelComparison.REDoxEncode/OrderCount=1,2,OverheadActual,5,1466048,3496300.0,2.3848468808661107
NestedModelComparison.REDoxEncode/OrderCount=1,2,OverheadActual,6,1466048,3452300.0,2.3548342209804862
NestedModelComparison.REDoxEncode/OrderCount=1,2,OverheadActual,7,1466048,3465300.0,2.363701597764875
NestedModelComparison.REDoxEncode/OrderCount=1,2,OverheadActual,8,1466048,3442000.0,2.3478085301436242
NestedModelComparison.REDoxEncode/OrderCount=1,2,OverheadActual,9,1466048,3414700.0,2.329187038896407
NestedModelComparison.REDoxEncode/OrderCount=1,2,OverheadActual,10,1466048,3503400.0,2.3896898328022003
NestedModelComparison.REDoxEncode/OrderCount=1,2,OverheadActual,11,1466048,3434300.0,2.34255631466364
NestedModelComparison.REDoxEncode/OrderCount=1,2,OverheadActual,12,1466048,3554400.0,2.4244772340332648
NestedModelComparison.REDoxEncode/OrderCount=1,2,OverheadActual,13,1466048,3468100.0,2.3656114943030513
NestedModelComparison.REDoxEncode/OrderCount=1,2,OverheadActual,14,1466048,3455100.0,2.3567441175186623
NestedModelComparison.REDoxEncode/OrderCount=1,2,OverheadActual,15,1466048,3463300.0,2.3623373859518924
NestedModelComparison.REDoxEncode/OrderCount=1,2,WorkloadActual,1,1466048,504873800.0,344.37740101279087
NestedModelComparison.REDoxEncode/OrderCount=1,2,WorkloadActual,2,1466048,499461300.0,340.6855027939058
NestedModelComparison.REDoxEncode/OrderCount=1,2,WorkloadActual,3,1466048,500809300.0,341.6049815558563
NestedModelComparison.REDoxEncode/OrderCount=1,2,WorkloadActual,4,1466048,499809900.0,340.92328491290874
NestedModelComparison.REDoxEncode/OrderCount=1,2,WorkloadActual,5,1466048,497403300.0,339.28172883834634
NestedModelComparison.REDoxEncode/OrderCount=1,2,WorkloadActual,6,1466048,505868500.0,345.0558917579779
NestedModelComparison.REDoxEncode/OrderCount=1,2,WorkloadActual,7,1466048,508025500.0,346.52719419828003
NestedModelComparison.REDoxEncode/OrderCount=1,2,WorkloadActual,8,1466048,501578300.0,342.12952099794825
NestedModelComparison.REDoxEncode/OrderCount=1,2,WorkloadResult,1,1466048,501418700.0,342.02065689527217
NestedModelComparison.REDoxEncode/OrderCount=1,2,WorkloadResult,2,1466048,496006200.0,338.3287586763871
NestedModelComparison.REDoxEncode/OrderCount=1,2,WorkloadResult,3,1466048,497354200.0,339.24823743833764
NestedModelComparison.REDoxEncode/OrderCount=1,2,WorkloadResult,4,1466048,496354800.0,338.56654079539004
NestedModelComparison.REDoxEncode/OrderCount=1,2,WorkloadResult,5,1466048,493948200.0,336.9249847208277
NestedModelComparison.REDoxEncode/OrderCount=1,2,WorkloadResult,6,1466048,502413400.0,342.6991476404593
NestedModelComparison.REDoxEncode/OrderCount=1,2,WorkloadResult,7,1466048,504570400.0,344.1704500807613
NestedModelComparison.REDoxEncode/OrderCount=1,2,WorkloadResult,8,1466048,498123200.0,339.77277688042955
NestedModelComparison.SystemFormatsEncode/OrderCount=1,1,OverheadActual,1,539968,1269300.0,2.350694855991466
NestedModelComparison.SystemFormatsEncode/OrderCount=1,1,OverheadActual,2,539968,1279100.0,2.3688440796491643
NestedModelComparison.SystemFormatsEncode/OrderCount=1,1,OverheadActual,3,539968,1280100.0,2.3706960412468887
NestedModelComparison.SystemFormatsEncode/OrderCount=1,1,OverheadActual,4,539968,1239000.0,2.2945804195804196
NestedModelComparison.SystemFormatsEncode/OrderCount=1,1,OverheadActual,5,539968,1251100.0,2.316989154912884
NestedModelComparison.SystemFormatsEncode/OrderCount=1,1,OverheadActual,6,539968,1259700.0,2.3329160246533127
NestedModelComparison.SystemFormatsEncode/OrderCount=1,1,OverheadActual,7,539968,1250300.0,2.3155075856347045
NestedModelComparison.SystemFormatsEncode/OrderCount=1,1,OverheadActual,8,539968,1257000.0,2.327915728339457
NestedModelComparison.SystemFormatsEncode/OrderCount=1,1,OverheadActual,9,539968,1239100.0,2.294765615740192
NestedModelComparison.SystemFormatsEncode/OrderCount=1,1,OverheadActual,10,539968,1252500.0,2.319581901149698
NestedModelComparison.SystemFormatsEncode/OrderCount=1,1,OverheadActual,11,539968,1273600.0,2.3586582908616807
NestedModelComparison.SystemFormatsEncode/OrderCount=1,1,OverheadActual,12,539968,1271700.0,2.3551395638260044
NestedModelComparison.SystemFormatsEncode/OrderCount=1,1,OverheadActual,13,539968,1249900.0,2.3147668009956144
NestedModelComparison.SystemFormatsEncode/OrderCount=1,1,OverheadActual,14,539968,1280600.0,2.371622022045751
NestedModelComparison.SystemFormatsEncode/OrderCount=1,1,OverheadActual,15,539968,1271900.0,2.3555099561455495
NestedModelComparison.SystemFormatsEncode/OrderCount=1,1,WorkloadActual,1,539968,508137400.0,941.0509511674766
NestedModelComparison.SystemFormatsEncode/OrderCount=1,1,WorkloadActual,2,539968,503706800.0,932.8456501125993
NestedModelComparison.SystemFormatsEncode/OrderCount=1,1,WorkloadActual,3,539968,512346500.0,948.846042728458
NestedModelComparison.SystemFormatsEncode/OrderCount=1,1,WorkloadActual,4,539968,509262400.0,943.1344079649165
NestedModelComparison.SystemFormatsEncode/OrderCount=1,1,WorkloadActual,5,539968,500012700.0,926.0043187744459
NestedModelComparison.SystemFormatsEncode/OrderCount=1,1,WorkloadActual,6,539968,497639700.0,921.6096139030461
NestedModelComparison.SystemFormatsEncode/OrderCount=1,1,WorkloadActual,7,539968,501489800.0,928.7398512504444
NestedModelComparison.SystemFormatsEncode/OrderCount=1,1,WorkloadActual,8,539968,499464700.0,924.9894438188929
NestedModelComparison.SystemFormatsEncode/OrderCount=1,1,WorkloadResult,1,539968,506877700.0,938.7180351428233
NestedModelComparison.SystemFormatsEncode/OrderCount=1,1,WorkloadResult,2,539968,502447100.0,930.512734087946
NestedModelComparison.SystemFormatsEncode/OrderCount=1,1,WorkloadResult,3,539968,511086800.0,946.5131267038047
NestedModelComparison.SystemFormatsEncode/OrderCount=1,1,WorkloadResult,4,539968,508002700.0,940.8014919402631
NestedModelComparison.SystemFormatsEncode/OrderCount=1,1,WorkloadResult,5,539968,498753000.0,923.6714027497926
NestedModelComparison.SystemFormatsEncode/OrderCount=1,1,WorkloadResult,6,539968,496380000.0,919.2766978783928
NestedModelComparison.SystemFormatsEncode/OrderCount=1,1,WorkloadResult,7,539968,500230100.0,926.4069352257911
NestedModelComparison.SystemFormatsEncode/OrderCount=1,1,WorkloadResult,8,539968,498205000.0,922.6565277942397
NestedModelComparison.SystemFormatsEncode/OrderCount=1,2,OverheadActual,1,546352,1295300.0,2.370815884265089
NestedModelComparison.SystemFormatsEncode/OrderCount=1,2,OverheadActual,2,546352,1308400.0,2.3947931004187777
NestedModelComparison.SystemFormatsEncode/OrderCount=1,2,OverheadActual,3,546352,1468400.0,2.6876445954256596
NestedModelComparison.SystemFormatsEncode/OrderCount=1,2,OverheadActual,4,546352,1286100.0,2.3539769233021937
NestedModelComparison.SystemFormatsEncode/OrderCount=1,2,OverheadActual,5,546352,1316700.0,2.4099847717222596
NestedModelComparison.SystemFormatsEncode/OrderCount=1,2,OverheadActual,6,546352,1316100.0,2.408886578615984
NestedModelComparison.SystemFormatsEncode/OrderCount=1,2,OverheadActual,7,546352,1290200.0,2.361481242861745
NestedModelComparison.SystemFormatsEncode/OrderCount=1,2,OverheadActual,8,546352,1282900.0,2.348119893402056
NestedModelComparison.SystemFormatsEncode/OrderCount=1,2,OverheadActual,9,546352,1284000.0,2.3501332474302283
NestedModelComparison.SystemFormatsEncode/OrderCount=1,2,OverheadActual,10,546352,1256000.0,2.2988842358040236
NestedModelComparison.SystemFormatsEncode/OrderCount=1,2,OverheadActual,11,546352,1288100.0,2.3576375669897796
NestedModelComparison.SystemFormatsEncode/OrderCount=1,2,OverheadActual,12,546352,1282600.0,2.347570796848918
NestedModelComparison.SystemFormatsEncode/OrderCount=1,2,OverheadActual,13,546352,1283000.0,2.348302925586435
NestedModelComparison.SystemFormatsEncode/OrderCount=1,2,OverheadActual,14,546352,1279600.0,2.342079831317539
NestedModelComparison.SystemFormatsEncode/OrderCount=1,2,OverheadActual,15,546352,1276400.0,2.336222801417401
NestedModelComparison.SystemFormatsEncode/OrderCount=1,2,WorkloadActual,1,546352,518704700.0,949.3965428881014
NestedModelComparison.SystemFormatsEncode/OrderCount=1,2,WorkloadActual,2,546352,512860900.0,938.7005080973438
NestedModelComparison.SystemFormatsEncode/OrderCount=1,2,WorkloadActual,3,546352,513922600.0,940.6437607988988
NestedModelComparison.SystemFormatsEncode/OrderCount=1,2,WorkloadActual,4,546352,505057000.0,924.4168594605676
NestedModelComparison.SystemFormatsEncode/OrderCount=1,2,WorkloadActual,5,546352,510240500.0,933.9043327378686
NestedModelComparison.SystemFormatsEncode/OrderCount=1,2,WorkloadActual,6,546352,500094100.0,915.3331551820072
NestedModelComparison.SystemFormatsEncode/OrderCount=1,2,WorkloadActual,7,546352,522091500.0,955.5954769086596
NestedModelComparison.SystemFormatsEncode/OrderCount=1,2,WorkloadActual,8,546352,508077100.0,929.9446144610068
NestedModelComparison.SystemFormatsEncode/OrderCount=1,2,WorkloadResult,1,546352,517418600.0,947.0425659647992
NestedModelComparison.SystemFormatsEncode/OrderCount=1,2,WorkloadResult,2,546352,511574800.0,936.3465311740416
NestedModelComparison.SystemFormatsEncode/OrderCount=1,2,WorkloadResult,3,546352,512636500.0,938.2897838755966
NestedModelComparison.SystemFormatsEncode/OrderCount=1,2,WorkloadResult,4,546352,503770900.0,922.0628825372654
NestedModelComparison.SystemFormatsEncode/OrderCount=1,2,WorkloadResult,5,546352,508954400.0,931.5503558145664
NestedModelComparison.SystemFormatsEncode/OrderCount=1,2,WorkloadResult,6,546352,498808000.0,912.979178258705
NestedModelComparison.SystemFormatsEncode/OrderCount=1,2,WorkloadResult,7,546352,520805400.0,953.2414999853574
NestedModelComparison.SystemFormatsEncode/OrderCount=1,2,WorkloadResult,8,546352,506791000.0,927.5906375377047
NestedModelComparison.PeterOEncode/OrderCount=1,1,OverheadActual,1,142112,371600.0,2.6148390002251745
NestedModelComparison.PeterOEncode/OrderCount=1,1,OverheadActual,2,142112,334900.0,2.3565919837874354
NestedModelComparison.PeterOEncode/OrderCount=1,1,OverheadActual,3,142112,343800.0,2.4192186444494483
NestedModelComparison.PeterOEncode/OrderCount=1,1,OverheadActual,4,142112,344900.0,2.426959018239135
NestedModelComparison.PeterOEncode/OrderCount=1,1,OverheadActual,5,142112,383000.0,2.6950574195001127
NestedModelComparison.PeterOEncode/OrderCount=1,1,OverheadActual,6,142112,340600.0,2.3967011934249043
NestedModelComparison.PeterOEncode/OrderCount=1,1,OverheadActual,7,142112,332400.0,2.33900022517451
NestedModelComparison.PeterOEncode/OrderCount=1,1,OverheadActual,8,142112,348800.0,2.4544021616752985
NestedModelComparison.PeterOEncode/OrderCount=1,1,OverheadActual,9,142112,343100.0,2.414292952037829
NestedModelComparison.PeterOEncode/OrderCount=1,1,OverheadActual,10,142112,348200.0,2.450180139608196
NestedModelComparison.PeterOEncode/OrderCount=1,1,OverheadActual,11,142112,331600.0,2.3333708624183744
NestedModelComparison.PeterOEncode/OrderCount=1,1,OverheadActual,12,142112,397800.0,2.7992006304886288
NestedModelComparison.PeterOEncode/OrderCount=1,1,OverheadActual,13,142112,341000.0,2.3995158748029723
NestedModelComparison.PeterOEncode/OrderCount=1,1,OverheadActual,14,142112,358700.0,2.5240655257824813
NestedModelComparison.PeterOEncode/OrderCount=1,1,OverheadActual,15,142112,341200.0,2.400923215492006
NestedModelComparison.PeterOEncode/OrderCount=1,1,WorkloadActual,1,142112,491984700.0,3461.9504334609323
NestedModelComparison.PeterOEncode/OrderCount=1,1,WorkloadActual,2,142112,500532400.0,3522.098063499212
NestedModelComparison.PeterOEncode/OrderCount=1,1,WorkloadActual,3,142112,496407200.0,3493.0702544471965
NestedModelComparison.PeterOEncode/OrderCount=1,1,WorkloadActual,4,142112,504499000.0,3550.0098513848234
NestedModelComparison.PeterOEncode/OrderCount=1,1,WorkloadActual,5,142112,501653500.0,3529.986911731592
NestedModelComparison.PeterOEncode/OrderCount=1,1,WorkloadActual,6,142112,498495000.0,3507.7614839000225
NestedModelComparison.PeterOEncode/OrderCount=1,1,WorkloadActual,7,142112,496157800.0,3491.315300607971
NestedModelComparison.PeterOEncode/OrderCount=1,1,WorkloadActual,8,142112,490858100.0,3454.022883359604
NestedModelComparison.PeterOEncode/OrderCount=1,1,WorkloadResult,1,142112,491640900.0,3459.5312148164826
NestedModelComparison.PeterOEncode/OrderCount=1,1,WorkloadResult,2,142112,500188600.0,3519.6788448547622
NestedModelComparison.PeterOEncode/OrderCount=1,1,WorkloadResult,3,142112,496063400.0,3490.651035802747
NestedModelComparison.PeterOEncode/OrderCount=1,1,WorkloadResult,4,142112,504155200.0,3547.5906327403736
NestedModelComparison.PeterOEncode/OrderCount=1,1,WorkloadResult,5,142112,501309700.0,3527.5676930871427
NestedModelComparison.PeterOEncode/OrderCount=1,1,WorkloadResult,6,142112,498151200.0,3505.3422652555732
NestedModelComparison.PeterOEncode/OrderCount=1,1,WorkloadResult,7,142112,495814000.0,3488.8960819635217
NestedModelComparison.PeterOEncode/OrderCount=1,1,WorkloadResult,8,142112,490514300.0,3451.603664715154
NestedModelComparison.PeterOEncode/OrderCount=1,2,OverheadActual,1,143200,349600.0,2.441340782122905
NestedModelComparison.PeterOEncode/OrderCount=1,2,OverheadActual,2,143200,341500.0,2.3847765363128492
NestedModelComparison.PeterOEncode/OrderCount=1,2,OverheadActual,3,143200,342600.0,2.392458100558659
NestedModelComparison.PeterOEncode/OrderCount=1,2,OverheadActual,4,143200,335700.0,2.34427374301676
NestedModelComparison.PeterOEncode/OrderCount=1,2,OverheadActual,5,143200,353200.0,2.4664804469273744
NestedModelComparison.PeterOEncode/OrderCount=1,2,OverheadActual,6,143200,347700.0,2.428072625698324
NestedModelComparison.PeterOEncode/OrderCount=1,2,OverheadActual,7,143200,341500.0,2.3847765363128492
NestedModelComparison.PeterOEncode/OrderCount=1,2,OverheadActual,8,143200,338500.0,2.363826815642458
NestedModelComparison.PeterOEncode/OrderCount=1,2,OverheadActual,9,143200,337500.0,2.3568435754189943
NestedModelComparison.PeterOEncode/OrderCount=1,2,OverheadActual,10,143200,338100.0,2.3610335195530725
NestedModelComparison.PeterOEncode/OrderCount=1,2,OverheadActual,11,143200,408400.0,2.85195530726257
NestedModelComparison.PeterOEncode/OrderCount=1,2,OverheadActual,12,143200,355100.0,2.4797486033519553
NestedModelComparison.PeterOEncode/OrderCount=1,2,OverheadActual,13,143200,337600.0,2.357541899441341
NestedModelComparison.PeterOEncode/OrderCount=1,2,OverheadActual,14,143200,340500.0,2.3777932960893855
NestedModelComparison.PeterOEncode/OrderCount=1,2,OverheadActual,15,143200,346700.0,2.4210893854748603
NestedModelComparison.PeterOEncode/OrderCount=1,2,WorkloadActual,1,143200,497269000.0,3472.5488826815645
NestedModelComparison.PeterOEncode/OrderCount=1,2,WorkloadActual,2,143200,502515800.0,3509.1885474860337
NestedModelComparison.PeterOEncode/OrderCount=1,2,WorkloadActual,3,143200,501706400.0,3503.536312849162
NestedModelComparison.PeterOEncode/OrderCount=1,2,WorkloadActual,4,143200,507667500.0,3545.1641061452515
NestedModelComparison.PeterOEncode/OrderCount=1,2,WorkloadActual,5,143200,499514900.0,3488.2325418994415
NestedModelComparison.PeterOEncode/OrderCount=1,2,WorkloadActual,6,143200,500939700.0,3498.1822625698323
NestedModelComparison.PeterOEncode/OrderCount=1,2,WorkloadActual,7,143200,501411200.0,3501.4748603351954
NestedModelComparison.PeterOEncode/OrderCount=1,2,WorkloadActual,8,143200,507766000.0,3545.8519553072624
NestedModelComparison.PeterOEncode/OrderCount=1,2,WorkloadResult,1,143200,496927500.0,3470.1641061452515
NestedModelComparison.PeterOEncode/OrderCount=1,2,WorkloadResult,2,143200,502174300.0,3506.8037709497207
NestedModelComparison.PeterOEncode/OrderCount=1,2,WorkloadResult,3,143200,501364900.0,3501.151536312849
NestedModelComparison.PeterOEncode/OrderCount=1,2,WorkloadResult,4,143200,507326000.0,3542.7793296089385
NestedModelComparison.PeterOEncode/OrderCount=1,2,WorkloadResult,5,143200,499173400.0,3485.8477653631285
NestedModelComparison.PeterOEncode/OrderCount=1,2,WorkloadResult,6,143200,500598200.0,3495.7974860335194
NestedModelComparison.PeterOEncode/OrderCount=1,2,WorkloadResult,7,143200,501069700.0,3499.0900837988825
NestedModelComparison.PeterOEncode/OrderCount=1,2,WorkloadResult,8,143200,507424500.0,3543.46717877095
NestedModelComparison.CborEncode/OrderCount=64,1,OverheadActual,1,34208,88700.0,2.592960710944808
NestedModelComparison.CborEncode/OrderCount=64,1,OverheadActual,2,34208,94900.0,2.774204864359214
NestedModelComparison.CborEncode/OrderCount=64,1,OverheadActual,3,34208,94000.0,2.747895229186155
NestedModelComparison.CborEncode/OrderCount=64,1,OverheadActual,4,34208,89100.0,2.604653882132834
NestedModelComparison.CborEncode/OrderCount=64,1,OverheadActual,5,34208,89500.0,2.616347053320861
NestedModelComparison.CborEncode/OrderCount=64,1,OverheadActual,6,34208,86500.0,2.528648269410664
NestedModelComparison.CborEncode/OrderCount=64,1,OverheadActual,7,34208,90700.0,2.6514265668849393
NestedModelComparison.CborEncode/OrderCount=64,1,OverheadActual,8,34208,88200.0,2.5783442469597757
NestedModelComparison.CborEncode/OrderCount=64,1,OverheadActual,9,34208,99000.0,2.8940598690364827
NestedModelComparison.CborEncode/OrderCount=64,1,OverheadActual,10,34208,90100.0,2.6338868101029
NestedModelComparison.CborEncode/OrderCount=64,1,OverheadActual,11,34208,88600.0,2.590037418147802
NestedModelComparison.CborEncode/OrderCount=64,1,OverheadActual,12,34208,87100.0,2.5461880261927035
NestedModelComparison.CborEncode/OrderCount=64,1,OverheadActual,13,34208,93600.0,2.736202057998129
NestedModelComparison.CborEncode/OrderCount=64,1,OverheadActual,14,34208,88800.0,2.5958840037418147
NestedModelComparison.CborEncode/OrderCount=64,1,OverheadActual,15,34208,90000.0,2.630963517305893
NestedModelComparison.CborEncode/OrderCount=64,1,WorkloadActual,1,34208,497677300.0,14548.56466323667
NestedModelComparison.CborEncode/OrderCount=64,1,WorkloadActual,2,34208,497496000.0,14543.264733395697
NestedModelComparison.CborEncode/OrderCount=64,1,WorkloadActual,3,34208,499687500.0,14607.328695042095
NestedModelComparison.CborEncode/OrderCount=64,1,WorkloadActual,4,34208,499351000.0,14597.491814780169
NestedModelComparison.CborEncode/OrderCount=64,1,WorkloadActual,5,34208,507067600.0,14823.070626753975
NestedModelComparison.CborEncode/OrderCount=64,1,WorkloadActual,6,34208,511984100.0,14966.794317118804
NestedModelComparison.CborEncode/OrderCount=64,1,WorkloadActual,7,34208,501821800.0,14669.720533208607
NestedModelComparison.CborEncode/OrderCount=64,1,WorkloadActual,8,34208,494299400.0,14449.818755846585
NestedModelComparison.CborEncode/OrderCount=64,1,WorkloadResult,1,34208,497587800.0,14545.948316183349
NestedModelComparison.CborEncode/OrderCount=64,1,WorkloadResult,2,34208,497406500.0,14540.648386342376
NestedModelComparison.CborEncode/OrderCount=64,1,WorkloadResult,3,34208,499598000.0,14604.712347988774
NestedModelComparison.CborEncode/OrderCount=64,1,WorkloadResult,4,34208,499261500.0,14594.875467726848
NestedModelComparison.CborEncode/OrderCount=64,1,WorkloadResult,5,34208,506978100.0,14820.454279700654
NestedModelComparison.CborEncode/OrderCount=64,1,WorkloadResult,6,34208,501732300.0,14667.104186155286
NestedModelComparison.CborEncode/OrderCount=64,1,WorkloadResult,7,34208,494209900.0,14447.202408793264
NestedModelComparison.CborEncode/OrderCount=64,2,OverheadActual,1,37504,97200.0,2.5917235494880546
NestedModelComparison.CborEncode/OrderCount=64,2,OverheadActual,2,37504,99800.0,2.6610494880546076
NestedModelComparison.CborEncode/OrderCount=64,2,OverheadActual,3,37504,103000.0,2.7463737201365186
NestedModelComparison.CborEncode/OrderCount=64,2,OverheadActual,4,37504,97400.0,2.597056313993174
NestedModelComparison.CborEncode/OrderCount=64,2,OverheadActual,5,37504,95400.0,2.5437286689419794
NestedModelComparison.CborEncode/OrderCount=64,2,OverheadActual,6,37504,96500.0,2.5730588737201363
NestedModelComparison.CborEncode/OrderCount=64,2,OverheadActual,7,37504,97800.0,2.607721843003413
NestedModelComparison.CborEncode/OrderCount=64,2,OverheadActual,8,37504,95300.0,2.54106228668942
NestedModelComparison.CborEncode/OrderCount=64,2,OverheadActual,9,37504,98500.0,2.626386518771331
NestedModelComparison.CborEncode/OrderCount=64,2,OverheadActual,10,37504,103000.0,2.7463737201365186
NestedModelComparison.CborEncode/OrderCount=64,2,OverheadActual,11,37504,96300.0,2.567726109215017
NestedModelComparison.CborEncode/OrderCount=64,2,OverheadActual,12,37504,96300.0,2.567726109215017
NestedModelComparison.CborEncode/OrderCount=64,2,OverheadActual,13,37504,98700.0,2.6317192832764507
NestedModelComparison.CborEncode/OrderCount=64,2,OverheadActual,14,37504,97800.0,2.607721843003413
NestedModelComparison.CborEncode/OrderCount=64,2,OverheadActual,15,37504,95200.0,2.53839590443686
NestedModelComparison.CborEncode/OrderCount=64,2,WorkloadActual,1,37504,506042600.0,13493.030076791809
NestedModelComparison.CborEncode/OrderCount=64,2,WorkloadActual,2,37504,500951400.0,13357.279223549489
NestedModelComparison.CborEncode/OrderCount=64,2,WorkloadActual,3,37504,499840300.0,13327.653050341298
NestedModelComparison.CborEncode/OrderCount=64,2,WorkloadActual,4,37504,494236800.0,13178.242320819112
NestedModelComparison.CborEncode/OrderCount=64,2,WorkloadActual,5,37504,491152400.0,13096.00042662116
NestedModelComparison.CborEncode/OrderCount=64,2,WorkloadActual,6,37504,493048200.0,13146.549701365188
NestedModelComparison.CborEncode/OrderCount=64,2,WorkloadActual,7,37504,493908700.0,13169.493920648465
NestedModelComparison.CborEncode/OrderCount=64,2,WorkloadActual,8,37504,496545900.0,13239.811753412969
NestedModelComparison.CborEncode/OrderCount=64,2,WorkloadResult,1,37504,505945200.0,13490.433020477816
NestedModelComparison.CborEncode/OrderCount=64,2,WorkloadResult,2,37504,500854000.0,13354.682167235494
NestedModelComparison.CborEncode/OrderCount=64,2,WorkloadResult,3,37504,499742900.0,13325.055994027303
NestedModelComparison.CborEncode/OrderCount=64,2,WorkloadResult,4,37504,494139400.0,13175.64526450512
NestedModelComparison.CborEncode/OrderCount=64,2,WorkloadResult,5,37504,491055000.0,13093.403370307167
NestedModelComparison.CborEncode/OrderCount=64,2,WorkloadResult,6,37504,492950800.0,13143.952645051195
NestedModelComparison.CborEncode/OrderCount=64,2,WorkloadResult,7,37504,493811300.0,13166.89686433447
NestedModelComparison.CborEncode/OrderCount=64,2,WorkloadResult,8,37504,496448500.0,13237.214697098976
NestedModelComparison.MessagePackV4Encode/OrderCount=64,1,OverheadActual,1,93824,269400.0,2.8713335607094135
NestedModelComparison.MessagePackV4Encode/OrderCount=64,1,OverheadActual,2,93824,248600.0,2.6496418826739427
NestedModelComparison.MessagePackV4Encode/OrderCount=64,1,OverheadActual,3,93824,252400.0,2.6901432469304227
NestedModelComparison.MessagePackV4Encode/OrderCount=64,1,OverheadActual,4,93824,246000.0,2.621930422919509
NestedModelComparison.MessagePackV4Encode/OrderCount=64,1,OverheadActual,5,93824,246800.0,2.6304570259208733
NestedModelComparison.MessagePackV4Encode/OrderCount=64,1,OverheadActual,6,93824,244600.0,2.6070088676671213
NestedModelComparison.MessagePackV4Encode/OrderCount=64,1,OverheadActual,7,93824,249400.0,2.658168485675307
NestedModelComparison.MessagePackV4Encode/OrderCount=64,1,OverheadActual,8,93824,248200.0,2.6453785811732606
NestedModelComparison.MessagePackV4Encode/OrderCount=64,1,OverheadActual,9,93824,237000.0,2.526006139154161
NestedModelComparison.MessagePackV4Encode/OrderCount=64,1,OverheadActual,10,93824,236700.0,2.5228086630286493
NestedModelComparison.MessagePackV4Encode/OrderCount=64,1,OverheadActual,11,93824,242200.0,2.5814290586630286
NestedModelComparison.MessagePackV4Encode/OrderCount=64,1,OverheadActual,12,93824,247200.0,2.6347203274215554
NestedModelComparison.MessagePackV4Encode/OrderCount=64,1,OverheadActual,13,93824,308100.0,3.2838079809004093
NestedModelComparison.MessagePackV4Encode/OrderCount=64,1,OverheadActual,14,93824,240400.0,2.562244201909959
NestedModelComparison.MessagePackV4Encode/OrderCount=64,1,OverheadActual,15,93824,246400.0,2.626193724420191
NestedModelComparison.MessagePackV4Encode/OrderCount=64,1,WorkloadActual,1,93824,493846000.0,5263.535982264666
NestedModelComparison.MessagePackV4Encode/OrderCount=64,1,WorkloadActual,2,93824,496064300.0,5287.1791865620735
NestedModelComparison.MessagePackV4Encode/OrderCount=64,1,WorkloadActual,3,93824,497680000.0,5304.399727148704
NestedModelComparison.MessagePackV4Encode/OrderCount=64,1,WorkloadActual,4,93824,501027700.0,5340.080363233288
NestedModelComparison.MessagePackV4Encode/OrderCount=64,1,WorkloadActual,5,93824,499378400.0,5322.5017053206
NestedModelComparison.MessagePackV4Encode/OrderCount=64,1,WorkloadActual,6,93824,509076500.0,5425.866516030013
NestedModelComparison.MessagePackV4Encode/OrderCount=64,1,WorkloadActual,7,93824,496951200.0,5296.631991814461
NestedModelComparison.MessagePackV4Encode/OrderCount=64,1,WorkloadActual,8,93824,495693600.0,5283.228171896317
NestedModelComparison.MessagePackV4Encode/OrderCount=64,1,WorkloadResult,1,93824,493599200.0,5260.905525238745
NestedModelComparison.MessagePackV4Encode/OrderCount=64,1,WorkloadResult,2,93824,495817500.0,5284.548729536153
NestedModelComparison.MessagePackV4Encode/OrderCount=64,1,WorkloadResult,3,93824,497433200.0,5301.769270122783
NestedModelComparison.MessagePackV4Encode/OrderCount=64,1,WorkloadResult,4,93824,500780900.0,5337.449906207367
NestedModelComparison.MessagePackV4Encode/OrderCount=64,1,WorkloadResult,5,93824,499131600.0,5319.871248294679
NestedModelComparison.MessagePackV4Encode/OrderCount=64,1,WorkloadResult,6,93824,496704400.0,5294.00153478854
NestedModelComparison.MessagePackV4Encode/OrderCount=64,1,WorkloadResult,7,93824,495446800.0,5280.597714870396
NestedModelComparison.MessagePackV4Encode/OrderCount=64,2,OverheadActual,1,95808,257700.0,2.689754509018036
NestedModelComparison.MessagePackV4Encode/OrderCount=64,2,OverheadActual,2,95808,256100.0,2.6730544422177687
NestedModelComparison.MessagePackV4Encode/OrderCount=64,2,OverheadActual,3,95808,252300.0,2.6333917835671343
NestedModelComparison.MessagePackV4Encode/OrderCount=64,2,OverheadActual,4,95808,244200.0,2.5488476953907817
NestedModelComparison.MessagePackV4Encode/OrderCount=64,2,OverheadActual,5,95808,258000.0,2.6928857715430863
NestedModelComparison.MessagePackV4Encode/OrderCount=64,2,OverheadActual,6,95808,248600.0,2.5947728790915163
NestedModelComparison.MessagePackV4Encode/OrderCount=64,2,OverheadActual,7,95808,247200.0,2.5801603206412826
NestedModelComparison.MessagePackV4Encode/OrderCount=64,2,OverheadActual,8,95808,242600.0,2.5321476285905145
NestedModelComparison.MessagePackV4Encode/OrderCount=64,2,OverheadActual,9,95808,248300.0,2.5916416165664664
NestedModelComparison.MessagePackV4Encode/OrderCount=64,2,OverheadActual,10,95808,258900.0,2.7022795591182365
NestedModelComparison.MessagePackV4Encode/OrderCount=64,2,OverheadActual,11,95808,243100.0,2.537366399465598
NestedModelComparison.MessagePackV4Encode/OrderCount=64,2,OverheadActual,12,95808,252800.0,2.638610554442218
NestedModelComparison.MessagePackV4Encode/OrderCount=64,2,OverheadActual,13,95808,243000.0,2.536322645290581
NestedModelComparison.MessagePackV4Encode/OrderCount=64,2,OverheadActual,14,95808,245300.0,2.5603289913159655
NestedModelComparison.MessagePackV4Encode/OrderCount=64,2,OverheadActual,15,95808,246800.0,2.575985303941216
NestedModelComparison.MessagePackV4Encode/OrderCount=64,2,WorkloadActual,1,95808,506873500.0,5290.513318303273
NestedModelComparison.MessagePackV4Encode/OrderCount=64,2,WorkloadActual,2,95808,500589500.0,5224.923805945224
NestedModelComparison.MessagePackV4Encode/OrderCount=64,2,WorkloadActual,3,95808,505090400.0,5271.90213760855
NestedModelComparison.MessagePackV4Encode/OrderCount=64,2,WorkloadActual,4,95808,514931100.0,5374.614854709419
NestedModelComparison.MessagePackV4Encode/OrderCount=64,2,WorkloadActual,5,95808,512882600.0,5353.233550434202
NestedModelComparison.MessagePackV4Encode/OrderCount=64,2,WorkloadActual,6,95808,514696400.0,5372.165163660655
NestedModelComparison.MessagePackV4Encode/OrderCount=64,2,WorkloadActual,7,95808,501485800.0,5234.278974615899
NestedModelComparison.MessagePackV4Encode/OrderCount=64,2,WorkloadActual,8,95808,501187100.0,5231.161280895123
NestedModelComparison.MessagePackV4Encode/OrderCount=64,2,WorkloadResult,1,95808,506625200.0,5287.921676686707
NestedModelComparison.MessagePackV4Encode/OrderCount=64,2,WorkloadResult,2,95808,500341200.0,5222.332164328657
NestedModelComparison.MessagePackV4Encode/OrderCount=64,2,WorkloadResult,3,95808,504842100.0,5269.310495991984
NestedModelComparison.MessagePackV4Encode/OrderCount=64,2,WorkloadResult,4,95808,514682800.0,5372.0232130928525
NestedModelComparison.MessagePackV4Encode/OrderCount=64,2,WorkloadResult,5,95808,512634300.0,5350.641908817635
NestedModelComparison.MessagePackV4Encode/OrderCount=64,2,WorkloadResult,6,95808,514448100.0,5369.573522044088
NestedModelComparison.MessagePackV4Encode/OrderCount=64,2,WorkloadResult,7,95808,501237500.0,5231.687332999332
NestedModelComparison.MessagePackV4Encode/OrderCount=64,2,WorkloadResult,8,95808,500938800.0,5228.569639278557
NestedModelComparison.REDoxEncode/OrderCount=64,1,OverheadActual,1,27728,71500.0,2.5786208886324293
NestedModelComparison.REDoxEncode/OrderCount=64,1,OverheadActual,2,27728,71400.0,2.5750144258511254
NestedModelComparison.REDoxEncode/OrderCount=64,1,OverheadActual,3,27728,71100.0,2.564195037507213
NestedModelComparison.REDoxEncode/OrderCount=64,1,OverheadActual,4,27728,73700.0,2.6579630698211196
NestedModelComparison.REDoxEncode/OrderCount=64,1,OverheadActual,5,27728,73900.0,2.6651759953837275
NestedModelComparison.REDoxEncode/OrderCount=64,1,OverheadActual,6,27728,70900.0,2.556982111944605
NestedModelComparison.REDoxEncode/OrderCount=64,1,OverheadActual,7,27728,76300.0,2.751731102135026
NestedModelComparison.REDoxEncode/OrderCount=64,1,OverheadActual,8,27728,72500.0,2.61468551644547
NestedModelComparison.REDoxEncode/OrderCount=64,1,OverheadActual,9,27728,70500.0,2.542556260819388
NestedModelComparison.REDoxEncode/OrderCount=64,1,OverheadActual,10,27728,70100.0,2.528130409694172
NestedModelComparison.REDoxEncode/OrderCount=64,1,OverheadActual,11,27728,71600.0,2.5822273514137333
NestedModelComparison.REDoxEncode/OrderCount=64,1,OverheadActual,12,27728,72800.0,2.6255049047893824
NestedModelComparison.REDoxEncode/OrderCount=64,1,OverheadActual,13,27728,73100.0,2.636324293133295
NestedModelComparison.REDoxEncode/OrderCount=64,1,OverheadActual,14,27728,75900.0,2.7373052510098095
NestedModelComparison.REDoxEncode/OrderCount=64,1,OverheadActual,15,27728,76700.0,2.7661569532602424
NestedModelComparison.REDoxEncode/OrderCount=64,1,WorkloadActual,1,27728,514228900.0,18545.473889209465
NestedModelComparison.REDoxEncode/OrderCount=64,1,WorkloadActual,2,27728,507452000.0,18301.067512983267
NestedModelComparison.REDoxEncode/OrderCount=64,1,WorkloadActual,3,27728,509067900.0,18359.344345066358
NestedModelComparison.REDoxEncode/OrderCount=64,1,WorkloadActual,4,27728,510550200.0,18412.80294287363
NestedModelComparison.REDoxEncode/OrderCount=64,1,WorkloadActual,5,27728,512833600.0,18495.152914021928
NestedModelComparison.REDoxEncode/OrderCount=64,1,WorkloadActual,6,27728,516762100.0,18636.83280438546
NestedModelComparison.REDoxEncode/OrderCount=64,1,WorkloadActual,7,27728,510308600.0,18404.089728794
NestedModelComparison.REDoxEncode/OrderCount=64,1,WorkloadActual,8,27728,508635200.0,18343.739180611658
NestedModelComparison.REDoxEncode/OrderCount=64,1,WorkloadResult,1,27728,514156400.0,18542.859203693017
NestedModelComparison.REDoxEncode/OrderCount=64,1,WorkloadResult,2,27728,507379500.0,18298.45282746682
NestedModelComparison.REDoxEncode/OrderCount=64,1,WorkloadResult,3,27728,508995400.0,18356.729659549914
NestedModelComparison.REDoxEncode/OrderCount=64,1,WorkloadResult,4,27728,510477700.0,18410.188257357186
NestedModelComparison.REDoxEncode/OrderCount=64,1,WorkloadResult,5,27728,512761100.0,18492.53822850548
NestedModelComparison.REDoxEncode/OrderCount=64,1,WorkloadResult,6,27728,516689600.0,18634.218118869012
NestedModelComparison.REDoxEncode/OrderCount=64,1,WorkloadResult,7,27728,510236100.0,18401.475043277555
NestedModelComparison.REDoxEncode/OrderCount=64,1,WorkloadResult,8,27728,508562700.0,18341.12449509521
NestedModelComparison.REDoxEncode/OrderCount=64,2,OverheadActual,1,27488,72800.0,2.6484284051222353
NestedModelComparison.REDoxEncode/OrderCount=64,2,OverheadActual,2,27488,73400.0,2.670256111757858
NestedModelComparison.REDoxEncode/OrderCount=64,2,OverheadActual,3,27488,70400.0,2.561117578579744
NestedModelComparison.REDoxEncode/OrderCount=64,2,OverheadActual,4,27488,70600.0,2.568393480791618
NestedModelComparison.REDoxEncode/OrderCount=64,2,OverheadActual,5,27488,70700.0,2.5720314318975555
NestedModelComparison.REDoxEncode/OrderCount=64,2,OverheadActual,6,27488,70000.0,2.5465657741559955
NestedModelComparison.REDoxEncode/OrderCount=64,2,OverheadActual,7,27488,115600.0,4.20547147846333
NestedModelComparison.REDoxEncode/OrderCount=64,2,OverheadActual,8,27488,73600.0,2.6775320139697323
NestedModelComparison.REDoxEncode/OrderCount=64,2,OverheadActual,9,27488,71700.0,2.6084109429569264
NestedModelComparison.REDoxEncode/OrderCount=64,2,OverheadActual,10,27488,69900.0,2.542927823050058
NestedModelComparison.REDoxEncode/OrderCount=64,2,OverheadActual,11,27488,72900.0,2.6520663562281723
NestedModelComparison.REDoxEncode/OrderCount=64,2,OverheadActual,12,27488,71200.0,2.590221187427241
NestedModelComparison.REDoxEncode/OrderCount=64,2,OverheadActual,13,27488,70900.0,2.5793073341094295
NestedModelComparison.REDoxEncode/OrderCount=64,2,OverheadActual,14,27488,69300.0,2.5211001164144355
NestedModelComparison.REDoxEncode/OrderCount=64,2,OverheadActual,15,27488,70400.0,2.561117578579744
NestedModelComparison.REDoxEncode/OrderCount=64,2,WorkloadActual,1,27488,500958700.0,18224.6325669383
NestedModelComparison.REDoxEncode/OrderCount=64,2,WorkloadActual,2,27488,506611800.0,18430.289580908033
NestedModelComparison.REDoxEncode/OrderCount=64,2,WorkloadActual,3,27488,503826900.0,18328.97628055879
NestedModelComparison.REDoxEncode/OrderCount=64,2,WorkloadActual,4,27488,510498200.0,18571.674912689174
NestedModelComparison.REDoxEncode/OrderCount=64,2,WorkloadActual,5,27488,501369900.0,18239.591821885915
NestedModelComparison.REDoxEncode/OrderCount=64,2,WorkloadActual,6,27488,505400300.0,18386.215803259605
NestedModelComparison.REDoxEncode/OrderCount=64,2,WorkloadActual,7,27488,496889100.0,18076.582508731084
NestedModelComparison.REDoxEncode/OrderCount=64,2,WorkloadActual,8,27488,505341000.0,18384.058498253784
NestedModelComparison.REDoxEncode/OrderCount=64,2,WorkloadResult,1,27488,500887800.0,18222.053259604192
NestedModelComparison.REDoxEncode/OrderCount=64,2,WorkloadResult,2,27488,506540900.0,18427.710273573924
NestedModelComparison.REDoxEncode/OrderCount=64,2,WorkloadResult,3,27488,503756000.0,18326.39697322468
NestedModelComparison.REDoxEncode/OrderCount=64,2,WorkloadResult,4,27488,510427300.0,18569.095605355065
NestedModelComparison.REDoxEncode/OrderCount=64,2,WorkloadResult,5,27488,501299000.0,18237.012514551803
NestedModelComparison.REDoxEncode/OrderCount=64,2,WorkloadResult,6,27488,505329400.0,18383.636495925493
NestedModelComparison.REDoxEncode/OrderCount=64,2,WorkloadResult,7,27488,496818200.0,18074.003201396972
NestedModelComparison.REDoxEncode/OrderCount=64,2,WorkloadResult,8,27488,505270100.0,18381.479190919676
NestedModelComparison.SystemFormatsEncode/OrderCount=64,1,OverheadActual,1,12320,32400.0,2.6298701298701297
NestedModelComparison.SystemFormatsEncode/OrderCount=64,1,OverheadActual,2,12320,34200.0,2.7759740259740258
NestedModelComparison.SystemFormatsEncode/OrderCount=64,1,OverheadActual,3,12320,33200.0,2.6948051948051948
NestedModelComparison.SystemFormatsEncode/OrderCount=64,1,OverheadActual,4,12320,34300.0,2.784090909090909
NestedModelComparison.SystemFormatsEncode/OrderCount=64,1,OverheadActual,5,12320,33700.0,2.7353896103896105
NestedModelComparison.SystemFormatsEncode/OrderCount=64,1,OverheadActual,6,12320,32200.0,2.6136363636363638
NestedModelComparison.SystemFormatsEncode/OrderCount=64,1,OverheadActual,7,12320,33000.0,2.6785714285714284
NestedModelComparison.SystemFormatsEncode/OrderCount=64,1,OverheadActual,8,12320,32000.0,2.5974025974025974
NestedModelComparison.SystemFormatsEncode/OrderCount=64,1,OverheadActual,9,12320,33400.0,2.711038961038961
NestedModelComparison.SystemFormatsEncode/OrderCount=64,1,OverheadActual,10,12320,44400.0,3.603896103896104
NestedModelComparison.SystemFormatsEncode/OrderCount=64,1,OverheadActual,11,12320,33100.0,2.686688311688312
NestedModelComparison.SystemFormatsEncode/OrderCount=64,1,OverheadActual,12,12320,35900.0,2.913961038961039
NestedModelComparison.SystemFormatsEncode/OrderCount=64,1,OverheadActual,13,12320,32000.0,2.5974025974025974
NestedModelComparison.SystemFormatsEncode/OrderCount=64,1,OverheadActual,14,12320,32600.0,2.646103896103896
NestedModelComparison.SystemFormatsEncode/OrderCount=64,1,OverheadActual,15,12320,31700.0,2.573051948051948
NestedModelComparison.SystemFormatsEncode/OrderCount=64,1,WorkloadActual,1,12320,503878800.0,40899.253246753244
NestedModelComparison.SystemFormatsEncode/OrderCount=64,1,WorkloadActual,2,12320,499522000.0,40545.61688311688
NestedModelComparison.SystemFormatsEncode/OrderCount=64,1,WorkloadActual,3,12320,498270500.0,40444.03409090909
NestedModelComparison.SystemFormatsEncode/OrderCount=64,1,WorkloadActual,4,12320,495640800.0,40230.58441558442
NestedModelComparison.SystemFormatsEncode/OrderCount=64,1,WorkloadActual,5,12320,498677900.0,40477.10227272727
NestedModelComparison.SystemFormatsEncode/OrderCount=64,1,WorkloadActual,6,12320,500071500.0,40590.219155844155
NestedModelComparison.SystemFormatsEncode/OrderCount=64,1,WorkloadActual,7,12320,508645000.0,41286.12012987013
NestedModelComparison.SystemFormatsEncode/OrderCount=64,1,WorkloadActual,8,12320,501681800.0,40720.92532467532
NestedModelComparison.SystemFormatsEncode/OrderCount=64,1,WorkloadResult,1,12320,503845700.0,40896.56655844156
NestedModelComparison.SystemFormatsEncode/OrderCount=64,1,WorkloadResult,2,12320,499488900.0,40542.930194805194
NestedModelComparison.SystemFormatsEncode/OrderCount=64,1,WorkloadResult,3,12320,498237400.0,40441.3474025974
NestedModelComparison.SystemFormatsEncode/OrderCount=64,1,WorkloadResult,4,12320,495607700.0,40227.89772727273
NestedModelComparison.SystemFormatsEncode/OrderCount=64,1,WorkloadResult,5,12320,498644800.0,40474.41558441558
NestedModelComparison.SystemFormatsEncode/OrderCount=64,1,WorkloadResult,6,12320,500038400.0,40587.53246753247
NestedModelComparison.SystemFormatsEncode/OrderCount=64,1,WorkloadResult,7,12320,501648700.0,40718.23863636364
NestedModelComparison.SystemFormatsEncode/OrderCount=64,2,OverheadActual,1,12096,31700.0,2.620701058201058
NestedModelComparison.SystemFormatsEncode/OrderCount=64,2,OverheadActual,2,12096,32300.0,2.670304232804233
NestedModelComparison.SystemFormatsEncode/OrderCount=64,2,OverheadActual,3,12096,32700.0,2.703373015873016
NestedModelComparison.SystemFormatsEncode/OrderCount=64,2,OverheadActual,4,12096,31800.0,2.628968253968254
NestedModelComparison.SystemFormatsEncode/OrderCount=64,2,OverheadActual,5,12096,32600.0,2.69510582010582
NestedModelComparison.SystemFormatsEncode/OrderCount=64,2,OverheadActual,6,12096,33100.0,2.736441798941799
NestedModelComparison.SystemFormatsEncode/OrderCount=64,2,OverheadActual,7,12096,32400.0,2.6785714285714284
NestedModelComparison.SystemFormatsEncode/OrderCount=64,2,OverheadActual,8,12096,31700.0,2.620701058201058
NestedModelComparison.SystemFormatsEncode/OrderCount=64,2,OverheadActual,9,12096,32100.0,2.6537698412698414
NestedModelComparison.SystemFormatsEncode/OrderCount=64,2,OverheadActual,10,12096,32000.0,2.6455026455026456
NestedModelComparison.SystemFormatsEncode/OrderCount=64,2,OverheadActual,11,12096,32000.0,2.6455026455026456
NestedModelComparison.SystemFormatsEncode/OrderCount=64,2,OverheadActual,12,12096,32700.0,2.703373015873016
NestedModelComparison.SystemFormatsEncode/OrderCount=64,2,OverheadActual,13,12096,32400.0,2.6785714285714284
NestedModelComparison.SystemFormatsEncode/OrderCount=64,2,OverheadActual,14,12096,33800.0,2.7943121693121693
NestedModelComparison.SystemFormatsEncode/OrderCount=64,2,OverheadActual,15,12096,33000.0,2.7281746031746033
NestedModelComparison.SystemFormatsEncode/OrderCount=64,2,WorkloadActual,1,12096,515847600.0,42646.130952380954
NestedModelComparison.SystemFormatsEncode/OrderCount=64,2,WorkloadActual,2,12096,510991800.0,42244.69246031746
NestedModelComparison.SystemFormatsEncode/OrderCount=64,2,WorkloadActual,3,12096,508464000.0,42035.71428571428
NestedModelComparison.SystemFormatsEncode/OrderCount=64,2,WorkloadActual,4,12096,505879100.0,41822.015542328045
NestedModelComparison.SystemFormatsEncode/OrderCount=64,2,WorkloadActual,5,12096,507026900.0,41916.90641534392
NestedModelComparison.SystemFormatsEncode/OrderCount=64,2,WorkloadActual,6,12096,507698900.0,41972.46197089947
NestedModelComparison.SystemFormatsEncode/OrderCount=64,2,WorkloadActual,7,12096,511323900.0,42272.14781746032
NestedModelComparison.SystemFormatsEncode/OrderCount=64,2,WorkloadActual,8,12096,515223700.0,42594.55191798942
NestedModelComparison.SystemFormatsEncode/OrderCount=64,2,WorkloadResult,1,12096,515815200.0,42643.45238095238
NestedModelComparison.SystemFormatsEncode/OrderCount=64,2,WorkloadResult,2,12096,510959400.0,42242.01388888889
NestedModelComparison.SystemFormatsEncode/OrderCount=64,2,WorkloadResult,3,12096,508431600.0,42033.03571428572
NestedModelComparison.SystemFormatsEncode/OrderCount=64,2,WorkloadResult,4,12096,505846700.0,41819.33697089947
NestedModelComparison.SystemFormatsEncode/OrderCount=64,2,WorkloadResult,5,12096,506994500.0,41914.227843915345
NestedModelComparison.SystemFormatsEncode/OrderCount=64,2,WorkloadResult,6,12096,507666500.0,41969.7833994709
NestedModelComparison.SystemFormatsEncode/OrderCount=64,2,WorkloadResult,7,12096,511291500.0,42269.469246031746
NestedModelComparison.SystemFormatsEncode/OrderCount=64,2,WorkloadResult,8,12096,515191300.0,42591.873346560846
NestedModelComparison.PeterOEncode/OrderCount=64,1,OverheadActual,1,2192,6200.0,2.8284671532846715
NestedModelComparison.PeterOEncode/OrderCount=64,1,OverheadActual,2,2192,6300.0,2.874087591240876
NestedModelComparison.PeterOEncode/OrderCount=64,1,OverheadActual,3,2192,6200.0,2.8284671532846715
NestedModelComparison.PeterOEncode/OrderCount=64,1,OverheadActual,4,2192,6300.0,2.874087591240876
NestedModelComparison.PeterOEncode/OrderCount=64,1,OverheadActual,5,2192,6200.0,2.8284671532846715
NestedModelComparison.PeterOEncode/OrderCount=64,1,OverheadActual,6,2192,6200.0,2.8284671532846715
NestedModelComparison.PeterOEncode/OrderCount=64,1,OverheadActual,7,2192,6300.0,2.874087591240876
NestedModelComparison.PeterOEncode/OrderCount=64,1,OverheadActual,8,2192,6100.0,2.7828467153284673
NestedModelComparison.PeterOEncode/OrderCount=64,1,OverheadActual,9,2192,6000.0,2.7372262773722627
NestedModelComparison.PeterOEncode/OrderCount=64,1,OverheadActual,10,2192,6000.0,2.7372262773722627
NestedModelComparison.PeterOEncode/OrderCount=64,1,OverheadActual,11,2192,6000.0,2.7372262773722627
NestedModelComparison.PeterOEncode/OrderCount=64,1,OverheadActual,12,2192,5800.0,2.645985401459854
NestedModelComparison.PeterOEncode/OrderCount=64,1,OverheadActual,13,2192,6100.0,2.7828467153284673
NestedModelComparison.PeterOEncode/OrderCount=64,1,OverheadActual,14,2192,6100.0,2.7828467153284673
NestedModelComparison.PeterOEncode/OrderCount=64,1,OverheadActual,15,2192,6100.0,2.7828467153284673
NestedModelComparison.PeterOEncode/OrderCount=64,1,WorkloadActual,1,2192,503907200.0,229884.67153284673
NestedModelComparison.PeterOEncode/OrderCount=64,1,WorkloadActual,2,2192,512094800.0,233619.8905109489
NestedModelComparison.PeterOEncode/OrderCount=64,1,WorkloadActual,3,2192,507997500.0,231750.68430656934
NestedModelComparison.PeterOEncode/OrderCount=64,1,WorkloadActual,4,2192,493123600.0,224965.14598540147
NestedModelComparison.PeterOEncode/OrderCount=64,1,WorkloadActual,5,2192,497958400.0,227170.80291970802
NestedModelComparison.PeterOEncode/OrderCount=64,1,WorkloadActual,6,2192,498789700.0,227550.04562043794
NestedModelComparison.PeterOEncode/OrderCount=64,1,WorkloadActual,7,2192,505049800.0,230405.9306569343
NestedModelComparison.PeterOEncode/OrderCount=64,1,WorkloadActual,8,2192,508028400.0,231764.7810218978
NestedModelComparison.PeterOEncode/OrderCount=64,1,WorkloadResult,1,2192,503901100.0,229881.8886861314
NestedModelComparison.PeterOEncode/OrderCount=64,1,WorkloadResult,2,2192,512088700.0,233617.10766423357
NestedModelComparison.PeterOEncode/OrderCount=64,1,WorkloadResult,3,2192,507991400.0,231747.901459854
NestedModelComparison.PeterOEncode/OrderCount=64,1,WorkloadResult,4,2192,493117500.0,224962.36313868614
NestedModelComparison.PeterOEncode/OrderCount=64,1,WorkloadResult,5,2192,497952300.0,227168.0200729927
NestedModelComparison.PeterOEncode/OrderCount=64,1,WorkloadResult,6,2192,498783600.0,227547.2627737226
NestedModelComparison.PeterOEncode/OrderCount=64,1,WorkloadResult,7,2192,505043700.0,230403.14781021897
NestedModelComparison.PeterOEncode/OrderCount=64,1,WorkloadResult,8,2192,508022300.0,231761.9981751825
NestedModelComparison.PeterOEncode/OrderCount=64,2,OverheadActual,1,2288,6600.0,2.8846153846153846
NestedModelComparison.PeterOEncode/OrderCount=64,2,OverheadActual,2,2288,6300.0,2.7534965034965033
NestedModelComparison.PeterOEncode/OrderCount=64,2,OverheadActual,3,2288,6500.0,2.840909090909091
NestedModelComparison.PeterOEncode/OrderCount=64,2,OverheadActual,4,2288,6500.0,2.840909090909091
NestedModelComparison.PeterOEncode/OrderCount=64,2,OverheadActual,5,2288,6600.0,2.8846153846153846
NestedModelComparison.PeterOEncode/OrderCount=64,2,OverheadActual,6,2288,6400.0,2.797202797202797
NestedModelComparison.PeterOEncode/OrderCount=64,2,OverheadActual,7,2288,6600.0,2.8846153846153846
NestedModelComparison.PeterOEncode/OrderCount=64,2,OverheadActual,8,2288,6100.0,2.6660839160839163
NestedModelComparison.PeterOEncode/OrderCount=64,2,OverheadActual,9,2288,6200.0,2.7097902097902096
NestedModelComparison.PeterOEncode/OrderCount=64,2,OverheadActual,10,2288,6100.0,2.6660839160839163
NestedModelComparison.PeterOEncode/OrderCount=64,2,OverheadActual,11,2288,6100.0,2.6660839160839163
NestedModelComparison.PeterOEncode/OrderCount=64,2,OverheadActual,12,2288,6100.0,2.6660839160839163
NestedModelComparison.PeterOEncode/OrderCount=64,2,OverheadActual,13,2288,6100.0,2.6660839160839163
NestedModelComparison.PeterOEncode/OrderCount=64,2,OverheadActual,14,2288,6300.0,2.7534965034965033
NestedModelComparison.PeterOEncode/OrderCount=64,2,OverheadActual,15,2288,6400.0,2.797202797202797
NestedModelComparison.PeterOEncode/OrderCount=64,2,WorkloadActual,1,2288,521982500.0,228139.20454545456
NestedModelComparison.PeterOEncode/OrderCount=64,2,WorkloadActual,2,2288,519284400.0,226959.96503496505
NestedModelComparison.PeterOEncode/OrderCount=64,2,WorkloadActual,3,2288,516681200.0,225822.2027972028
NestedModelComparison.PeterOEncode/OrderCount=64,2,WorkloadActual,4,2288,523055200.0,228608.04195804195
NestedModelComparison.PeterOEncode/OrderCount=64,2,WorkloadActual,5,2288,530828200.0,232005.33216783218
NestedModelComparison.PeterOEncode/OrderCount=64,2,WorkloadActual,6,2288,528419000.0,230952.36013986013
NestedModelComparison.PeterOEncode/OrderCount=64,2,WorkloadActual,7,2288,531199800.0,232167.74475524476
NestedModelComparison.PeterOEncode/OrderCount=64,2,WorkloadActual,8,2288,520955400.0,227690.2972027972
NestedModelComparison.PeterOEncode/OrderCount=64,2,WorkloadResult,1,2288,521976200.0,228136.45104895104
NestedModelComparison.PeterOEncode/OrderCount=64,2,WorkloadResult,2,2288,519278100.0,226957.21153846153
NestedModelComparison.PeterOEncode/OrderCount=64,2,WorkloadResult,3,2288,516674900.0,225819.4493006993
NestedModelComparison.PeterOEncode/OrderCount=64,2,WorkloadResult,4,2288,523048900.0,228605.28846153847
NestedModelComparison.PeterOEncode/OrderCount=64,2,WorkloadResult,5,2288,530821900.0,232002.57867132867
NestedModelComparison.PeterOEncode/OrderCount=64,2,WorkloadResult,6,2288,528412700.0,230949.60664335664
NestedModelComparison.PeterOEncode/OrderCount=64,2,WorkloadResult,7,2288,531193500.0,232164.99125874127
NestedModelComparison.PeterOEncode/OrderCount=64,2,WorkloadResult,8,2288,520949100.0,227687.5437062937
StringMapComparison.CborDecode,1,OverheadActual,1,12112,29400.0,2.427344782034346
StringMapComparison.CborDecode,1,OverheadActual,2,12112,33200.0,2.7410832232496696
StringMapComparison.CborDecode,1,OverheadActual,3,12112,28800.0,2.3778071334214004
StringMapComparison.CborDecode,1,OverheadActual,4,12112,29400.0,2.427344782034346
StringMapComparison.CborDecode,1,OverheadActual,5,12112,29300.0,2.419088507265522
StringMapComparison.CborDecode,1,OverheadActual,6,12112,29000.0,2.3943196829590487
StringMapComparison.CborDecode,1,OverheadActual,7,12112,28900.0,2.3860634081902248
StringMapComparison.CborDecode,1,OverheadActual,8,12112,29900.0,2.4686261558784675
StringMapComparison.CborDecode,1,OverheadActual,9,12112,28900.0,2.3860634081902248
StringMapComparison.CborDecode,1,OverheadActual,10,12112,29300.0,2.419088507265522
StringMapComparison.CborDecode,1,OverheadActual,11,12112,28900.0,2.3860634081902248
StringMapComparison.CborDecode,1,OverheadActual,12,12112,29200.0,2.4108322324966975
StringMapComparison.CborDecode,1,OverheadActual,13,12112,28600.0,2.3612945838837516
StringMapComparison.CborDecode,1,OverheadActual,14,12112,28700.0,2.369550858652576
StringMapComparison.CborDecode,1,OverheadActual,15,12112,28100.0,2.32001321003963
StringMapComparison.CborDecode,1,WorkloadActual,1,12112,490137800.0,40467.123513870545
StringMapComparison.CborDecode,1,WorkloadActual,2,12112,499834600.0,41267.717965653894
StringMapComparison.CborDecode,1,WorkloadActual,3,12112,487426900.0,40243.30416116249
StringMapComparison.CborDecode,1,WorkloadActual,4,12112,497844100.0,41103.37681638045
StringMapComparison.CborDecode,1,WorkloadActual,5,12112,488708500.0,40349.11657859974
StringMapComparison.CborDecode,1,WorkloadActual,6,12112,495560400.0,40914.82826948481
StringMapComparison.CborDecode,1,WorkloadActual,7,12112,501114800.0,41373.41479524439
StringMapComparison.CborDecode,1,WorkloadActual,8,12112,497173900.0,41048.043262879786
StringMapComparison.CborDecode,1,WorkloadResult,1,12112,490108800.0,40464.72919418758
StringMapComparison.CborDecode,1,WorkloadResult,2,12112,499805600.0,41265.32364597094
StringMapComparison.CborDecode,1,WorkloadResult,3,12112,487397900.0,40240.90984147952
StringMapComparison.CborDecode,1,WorkloadResult,4,12112,497815100.0,41100.98249669749
StringMapComparison.CborDecode,1,WorkloadResult,5,12112,488679500.0,40346.72225891678
StringMapComparison.CborDecode,1,WorkloadResult,6,12112,495531400.0,40912.43394980185
StringMapComparison.CborDecode,1,WorkloadResult,7,12112,501085800.0,41371.020475561425
StringMapComparison.CborDecode,1,WorkloadResult,8,12112,497144900.0,41045.64894319683
StringMapComparison.CborDecode,2,OverheadActual,1,12160,30300.0,2.491776315789474
StringMapComparison.CborDecode,2,OverheadActual,2,12160,29500.0,2.4259868421052633
StringMapComparison.CborDecode,2,OverheadActual,3,12160,29400.0,2.4177631578947367
StringMapComparison.CborDecode,2,OverheadActual,4,12160,29200.0,2.401315789473684
StringMapComparison.CborDecode,2,OverheadActual,5,12160,29200.0,2.401315789473684
StringMapComparison.CborDecode,2,OverheadActual,6,12160,31200.0,2.5657894736842106
StringMapComparison.CborDecode,2,OverheadActual,7,12160,29100.0,2.393092105263158
StringMapComparison.CborDecode,2,OverheadActual,8,12160,29200.0,2.401315789473684
StringMapComparison.CborDecode,2,OverheadActual,9,12160,28900.0,2.3766447368421053
StringMapComparison.CborDecode,2,OverheadActual,10,12160,28900.0,2.3766447368421053
StringMapComparison.CborDecode,2,OverheadActual,11,12160,28400.0,2.335526315789474
StringMapComparison.CborDecode,2,OverheadActual,12,12160,29600.0,2.4342105263157894
StringMapComparison.CborDecode,2,OverheadActual,13,12160,28900.0,2.3766447368421053
StringMapComparison.CborDecode,2,OverheadActual,14,12160,28500.0,2.34375
StringMapComparison.CborDecode,2,OverheadActual,15,12160,30600.0,2.5164473684210527
StringMapComparison.CborDecode,2,WorkloadActual,1,12160,525882500.0,43246.91611842105
StringMapComparison.CborDecode,2,WorkloadActual,2,12160,499527800.0,41079.58881578947
StringMapComparison.CborDecode,2,WorkloadActual,3,12160,495052700.0,40711.57072368421
StringMapComparison.CborDecode,2,WorkloadActual,4,12160,495072300.0,40713.18256578947
StringMapComparison.CborDecode,2,WorkloadActual,5,12160,508376100.0,41807.24506578947
StringMapComparison.CborDecode,2,WorkloadActual,6,12160,492618100.0,40511.35690789474
StringMapComparison.CborDecode,2,WorkloadActual,7,12160,506793900.0,41677.12993421053
StringMapComparison.CborDecode,2,WorkloadActual,8,12160,508504600.0,41817.8125
StringMapComparison.CborDecode,2,WorkloadResult,1,12160,525853300.0,43244.51480263158
StringMapComparison.CborDecode,2,WorkloadResult,2,12160,499498600.0,41077.1875
StringMapComparison.CborDecode,2,WorkloadResult,3,12160,495023500.0,40709.16940789474
StringMapComparison.CborDecode,2,WorkloadResult,4,12160,495043100.0,40710.78125
StringMapComparison.CborDecode,2,WorkloadResult,5,12160,508346900.0,41804.84375
StringMapComparison.CborDecode,2,WorkloadResult,6,12160,492588900.0,40508.95559210526
StringMapComparison.CborDecode,2,WorkloadResult,7,12160,506764700.0,41674.72861842105
StringMapComparison.CborDecode,2,WorkloadResult,8,12160,508475400.0,41815.41118421053
StringMapComparison.MessagePackV4Decode,1,OverheadActual,1,19072,46000.0,2.4119127516778525
StringMapComparison.MessagePackV4Decode,1,OverheadActual,2,19072,50700.0,2.6583473154362416
StringMapComparison.MessagePackV4Decode,1,OverheadActual,3,19072,46000.0,2.4119127516778525
StringMapComparison.MessagePackV4Decode,1,OverheadActual,4,19072,47800.0,2.5062919463087248
StringMapComparison.MessagePackV4Decode,1,OverheadActual,5,19072,45900.0,2.4066694630872485
StringMapComparison.MessagePackV4Decode,1,OverheadActual,6,19072,45800.0,2.401426174496644
StringMapComparison.MessagePackV4Decode,1,OverheadActual,7,19072,44900.0,2.354236577181208
StringMapComparison.MessagePackV4Decode,1,OverheadActual,8,19072,45400.0,2.380453020134228
StringMapComparison.MessagePackV4Decode,1,OverheadActual,9,19072,46700.0,2.4486157718120807
StringMapComparison.MessagePackV4Decode,1,OverheadActual,10,19072,45300.0,2.3752097315436242
StringMapComparison.MessagePackV4Decode,1,OverheadActual,11,19072,44400.0,2.328020134228188
StringMapComparison.MessagePackV4Decode,1,OverheadActual,12,19072,45300.0,2.3752097315436242
StringMapComparison.MessagePackV4Decode,1,OverheadActual,13,19072,45900.0,2.4066694630872485
StringMapComparison.MessagePackV4Decode,1,OverheadActual,14,19072,45300.0,2.3752097315436242
StringMapComparison.MessagePackV4Decode,1,OverheadActual,15,19072,48100.0,2.522021812080537
StringMapComparison.MessagePackV4Decode,1,WorkloadActual,1,19072,499673500.0,26199.323615771813
StringMapComparison.MessagePackV4Decode,1,WorkloadActual,2,19072,504772400.0,26466.673657718122
StringMapComparison.MessagePackV4Decode,1,WorkloadActual,3,19072,509916300.0,26736.383179530203
StringMapComparison.MessagePackV4Decode,1,WorkloadActual,4,19072,505585200.0,26509.29110738255
StringMapComparison.MessagePackV4Decode,1,WorkloadActual,5,19072,504797800.0,26468.005453020134
StringMapComparison.MessagePackV4Decode,1,WorkloadActual,6,19072,503923500.0,26422.163380872484
StringMapComparison.MessagePackV4Decode,1,WorkloadActual,7,19072,497952100.0,26109.065645973154
StringMapComparison.MessagePackV4Decode,1,WorkloadActual,8,19072,504985900.0,26477.86807885906
StringMapComparison.MessagePackV4Decode,1,WorkloadResult,1,19072,499627600.0,26196.916946308724
StringMapComparison.MessagePackV4Decode,1,WorkloadResult,2,19072,504726500.0,26464.266988255033
StringMapComparison.MessagePackV4Decode,1,WorkloadResult,3,19072,505539300.0,26506.884437919463
StringMapComparison.MessagePackV4Decode,1,WorkloadResult,4,19072,504751900.0,26465.59878355705
StringMapComparison.MessagePackV4Decode,1,WorkloadResult,5,19072,503877600.0,26419.756711409394
StringMapComparison.MessagePackV4Decode,1,WorkloadResult,6,19072,497906200.0,26106.65897651007
StringMapComparison.MessagePackV4Decode,1,WorkloadResult,7,19072,504940000.0,26475.46140939597
StringMapComparison.MessagePackV4Decode,2,OverheadActual,1,19328,47000.0,2.431705298013245
StringMapComparison.MessagePackV4Decode,2,OverheadActual,2,19328,47500.0,2.457574503311258
StringMapComparison.MessagePackV4Decode,2,OverheadActual,3,19328,47000.0,2.431705298013245
StringMapComparison.MessagePackV4Decode,2,OverheadActual,4,19328,45600.0,2.359271523178808
StringMapComparison.MessagePackV4Decode,2,OverheadActual,5,19328,46400.0,2.4006622516556293
StringMapComparison.MessagePackV4Decode,2,OverheadActual,6,19328,46000.0,2.3799668874172184
StringMapComparison.MessagePackV4Decode,2,OverheadActual,7,19328,45100.0,2.3334023178807946
StringMapComparison.MessagePackV4Decode,2,OverheadActual,8,19328,63400.0,3.2802152317880795
StringMapComparison.MessagePackV4Decode,2,OverheadActual,9,19328,45400.0,2.3489238410596025
StringMapComparison.MessagePackV4Decode,2,OverheadActual,10,19328,48600.0,2.5144867549668874
StringMapComparison.MessagePackV4Decode,2,OverheadActual,11,19328,45400.0,2.3489238410596025
StringMapComparison.MessagePackV4Decode,2,OverheadActual,12,19328,57100.0,2.9542632450331126
StringMapComparison.MessagePackV4Decode,2,OverheadActual,13,19328,48300.0,2.4989652317880795
StringMapComparison.MessagePackV4Decode,2,OverheadActual,14,19328,44500.0,2.3023592715231787
StringMapComparison.MessagePackV4Decode,2,OverheadActual,15,19328,46300.0,2.3954884105960264
StringMapComparison.MessagePackV4Decode,2,WorkloadActual,1,19328,509923700.0,26382.641763245032
StringMapComparison.MessagePackV4Decode,2,WorkloadActual,2,19328,500416600.0,25890.759519867548
StringMapComparison.MessagePackV4Decode,2,WorkloadActual,3,19328,512670800.0,26524.77235099338
StringMapComparison.MessagePackV4Decode,2,WorkloadActual,4,19328,510728600.0,26424.286009933774
StringMapComparison.MessagePackV4Decode,2,WorkloadActual,5,19328,506455700.0,26203.212955298015
StringMapComparison.MessagePackV4Decode,2,WorkloadActual,6,19328,512878100.0,26535.497723509932
StringMapComparison.MessagePackV4Decode,2,WorkloadActual,7,19328,505285600.0,26142.673841059604
StringMapComparison.MessagePackV4Decode,2,WorkloadActual,8,19328,512855300.0,26534.318087748343
StringMapComparison.MessagePackV4Decode,2,WorkloadResult,1,19328,509877300.0,26380.24110099338
StringMapComparison.MessagePackV4Decode,2,WorkloadResult,2,19328,500370200.0,25888.358857615895
StringMapComparison.MessagePackV4Decode,2,WorkloadResult,3,19328,512624400.0,26522.37168874172
StringMapComparison.MessagePackV4Decode,2,WorkloadResult,4,19328,510682200.0,26421.88534768212
StringMapComparison.MessagePackV4Decode,2,WorkloadResult,5,19328,506409300.0,26200.812293046358
StringMapComparison.MessagePackV4Decode,2,WorkloadResult,6,19328,512831700.0,26533.09706125828
StringMapComparison.MessagePackV4Decode,2,WorkloadResult,7,19328,505239200.0,26140.273178807947
StringMapComparison.MessagePackV4Decode,2,WorkloadResult,8,19328,512808900.0,26531.91742549669
StringMapComparison.REDoxDecode,1,OverheadActual,1,12736,30300.0,2.3790829145728645
StringMapComparison.REDoxDecode,1,OverheadActual,2,12736,31100.0,2.441896984924623
StringMapComparison.REDoxDecode,1,OverheadActual,3,12736,31100.0,2.441896984924623
StringMapComparison.REDoxDecode,1,OverheadActual,4,12736,30400.0,2.386934673366834
StringMapComparison.REDoxDecode,1,OverheadActual,5,12736,30200.0,2.3712311557788945
StringMapComparison.REDoxDecode,1,OverheadActual,6,12736,30700.0,2.4104899497487438
StringMapComparison.REDoxDecode,1,OverheadActual,7,12736,30800.0,2.4183417085427137
StringMapComparison.REDoxDecode,1,OverheadActual,8,12736,30100.0,2.3633793969849246
StringMapComparison.REDoxDecode,1,OverheadActual,9,12736,30100.0,2.3633793969849246
StringMapComparison.REDoxDecode,1,OverheadActual,10,12736,30400.0,2.386934673366834
StringMapComparison.REDoxDecode,1,OverheadActual,11,12736,30500.0,2.394786432160804
StringMapComparison.REDoxDecode,1,OverheadActual,12,12736,30400.0,2.386934673366834
StringMapComparison.REDoxDecode,1,OverheadActual,13,12736,29800.0,2.3398241206030153
StringMapComparison.REDoxDecode,1,OverheadActual,14,12736,29900.0,2.3476758793969847
StringMapComparison.REDoxDecode,1,OverheadActual,15,12736,30400.0,2.386934673366834
StringMapComparison.REDoxDecode,1,WorkloadActual,1,12736,508295900.0,39910.16802763819
StringMapComparison.REDoxDecode,1,WorkloadActual,2,12736,511103300.0,40130.5983040201
StringMapComparison.REDoxDecode,1,WorkloadActual,3,12736,501841900.0,39403.41551507538
StringMapComparison.REDoxDecode,1,WorkloadActual,4,12736,502137100.0,39426.593907035174
StringMapComparison.REDoxDecode,1,WorkloadActual,5,12736,498215800.0,39118.70288944724
StringMapComparison.REDoxDecode,1,WorkloadActual,6,12736,496129100.0,38954.860238693465
StringMapComparison.REDoxDecode,1,WorkloadActual,7,12736,488120000.0,38326.005025125625
StringMapComparison.REDoxDecode,1,WorkloadActual,8,12736,517902500.0,40664.4550879397
StringMapComparison.REDoxDecode,1,WorkloadResult,1,12736,508265500.0,39907.781092964826
StringMapComparison.REDoxDecode,1,WorkloadResult,2,12736,511072900.0,40128.21136934673
StringMapComparison.REDoxDecode,1,WorkloadResult,3,12736,501811500.0,39401.02858040201
StringMapComparison.REDoxDecode,1,WorkloadResult,4,12736,502106700.0,39424.20697236181
StringMapComparison.REDoxDecode,1,WorkloadResult,5,12736,498185400.0,39116.31595477387
StringMapComparison.REDoxDecode,1,WorkloadResult,6,12736,496098700.0,38952.4733040201
StringMapComparison.REDoxDecode,1,WorkloadResult,7,12736,488089600.0,38323.61809045226
StringMapComparison.REDoxDecode,1,WorkloadResult,8,12736,517872100.0,40662.06815326633
StringMapComparison.REDoxDecode,2,OverheadActual,1,12944,31000.0,2.3949320148331275
StringMapComparison.REDoxDecode,2,OverheadActual,2,12944,35400.0,2.7348578491965387
StringMapComparison.REDoxDecode,2,OverheadActual,3,12944,31000.0,2.3949320148331275
StringMapComparison.REDoxDecode,2,OverheadActual,4,12944,30600.0,2.3640296662546354
StringMapComparison.REDoxDecode,2,OverheadActual,5,12944,32000.0,2.4721878862793574
StringMapComparison.REDoxDecode,2,OverheadActual,6,12944,33700.0,2.603522867737948
StringMapComparison.REDoxDecode,2,OverheadActual,7,12944,30600.0,2.3640296662546354
StringMapComparison.REDoxDecode,2,OverheadActual,8,12944,30800.0,2.379480840543881
StringMapComparison.REDoxDecode,2,OverheadActual,9,12944,30500.0,2.3563040791100125
StringMapComparison.REDoxDecode,2,OverheadActual,10,12944,30600.0,2.3640296662546354
StringMapComparison.REDoxDecode,2,OverheadActual,11,12944,30200.0,2.3331273176761433
StringMapComparison.REDoxDecode,2,OverheadActual,12,12944,30800.0,2.379480840543881
StringMapComparison.REDoxDecode,2,OverheadActual,13,12944,31200.0,2.4103831891223733
StringMapComparison.REDoxDecode,2,OverheadActual,14,12944,30800.0,2.379480840543881
StringMapComparison.REDoxDecode,2,OverheadActual,15,12944,31400.0,2.425834363411619
StringMapComparison.REDoxDecode,2,WorkloadActual,1,12944,500810200.0,38690.528430160695
StringMapComparison.REDoxDecode,2,WorkloadActual,2,12944,501835400.0,38769.731149567364
StringMapComparison.REDoxDecode,2,WorkloadActual,3,12944,497936000.0,38468.47960444994
StringMapComparison.REDoxDecode,2,WorkloadActual,4,12944,499382200.0,38580.20704573548
StringMapComparison.REDoxDecode,2,WorkloadActual,5,12944,503693900.0,38913.311186650186
StringMapComparison.REDoxDecode,2,WorkloadActual,6,12944,503380900.0,38889.130098887515
StringMapComparison.REDoxDecode,2,WorkloadActual,7,12944,505103700.0,39022.22651421508
StringMapComparison.REDoxDecode,2,WorkloadActual,8,12944,501364100.0,38733.320457354755
StringMapComparison.REDoxDecode,2,WorkloadResult,1,12944,500779400.0,38688.14894932015
StringMapComparison.REDoxDecode,2,WorkloadResult,2,12944,501804600.0,38767.35166872682
StringMapComparison.REDoxDecode,2,WorkloadResult,3,12944,497905200.0,38466.100123609394
StringMapComparison.REDoxDecode,2,WorkloadResult,4,12944,499351400.0,38577.827564894935
StringMapComparison.REDoxDecode,2,WorkloadResult,5,12944,503663100.0,38910.93170580964
StringMapComparison.REDoxDecode,2,WorkloadResult,6,12944,503350100.0,38886.75061804697
StringMapComparison.REDoxDecode,2,WorkloadResult,7,12944,505072900.0,39019.847033374535
StringMapComparison.REDoxDecode,2,WorkloadResult,8,12944,501333300.0,38730.94097651421
StringMapComparison.SystemFormatsDecode,1,OverheadActual,1,8912,21300.0,2.390035906642729
StringMapComparison.SystemFormatsDecode,1,OverheadActual,2,8912,23100.0,2.5920107719928187
StringMapComparison.SystemFormatsDecode,1,OverheadActual,3,8912,22000.0,2.4685816876122084
StringMapComparison.SystemFormatsDecode,1,OverheadActual,4,8912,24400.0,2.7378815080789947
StringMapComparison.SystemFormatsDecode,1,OverheadActual,5,8912,22100.0,2.479802513464991
StringMapComparison.SystemFormatsDecode,1,OverheadActual,6,8912,21400.0,2.401256732495512
StringMapComparison.SystemFormatsDecode,1,OverheadActual,7,8912,21900.0,2.4573608617594256
StringMapComparison.SystemFormatsDecode,1,OverheadActual,8,8912,23400.0,2.6256732495511668
StringMapComparison.SystemFormatsDecode,1,OverheadActual,9,8912,21600.0,2.423698384201077
StringMapComparison.SystemFormatsDecode,1,OverheadActual,10,8912,21800.0,2.4461400359066428
StringMapComparison.SystemFormatsDecode,1,OverheadActual,11,8912,21400.0,2.401256732495512
StringMapComparison.SystemFormatsDecode,1,OverheadActual,12,8912,21600.0,2.423698384201077
StringMapComparison.SystemFormatsDecode,1,OverheadActual,13,8912,21500.0,2.4124775583482942
StringMapComparison.SystemFormatsDecode,1,OverheadActual,14,8912,21900.0,2.4573608617594256
StringMapComparison.SystemFormatsDecode,1,OverheadActual,15,8912,21300.0,2.390035906642729
StringMapComparison.SystemFormatsDecode,1,WorkloadActual,1,8912,506363800.0,56818.20017953321
StringMapComparison.SystemFormatsDecode,1,WorkloadActual,2,8912,499388600.0,56035.52513464991
StringMapComparison.SystemFormatsDecode,1,WorkloadActual,3,8912,505910100.0,56767.29129263914
StringMapComparison.SystemFormatsDecode,1,WorkloadActual,4,8912,506882600.0,56876.413824057454
StringMapComparison.SystemFormatsDecode,1,WorkloadActual,5,8912,508836100.0,57095.61265709156
StringMapComparison.SystemFormatsDecode,1,WorkloadActual,6,8912,503818700.0,56532.61894075404
StringMapComparison.SystemFormatsDecode,1,WorkloadActual,7,8912,507171700.0,56908.853231597845
StringMapComparison.SystemFormatsDecode,1,WorkloadActual,8,8912,506866200.0,56874.5736086176
StringMapComparison.SystemFormatsDecode,1,WorkloadResult,1,8912,506342000.0,56815.754039497304
StringMapComparison.SystemFormatsDecode,1,WorkloadResult,2,8912,499366800.0,56033.07899461401
StringMapComparison.SystemFormatsDecode,1,WorkloadResult,3,8912,505888300.0,56764.84515260323
StringMapComparison.SystemFormatsDecode,1,WorkloadResult,4,8912,506860800.0,56873.96768402155
StringMapComparison.SystemFormatsDecode,1,WorkloadResult,5,8912,508814300.0,57093.16651705566
StringMapComparison.SystemFormatsDecode,1,WorkloadResult,6,8912,503796900.0,56530.17280071813
StringMapComparison.SystemFormatsDecode,1,WorkloadResult,7,8912,507149900.0,56906.40709156194
StringMapComparison.SystemFormatsDecode,1,WorkloadResult,8,8912,506844400.0,56872.12746858169
StringMapComparison.SystemFormatsDecode,2,OverheadActual,1,8768,20900.0,2.383667883211679
StringMapComparison.SystemFormatsDecode,2,OverheadActual,2,8768,21800.0,2.4863138686131387
StringMapComparison.SystemFormatsDecode,2,OverheadActual,3,8768,20900.0,2.383667883211679
StringMapComparison.SystemFormatsDecode,2,OverheadActual,4,8768,21600.0,2.4635036496350367
StringMapComparison.SystemFormatsDecode,2,OverheadActual,5,8768,21400.0,2.440693430656934
StringMapComparison.SystemFormatsDecode,2,OverheadActual,6,8768,21300.0,2.429288321167883
StringMapComparison.SystemFormatsDecode,2,OverheadActual,7,8768,21600.0,2.4635036496350367
StringMapComparison.SystemFormatsDecode,2,OverheadActual,8,8768,21600.0,2.4635036496350367
StringMapComparison.SystemFormatsDecode,2,OverheadActual,9,8768,20700.0,2.360857664233577
StringMapComparison.SystemFormatsDecode,2,OverheadActual,10,8768,21100.0,2.406478102189781
StringMapComparison.SystemFormatsDecode,2,OverheadActual,11,8768,21400.0,2.440693430656934
StringMapComparison.SystemFormatsDecode,2,OverheadActual,12,8768,20700.0,2.360857664233577
StringMapComparison.SystemFormatsDecode,2,OverheadActual,13,8768,21300.0,2.429288321167883
StringMapComparison.SystemFormatsDecode,2,OverheadActual,14,8768,21500.0,2.4520985401459856
StringMapComparison.SystemFormatsDecode,2,OverheadActual,15,8768,21000.0,2.39507299270073
StringMapComparison.SystemFormatsDecode,2,WorkloadActual,1,8768,499552400.0,56974.49817518248
StringMapComparison.SystemFormatsDecode,2,WorkloadActual,2,8768,499733900.0,56995.19844890511
StringMapComparison.SystemFormatsDecode,2,WorkloadActual,3,8768,500956400.0,57134.62591240876
StringMapComparison.SystemFormatsDecode,2,WorkloadActual,4,8768,498672300.0,56874.12180656935
StringMapComparison.SystemFormatsDecode,2,WorkloadActual,5,8768,506951800.0,57818.40784671533
StringMapComparison.SystemFormatsDecode,2,WorkloadActual,6,8768,499585100.0,56978.227645985404
StringMapComparison.SystemFormatsDecode,2,WorkloadActual,7,8768,502297200.0,57287.54562043796
StringMapComparison.SystemFormatsDecode,2,WorkloadActual,8,8768,501065200.0,57147.03467153285
StringMapComparison.SystemFormatsDecode,2,WorkloadResult,1,8768,499531100.0,56972.068886861314
StringMapComparison.SystemFormatsDecode,2,WorkloadResult,2,8768,499712600.0,56992.76916058394
StringMapComparison.SystemFormatsDecode,2,WorkloadResult,3,8768,500935100.0,57132.19662408759
StringMapComparison.SystemFormatsDecode,2,WorkloadResult,4,8768,498651000.0,56871.69251824817
StringMapComparison.SystemFormatsDecode,2,WorkloadResult,5,8768,499563800.0,56975.79835766424
StringMapComparison.SystemFormatsDecode,2,WorkloadResult,6,8768,502275900.0,57285.11633211679
StringMapComparison.SystemFormatsDecode,2,WorkloadResult,7,8768,501043900.0,57144.60538321168
StringMapComparison.PeterODecode,1,OverheadActual,1,1040,2800.0,2.6923076923076925
StringMapComparison.PeterODecode,1,OverheadActual,2,1040,3000.0,2.8846153846153846
StringMapComparison.PeterODecode,1,OverheadActual,3,1040,2900.0,2.7884615384615383
StringMapComparison.PeterODecode,1,OverheadActual,4,1040,2900.0,2.7884615384615383
StringMapComparison.PeterODecode,1,OverheadActual,5,1040,3000.0,2.8846153846153846
StringMapComparison.PeterODecode,1,OverheadActual,6,1040,2800.0,2.6923076923076925
StringMapComparison.PeterODecode,1,OverheadActual,7,1040,2800.0,2.6923076923076925
StringMapComparison.PeterODecode,1,OverheadActual,8,1040,2900.0,2.7884615384615383
StringMapComparison.PeterODecode,1,OverheadActual,9,1040,2700.0,2.5961538461538463
StringMapComparison.PeterODecode,1,OverheadActual,10,1040,3000.0,2.8846153846153846
StringMapComparison.PeterODecode,1,OverheadActual,11,1040,2800.0,2.6923076923076925
StringMapComparison.PeterODecode,1,OverheadActual,12,1040,2800.0,2.6923076923076925
StringMapComparison.PeterODecode,1,OverheadActual,13,1040,2800.0,2.6923076923076925
StringMapComparison.PeterODecode,1,OverheadActual,14,1040,2800.0,2.6923076923076925
StringMapComparison.PeterODecode,1,OverheadActual,15,1040,3000.0,2.8846153846153846
StringMapComparison.PeterODecode,1,WorkloadActual,1,1040,500256500.0,481015.8653846154
StringMapComparison.PeterODecode,1,WorkloadActual,2,1040,501176500.0,481900.48076923075
StringMapComparison.PeterODecode,1,WorkloadActual,3,1040,502149800.0,482836.3461538461
StringMapComparison.PeterODecode,1,WorkloadActual,4,1040,504041600.0,484655.3846153846
StringMapComparison.PeterODecode,1,WorkloadActual,5,1040,499695700.0,480476.6346153846
StringMapComparison.PeterODecode,1,WorkloadActual,6,1040,501864400.0,482561.92307692306
StringMapComparison.PeterODecode,1,WorkloadActual,7,1040,501221200.0,481943.46153846156
StringMapComparison.PeterODecode,1,WorkloadActual,8,1040,505726700.0,486275.67307692306
StringMapComparison.PeterODecode,1,WorkloadResult,1,1040,500253700.0,481013.17307692306
StringMapComparison.PeterODecode,1,WorkloadResult,2,1040,501173700.0,481897.78846153844
StringMapComparison.PeterODecode,1,WorkloadResult,3,1040,502147000.0,482833.6538461539
StringMapComparison.PeterODecode,1,WorkloadResult,4,1040,504038800.0,484652.6923076923
StringMapComparison.PeterODecode,1,WorkloadResult,5,1040,499692900.0,480473.9423076923
StringMapComparison.PeterODecode,1,WorkloadResult,6,1040,501861600.0,482559.23076923075
StringMapComparison.PeterODecode,1,WorkloadResult,7,1040,501218400.0,481940.76923076925
StringMapComparison.PeterODecode,2,OverheadActual,1,1056,3000.0,2.840909090909091
StringMapComparison.PeterODecode,2,OverheadActual,2,1056,3000.0,2.840909090909091
StringMapComparison.PeterODecode,2,OverheadActual,3,1056,3000.0,2.840909090909091
StringMapComparison.PeterODecode,2,OverheadActual,4,1056,3000.0,2.840909090909091
StringMapComparison.PeterODecode,2,OverheadActual,5,1056,3000.0,2.840909090909091
StringMapComparison.PeterODecode,2,OverheadActual,6,1056,3100.0,2.9356060606060606
StringMapComparison.PeterODecode,2,OverheadActual,7,1056,3100.0,2.9356060606060606
StringMapComparison.PeterODecode,2,OverheadActual,8,1056,3100.0,2.9356060606060606
StringMapComparison.PeterODecode,2,OverheadActual,9,1056,3000.0,2.840909090909091
StringMapComparison.PeterODecode,2,OverheadActual,10,1056,2800.0,2.6515151515151514
StringMapComparison.PeterODecode,2,OverheadActual,11,1056,2800.0,2.6515151515151514
StringMapComparison.PeterODecode,2,OverheadActual,12,1056,2900.0,2.746212121212121
StringMapComparison.PeterODecode,2,OverheadActual,13,1056,2900.0,2.746212121212121
StringMapComparison.PeterODecode,2,OverheadActual,14,1056,2900.0,2.746212121212121
StringMapComparison.PeterODecode,2,OverheadActual,15,1056,3000.0,2.840909090909091
StringMapComparison.PeterODecode,2,WorkloadActual,1,1056,505680500.0,478864.10984848486
StringMapComparison.PeterODecode,2,WorkloadActual,2,1056,505542700.0,478733.61742424243
StringMapComparison.PeterODecode,2,WorkloadActual,3,1056,503135300.0,476453.88257575757
StringMapComparison.PeterODecode,2,WorkloadActual,4,1056,501265200.0,474682.95454545453
StringMapComparison.PeterODecode,2,WorkloadActual,5,1056,501999000.0,475377.8409090909
StringMapComparison.PeterODecode,2,WorkloadActual,6,1056,504419400.0,477669.88636363635
StringMapComparison.PeterODecode,2,WorkloadActual,7,1056,504949200.0,478171.5909090909
StringMapComparison.PeterODecode,2,WorkloadActual,8,1056,503141800.0,476460.0378787879
StringMapComparison.PeterODecode,2,WorkloadResult,1,1056,505677500.0,478861.2689393939
StringMapComparison.PeterODecode,2,WorkloadResult,2,1056,505539700.0,478730.7765151515
StringMapComparison.PeterODecode,2,WorkloadResult,3,1056,503132300.0,476451.0416666667
StringMapComparison.PeterODecode,2,WorkloadResult,4,1056,501262200.0,474680.11363636365
StringMapComparison.PeterODecode,2,WorkloadResult,5,1056,501996000.0,475375.0
StringMapComparison.PeterODecode,2,WorkloadResult,6,1056,504416400.0,477667.04545454547
StringMapComparison.PeterODecode,2,WorkloadResult,7,1056,504946200.0,478168.75
StringMapComparison.PeterODecode,2,WorkloadResult,8,1056,503138800.0,476457.19696969696
StringMapComparison.CborEncode,1,OverheadActual,1,34464,81700.0,2.3705896007428042
StringMapComparison.CborEncode,1,OverheadActual,2,34464,88800.0,2.5766016713091924
StringMapComparison.CborEncode,1,OverheadActual,3,34464,87000.0,2.5243732590529246
StringMapComparison.CborEncode,1,OverheadActual,4,34464,82500.0,2.393802228412256
StringMapComparison.CborEncode,1,OverheadActual,5,34464,87000.0,2.5243732590529246
StringMapComparison.CborEncode,1,OverheadActual,6,34464,83700.0,2.4286211699164344
StringMapComparison.CborEncode,1,OverheadActual,7,34464,82500.0,2.393802228412256
StringMapComparison.CborEncode,1,OverheadActual,8,34464,80600.0,2.3386722376973075
StringMapComparison.CborEncode,1,OverheadActual,9,34464,82900.0,2.4054085422469824
StringMapComparison.CborEncode,1,OverheadActual,10,34464,86100.0,2.4982590529247912
StringMapComparison.CborEncode,1,OverheadActual,11,34464,87500.0,2.5388811513463323
StringMapComparison.CborEncode,1,OverheadActual,12,34464,80900.0,2.347376973073352
StringMapComparison.CborEncode,1,OverheadActual,13,34464,83300.0,2.4170148560817086
StringMapComparison.CborEncode,1,OverheadActual,14,34464,86100.0,2.4982590529247912
StringMapComparison.CborEncode,1,OverheadActual,15,34464,80800.0,2.3444753946146704
StringMapComparison.CborEncode,1,WorkloadActual,1,34464,514500900.0,14928.647284122562
StringMapComparison.CborEncode,1,WorkloadActual,2,34464,515070700.0,14945.18047818013
StringMapComparison.CborEncode,1,WorkloadActual,3,34464,504607700.0,14641.588324048282
StringMapComparison.CborEncode,1,WorkloadActual,4,34464,494492800.0,14348.096564531104
StringMapComparison.CborEncode,1,WorkloadActual,5,34464,509148500.0,14773.343198700093
StringMapComparison.CborEncode,1,WorkloadActual,6,34464,512045400.0,14857.399025069637
StringMapComparison.CborEncode,1,WorkloadActual,7,34464,496310300.0,14400.832753017641
StringMapComparison.CborEncode,1,WorkloadActual,8,34464,497760200.0,14442.902739090065
StringMapComparison.CborEncode,1,WorkloadResult,1,34464,514417600.0,14926.230269266482
StringMapComparison.CborEncode,1,WorkloadResult,2,34464,514987400.0,14942.763463324049
StringMapComparison.CborEncode,1,WorkloadResult,3,34464,504524400.0,14639.171309192201
StringMapComparison.CborEncode,1,WorkloadResult,4,34464,494409500.0,14345.679549675024
StringMapComparison.CborEncode,1,WorkloadResult,5,34464,509065200.0,14770.92618384401
StringMapComparison.CborEncode,1,WorkloadResult,6,34464,511962100.0,14854.982010213556
StringMapComparison.CborEncode,1,WorkloadResult,7,34464,496227000.0,14398.41573816156
StringMapComparison.CborEncode,1,WorkloadResult,8,34464,497676900.0,14440.485724233984
StringMapComparison.CborEncode,2,OverheadActual,1,34464,81700.0,2.3705896007428042
StringMapComparison.CborEncode,2,OverheadActual,2,34464,85900.0,2.492455896007428
StringMapComparison.CborEncode,2,OverheadActual,3,34464,81800.0,2.3734911792014857
StringMapComparison.CborEncode,2,OverheadActual,4,34464,83300.0,2.4170148560817086
StringMapComparison.CborEncode,2,OverheadActual,5,34464,84200.0,2.443129062209842
StringMapComparison.CborEncode,2,OverheadActual,6,34464,83400.0,2.41991643454039
StringMapComparison.CborEncode,2,OverheadActual,7,34464,82800.0,2.402506963788301
StringMapComparison.CborEncode,2,OverheadActual,8,34464,83100.0,2.4112116991643453
StringMapComparison.CborEncode,2,OverheadActual,9,34464,80400.0,2.332869080779944
StringMapComparison.CborEncode,2,OverheadActual,10,34464,82200.0,2.385097493036212
StringMapComparison.CborEncode,2,OverheadActual,11,34464,80100.0,2.3241643454039
StringMapComparison.CborEncode,2,OverheadActual,12,34464,85400.0,2.4779480037140202
StringMapComparison.CborEncode,2,OverheadActual,13,34464,85400.0,2.4779480037140202
StringMapComparison.CborEncode,2,OverheadActual,14,34464,81200.0,2.3560817084493966
StringMapComparison.CborEncode,2,OverheadActual,15,34464,80400.0,2.332869080779944
StringMapComparison.CborEncode,2,WorkloadActual,1,34464,506911000.0,14708.420380687094
StringMapComparison.CborEncode,2,WorkloadActual,2,34464,504338100.0,14633.765668523676
StringMapComparison.CborEncode,2,WorkloadActual,3,34464,506045800.0,14683.315923862581
StringMapComparison.CborEncode,2,WorkloadActual,4,34464,501964000.0,14564.879294336119
StringMapComparison.CborEncode,2,WorkloadActual,5,34464,504073300.0,14626.082288765088
StringMapComparison.CborEncode,2,WorkloadActual,6,34464,501468300.0,14550.496169916434
StringMapComparison.CborEncode,2,WorkloadActual,7,34464,501561300.0,14553.194637883009
StringMapComparison.CborEncode,2,WorkloadActual,8,34464,501995800.0,14565.80199628598
StringMapComparison.CborEncode,2,WorkloadResult,1,34464,506828200.0,14706.017873723305
StringMapComparison.CborEncode,2,WorkloadResult,2,34464,504255300.0,14631.363161559888
StringMapComparison.CborEncode,2,WorkloadResult,3,34464,505963000.0,14680.913416898793
StringMapComparison.CborEncode,2,WorkloadResult,4,34464,501881200.0,14562.47678737233
StringMapComparison.CborEncode,2,WorkloadResult,5,34464,503990500.0,14623.6797818013
StringMapComparison.CborEncode,2,WorkloadResult,6,34464,501385500.0,14548.093662952646
StringMapComparison.CborEncode,2,WorkloadResult,7,34464,501478500.0,14550.79213091922
StringMapComparison.CborEncode,2,WorkloadResult,8,34464,501913000.0,14563.399489322192
StringMapComparison.MessagePackV4Encode,1,OverheadActual,1,63200,150100.0,2.375
StringMapComparison.MessagePackV4Encode,1,OverheadActual,2,63200,150400.0,2.3797468354430378
StringMapComparison.MessagePackV4Encode,1,OverheadActual,3,63200,154100.0,2.4382911392405062
StringMapComparison.MessagePackV4Encode,1,OverheadActual,4,63200,154500.0,2.444620253164557
StringMapComparison.MessagePackV4Encode,1,OverheadActual,5,63200,154600.0,2.4462025316455698
StringMapComparison.MessagePackV4Encode,1,OverheadActual,6,63200,158000.0,2.5
StringMapComparison.MessagePackV4Encode,1,OverheadActual,7,63200,151500.0,2.3971518987341773
StringMapComparison.MessagePackV4Encode,1,OverheadActual,8,63200,152200.0,2.4082278481012658
StringMapComparison.MessagePackV4Encode,1,OverheadActual,9,63200,155000.0,2.4525316455696204
StringMapComparison.MessagePackV4Encode,1,OverheadActual,10,63200,158200.0,2.5031645569620253
StringMapComparison.MessagePackV4Encode,1,OverheadActual,11,63200,149000.0,2.357594936708861
StringMapComparison.MessagePackV4Encode,1,OverheadActual,12,63200,150700.0,2.384493670886076
StringMapComparison.MessagePackV4Encode,1,OverheadActual,13,63200,144900.0,2.2927215189873418
StringMapComparison.MessagePackV4Encode,1,OverheadActual,14,63200,150800.0,2.3860759493670884
StringMapComparison.MessagePackV4Encode,1,OverheadActual,15,63200,146500.0,2.3180379746835444
StringMapComparison.MessagePackV4Encode,1,WorkloadActual,1,63200,499628800.0,7905.518987341772
StringMapComparison.MessagePackV4Encode,1,WorkloadActual,2,63200,501458900.0,7934.476265822785
StringMapComparison.MessagePackV4Encode,1,WorkloadActual,3,63200,501973900.0,7942.625
StringMapComparison.MessagePackV4Encode,1,WorkloadActual,4,63200,503361600.0,7964.5822784810125
StringMapComparison.MessagePackV4Encode,1,WorkloadActual,5,63200,505194800.0,7993.588607594937
StringMapComparison.MessagePackV4Encode,1,WorkloadActual,6,63200,505579900.0,7999.681962025316
StringMapComparison.MessagePackV4Encode,1,WorkloadActual,7,63200,504579500.0,7983.852848101265
StringMapComparison.MessagePackV4Encode,1,WorkloadActual,8,63200,503187200.0,7961.822784810127
StringMapComparison.MessagePackV4Encode,1,WorkloadResult,1,63200,499477300.0,7903.1218354430375
StringMapComparison.MessagePackV4Encode,1,WorkloadResult,2,63200,501307400.0,7932.079113924051
StringMapComparison.MessagePackV4Encode,1,WorkloadResult,3,63200,501822400.0,7940.227848101265
StringMapComparison.MessagePackV4Encode,1,WorkloadResult,4,63200,503210100.0,7962.185126582279
StringMapComparison.MessagePackV4Encode,1,WorkloadResult,5,63200,505043300.0,7991.191455696203
StringMapComparison.MessagePackV4Encode,1,WorkloadResult,6,63200,505428400.0,7997.284810126583
StringMapComparison.MessagePackV4Encode,1,WorkloadResult,7,63200,504428000.0,7981.455696202532
StringMapComparison.MessagePackV4Encode,1,WorkloadResult,8,63200,503035700.0,7959.425632911392
StringMapComparison.MessagePackV4Encode,2,OverheadActual,1,63696,151500.0,2.3784853051996984
StringMapComparison.MessagePackV4Encode,2,OverheadActual,2,63696,153000.0,2.4020346646571213
StringMapComparison.MessagePackV4Encode,2,OverheadActual,3,63696,149900.0,2.3533659884451144
StringMapComparison.MessagePackV4Encode,2,OverheadActual,4,63696,148300.0,2.32824667169053
StringMapComparison.MessagePackV4Encode,2,OverheadActual,5,63696,149800.0,2.351796031147953
StringMapComparison.MessagePackV4Encode,2,OverheadActual,6,63696,149400.0,2.3455162019593065
StringMapComparison.MessagePackV4Encode,2,OverheadActual,7,63696,149200.0,2.3423762873649836
StringMapComparison.MessagePackV4Encode,2,OverheadActual,8,63696,156900.0,2.4632629992464206
StringMapComparison.MessagePackV4Encode,2,OverheadActual,9,63696,148200.0,2.3266767143933684
StringMapComparison.MessagePackV4Encode,2,OverheadActual,10,63696,150700.0,2.3659256468224066
StringMapComparison.MessagePackV4Encode,2,OverheadActual,11,63696,148400.0,2.3298166289876914
StringMapComparison.MessagePackV4Encode,2,OverheadActual,12,63696,149200.0,2.3423762873649836
StringMapComparison.MessagePackV4Encode,2,OverheadActual,13,63696,147600.0,2.3172569706103996
StringMapComparison.MessagePackV4Encode,2,OverheadActual,14,63696,149200.0,2.3423762873649836
StringMapComparison.MessagePackV4Encode,2,OverheadActual,15,63696,150100.0,2.3565059030394373
StringMapComparison.MessagePackV4Encode,2,WorkloadActual,1,63696,507972600.0,7974.952901281085
StringMapComparison.MessagePackV4Encode,2,WorkloadActual,2,63696,503909500.0,7911.163966340116
StringMapComparison.MessagePackV4Encode,2,WorkloadActual,3,63696,504325200.0,7917.690278824416
StringMapComparison.MessagePackV4Encode,2,WorkloadActual,4,63696,505958500.0,7943.332391358955
StringMapComparison.MessagePackV4Encode,2,WorkloadActual,5,63696,503552200.0,7905.554508917357
StringMapComparison.MessagePackV4Encode,2,WorkloadActual,6,63696,503219500.0,7900.331260989701
StringMapComparison.MessagePackV4Encode,2,WorkloadActual,7,63696,498262900.0,7822.514757598593
StringMapComparison.MessagePackV4Encode,2,WorkloadActual,8,63696,505904600.0,7942.486184375785
StringMapComparison.MessagePackV4Encode,2,WorkloadResult,1,63696,507823200.0,7972.607385079126
StringMapComparison.MessagePackV4Encode,2,WorkloadResult,2,63696,503760100.0,7908.818450138157
StringMapComparison.MessagePackV4Encode,2,WorkloadResult,3,63696,504175800.0,7915.344762622457
StringMapComparison.MessagePackV4Encode,2,WorkloadResult,4,63696,505809100.0,7940.986875156996
StringMapComparison.MessagePackV4Encode,2,WorkloadResult,5,63696,503402800.0,7903.208992715398
StringMapComparison.MessagePackV4Encode,2,WorkloadResult,6,63696,503070100.0,7897.985744787742
StringMapComparison.MessagePackV4Encode,2,WorkloadResult,7,63696,498113500.0,7820.169241396634
StringMapComparison.MessagePackV4Encode,2,WorkloadResult,8,63696,505755200.0,7940.140668173825
StringMapComparison.REDoxEncode,1,OverheadActual,1,34192,82100.0,2.401146467009827
StringMapComparison.REDoxEncode,1,OverheadActual,2,34192,82500.0,2.4128451099672437
StringMapComparison.REDoxEncode,1,OverheadActual,3,34192,83500.0,2.4420917173607863
StringMapComparison.REDoxEncode,1,OverheadActual,4,34192,83900.0,2.453790360318203
StringMapComparison.REDoxEncode,1,OverheadActual,5,34192,82800.0,2.4216190921853067
StringMapComparison.REDoxEncode,1,OverheadActual,6,34192,82100.0,2.401146467009827
StringMapComparison.REDoxEncode,1,OverheadActual,7,34192,86900.0,2.54153018249883
StringMapComparison.REDoxEncode,1,OverheadActual,8,34192,90900.0,2.6585166120729995
StringMapComparison.REDoxEncode,1,OverheadActual,9,34192,80900.0,2.366050538137576
StringMapComparison.REDoxEncode,1,OverheadActual,10,34192,79500.0,2.325105287786617
StringMapComparison.REDoxEncode,1,OverheadActual,11,34192,88500.0,2.588324754328498
StringMapComparison.REDoxEncode,1,OverheadActual,12,34192,78900.0,2.3075573233504914
StringMapComparison.REDoxEncode,1,OverheadActual,13,34192,80100.0,2.342653252222742
StringMapComparison.REDoxEncode,1,OverheadActual,14,34192,81200.0,2.374824520355639
StringMapComparison.REDoxEncode,1,OverheadActual,15,34192,86800.0,2.538605521759476
StringMapComparison.REDoxEncode,1,WorkloadActual,1,34192,497488300.0,14549.844992980814
StringMapComparison.REDoxEncode,1,WorkloadActual,2,34192,494729200.0,14469.150678521291
StringMapComparison.REDoxEncode,1,WorkloadActual,3,34192,513140000.0,15007.604117922321
StringMapComparison.REDoxEncode,1,WorkloadActual,4,34192,495800100.0,14500.470870379037
StringMapComparison.REDoxEncode,1,WorkloadActual,5,34192,504279600.0,14748.467477772578
StringMapComparison.REDoxEncode,1,WorkloadActual,6,34192,500179600.0,14628.556387459055
StringMapComparison.REDoxEncode,1,WorkloadActual,7,34192,523166300.0,15300.839377632195
StringMapComparison.REDoxEncode,1,WorkloadActual,8,34192,506009600.0,14799.064108563407
StringMapComparison.REDoxEncode,1,WorkloadResult,1,34192,497405800.0,14547.432147870846
StringMapComparison.REDoxEncode,1,WorkloadResult,2,34192,494646700.0,14466.737833411324
StringMapComparison.REDoxEncode,1,WorkloadResult,3,34192,513057500.0,15005.191272812353
StringMapComparison.REDoxEncode,1,WorkloadResult,4,34192,495717600.0,14498.058025269069
StringMapComparison.REDoxEncode,1,WorkloadResult,5,34192,504197100.0,14746.054632662612
StringMapComparison.REDoxEncode,1,WorkloadResult,6,34192,500097100.0,14626.143542349088
StringMapComparison.REDoxEncode,1,WorkloadResult,7,34192,523083800.0,15298.426532522228
StringMapComparison.REDoxEncode,1,WorkloadResult,8,34192,505927100.0,14796.65126345344
StringMapComparison.REDoxEncode,2,OverheadActual,1,33232,78100.0,2.3501444390948483
StringMapComparison.REDoxEncode,2,OverheadActual,2,33232,81300.0,2.4464371689937408
StringMapComparison.REDoxEncode,2,OverheadActual,3,33232,78900.0,2.3742176215695716
StringMapComparison.REDoxEncode,2,OverheadActual,4,33232,78300.0,2.356162734713529
StringMapComparison.REDoxEncode,2,OverheadActual,5,33232,78800.0,2.3712084737602313
StringMapComparison.REDoxEncode,2,OverheadActual,6,33232,81500.0,2.452455464612422
StringMapComparison.REDoxEncode,2,OverheadActual,7,33232,132600.0,3.9901299951853635
StringMapComparison.REDoxEncode,2,OverheadActual,8,33232,79800.0,2.401299951853635
StringMapComparison.REDoxEncode,2,OverheadActual,9,33232,77900.0,2.3441261434761675
StringMapComparison.REDoxEncode,2,OverheadActual,10,33232,81200.0,2.4434280211844004
StringMapComparison.REDoxEncode,2,OverheadActual,11,33232,87800.0,2.6420317766008665
StringMapComparison.REDoxEncode,2,OverheadActual,12,33232,78300.0,2.356162734713529
StringMapComparison.REDoxEncode,2,OverheadActual,13,33232,77900.0,2.3441261434761675
StringMapComparison.REDoxEncode,2,OverheadActual,14,33232,77200.0,2.3230621088107846
StringMapComparison.REDoxEncode,2,OverheadActual,15,33232,78500.0,2.3621810303322097
StringMapComparison.REDoxEncode,2,WorkloadActual,1,33232,506007500.0,15226.513601348099
StringMapComparison.REDoxEncode,2,WorkloadActual,2,33232,498430800.0,14998.519499277805
StringMapComparison.REDoxEncode,2,WorkloadActual,3,33232,496136600.0,14929.483630235916
StringMapComparison.REDoxEncode,2,WorkloadActual,4,33232,496778700.0,14948.805368319692
StringMapComparison.REDoxEncode,2,WorkloadActual,5,33232,514566600.0,15484.069571497352
StringMapComparison.REDoxEncode,2,WorkloadActual,6,33232,500277300.0,15054.083413577275
StringMapComparison.REDoxEncode,2,WorkloadActual,7,33232,499474000.0,15029.910929224843
StringMapComparison.REDoxEncode,2,WorkloadActual,8,33232,491822100.0,14799.653948001926
StringMapComparison.REDoxEncode,2,WorkloadResult,1,33232,505928700.0,15224.142392874339
StringMapComparison.REDoxEncode,2,WorkloadResult,2,33232,498352000.0,14996.148290804043
StringMapComparison.REDoxEncode,2,WorkloadResult,3,33232,496057800.0,14927.112421762156
StringMapComparison.REDoxEncode,2,WorkloadResult,4,33232,496699900.0,14946.434159845932
StringMapComparison.REDoxEncode,2,WorkloadResult,5,33232,500198500.0,15051.712205103515
StringMapComparison.REDoxEncode,2,WorkloadResult,6,33232,499395200.0,15027.539720751083
StringMapComparison.REDoxEncode,2,WorkloadResult,7,33232,491743300.0,14797.282739528166
StringMapComparison.SystemFormatsEncode,1,OverheadActual,1,13232,32000.0,2.418379685610641
StringMapComparison.SystemFormatsEncode,1,OverheadActual,2,13232,32400.0,2.448609431680774
StringMapComparison.SystemFormatsEncode,1,OverheadActual,3,13232,32500.0,2.456166868198307
StringMapComparison.SystemFormatsEncode,1,OverheadActual,4,13232,32300.0,2.4410519951632406
StringMapComparison.SystemFormatsEncode,1,OverheadActual,5,13232,32700.0,2.4712817412333736
StringMapComparison.SystemFormatsEncode,1,OverheadActual,6,13232,41600.0,3.1438935912938333
StringMapComparison.SystemFormatsEncode,1,OverheadActual,7,13232,32000.0,2.418379685610641
StringMapComparison.SystemFormatsEncode,1,OverheadActual,8,13232,31300.0,2.365477629987908
StringMapComparison.SystemFormatsEncode,1,OverheadActual,9,13232,31400.0,2.3730350665054414
StringMapComparison.SystemFormatsEncode,1,OverheadActual,10,13232,31800.0,2.4032648125755744
StringMapComparison.SystemFormatsEncode,1,OverheadActual,11,13232,31700.0,2.395707376058041
StringMapComparison.SystemFormatsEncode,1,OverheadActual,12,13232,32100.0,2.425937122128174
StringMapComparison.SystemFormatsEncode,1,OverheadActual,13,13232,31300.0,2.365477629987908
StringMapComparison.SystemFormatsEncode,1,OverheadActual,14,13232,31700.0,2.395707376058041
StringMapComparison.SystemFormatsEncode,1,OverheadActual,15,13232,32000.0,2.418379685610641
StringMapComparison.SystemFormatsEncode,1,WorkloadActual,1,13232,495845700.0,37473.22400241838
StringMapComparison.SystemFormatsEncode,1,WorkloadActual,2,13232,499194900.0,37726.3376662636
StringMapComparison.SystemFormatsEncode,1,WorkloadActual,3,13232,498438100.0,37669.14298669891
StringMapComparison.SystemFormatsEncode,1,WorkloadActual,4,13232,509270400.0,38487.787182587665
StringMapComparison.SystemFormatsEncode,1,WorkloadActual,5,13232,489438000.0,36988.9661426844
StringMapComparison.SystemFormatsEncode,1,WorkloadActual,6,13232,489966100.0,37028.87696493349
StringMapComparison.SystemFormatsEncode,1,WorkloadActual,7,13232,495513700.0,37448.133313180166
StringMapComparison.SystemFormatsEncode,1,WorkloadActual,8,13232,495547400.0,37450.68016928658
StringMapComparison.SystemFormatsEncode,1,WorkloadResult,1,13232,495813700.0,37470.80562273277
StringMapComparison.SystemFormatsEncode,1,WorkloadResult,2,13232,499162900.0,37723.91928657799
StringMapComparison.SystemFormatsEncode,1,WorkloadResult,3,13232,498406100.0,37666.724607013304
StringMapComparison.SystemFormatsEncode,1,WorkloadResult,4,13232,489406000.0,36986.54776299879
StringMapComparison.SystemFormatsEncode,1,WorkloadResult,5,13232,489934100.0,37026.458585247885
StringMapComparison.SystemFormatsEncode,1,WorkloadResult,6,13232,495481700.0,37445.71493349456
StringMapComparison.SystemFormatsEncode,1,WorkloadResult,7,13232,495515400.0,37448.26178960097
StringMapComparison.SystemFormatsEncode,2,OverheadActual,1,13248,32100.0,2.4230072463768115
StringMapComparison.SystemFormatsEncode,2,OverheadActual,2,13248,32200.0,2.4305555555555554
StringMapComparison.SystemFormatsEncode,2,OverheadActual,3,13248,31600.0,2.385265700483092
StringMapComparison.SystemFormatsEncode,2,OverheadActual,4,13248,32300.0,2.4381038647342996
StringMapComparison.SystemFormatsEncode,2,OverheadActual,5,13248,32500.0,2.4532004830917873
StringMapComparison.SystemFormatsEncode,2,OverheadActual,6,13248,36000.0,2.717391304347826
StringMapComparison.SystemFormatsEncode,2,OverheadActual,7,13248,31700.0,2.3928140096618358
StringMapComparison.SystemFormatsEncode,2,OverheadActual,8,13248,30900.0,2.3324275362318843
StringMapComparison.SystemFormatsEncode,2,OverheadActual,9,13248,32100.0,2.4230072463768115
StringMapComparison.SystemFormatsEncode,2,OverheadActual,10,13248,32100.0,2.4230072463768115
StringMapComparison.SystemFormatsEncode,2,OverheadActual,11,13248,35900.0,2.7098429951690823
StringMapComparison.SystemFormatsEncode,2,OverheadActual,12,13248,31500.0,2.3777173913043477
StringMapComparison.SystemFormatsEncode,2,OverheadActual,13,13248,31400.0,2.370169082125604
StringMapComparison.SystemFormatsEncode,2,OverheadActual,14,13248,32200.0,2.4305555555555554
StringMapComparison.SystemFormatsEncode,2,OverheadActual,15,13248,31800.0,2.4003623188405796
StringMapComparison.SystemFormatsEncode,2,WorkloadActual,1,13248,505825700.0,38181.28774154589
StringMapComparison.SystemFormatsEncode,2,WorkloadActual,2,13248,502176500.0,37905.834842995166
StringMapComparison.SystemFormatsEncode,2,WorkloadActual,3,13248,499984000.0,37740.33816425121
StringMapComparison.SystemFormatsEncode,2,WorkloadActual,4,13248,506185400.0,38208.43900966184
StringMapComparison.SystemFormatsEncode,2,WorkloadActual,5,13248,503080100.0,37974.0413647343
StringMapComparison.SystemFormatsEncode,2,WorkloadActual,6,13248,500218800.0,37758.061594202896
StringMapComparison.SystemFormatsEncode,2,WorkloadActual,7,13248,501635500.0,37864.99849033816
StringMapComparison.SystemFormatsEncode,2,WorkloadActual,8,13248,503669900.0,38018.56129227053
StringMapComparison.SystemFormatsEncode,2,WorkloadResult,1,13248,505793600.0,38178.86473429952
StringMapComparison.SystemFormatsEncode,2,WorkloadResult,2,13248,502144400.0,37903.41183574879
StringMapComparison.SystemFormatsEncode,2,WorkloadResult,3,13248,499951900.0,37737.915157004834
StringMapComparison.SystemFormatsEncode,2,WorkloadResult,4,13248,506153300.0,38206.01600241546
StringMapComparison.SystemFormatsEncode,2,WorkloadResult,5,13248,503048000.0,37971.618357487925
StringMapComparison.SystemFormatsEncode,2,WorkloadResult,6,13248,500186700.0,37755.63858695652
StringMapComparison.SystemFormatsEncode,2,WorkloadResult,7,13248,501603400.0,37862.57548309179
StringMapComparison.SystemFormatsEncode,2,WorkloadResult,8,13248,503637800.0,38016.13828502416
StringMapComparison.PeterOEncode,1,OverheadActual,1,576,1800.0,3.125
StringMapComparison.PeterOEncode,1,OverheadActual,2,576,1800.0,3.125
StringMapComparison.PeterOEncode,1,OverheadActual,3,576,1800.0,3.125
StringMapComparison.PeterOEncode,1,OverheadActual,4,576,1800.0,3.125
StringMapComparison.PeterOEncode,1,OverheadActual,5,576,1800.0,3.125
StringMapComparison.PeterOEncode,1,OverheadActual,6,576,1800.0,3.125
StringMapComparison.PeterOEncode,1,OverheadActual,7,576,1800.0,3.125
StringMapComparison.PeterOEncode,1,OverheadActual,8,576,1800.0,3.125
StringMapComparison.PeterOEncode,1,OverheadActual,9,576,1800.0,3.125
StringMapComparison.PeterOEncode,1,OverheadActual,10,576,1700.0,2.951388888888889
StringMapComparison.PeterOEncode,1,OverheadActual,11,576,1800.0,3.125
StringMapComparison.PeterOEncode,1,OverheadActual,12,576,1600.0,2.7777777777777777
StringMapComparison.PeterOEncode,1,OverheadActual,13,576,1700.0,2.951388888888889
StringMapComparison.PeterOEncode,1,OverheadActual,14,576,1700.0,2.951388888888889
StringMapComparison.PeterOEncode,1,OverheadActual,15,576,1700.0,2.951388888888889
StringMapComparison.PeterOEncode,1,WorkloadActual,1,576,506499500.0,879339.4097222222
StringMapComparison.PeterOEncode,1,WorkloadActual,2,576,506110800.0,878664.5833333334
StringMapComparison.PeterOEncode,1,WorkloadActual,3,576,505909800.0,878315.625
StringMapComparison.PeterOEncode,1,WorkloadActual,4,576,506052800.0,878563.8888888889
StringMapComparison.PeterOEncode,1,WorkloadActual,5,576,505404600.0,877438.5416666666
StringMapComparison.PeterOEncode,1,WorkloadActual,6,576,506902500.0,880039.0625
StringMapComparison.PeterOEncode,1,WorkloadActual,7,576,504566000.0,875982.6388888889
StringMapComparison.PeterOEncode,1,WorkloadActual,8,576,501739300.0,871075.1736111111
StringMapComparison.PeterOEncode,1,WorkloadResult,1,576,506497700.0,879336.2847222222
StringMapComparison.PeterOEncode,1,WorkloadResult,2,576,506109000.0,878661.4583333334
StringMapComparison.PeterOEncode,1,WorkloadResult,3,576,505908000.0,878312.5
StringMapComparison.PeterOEncode,1,WorkloadResult,4,576,506051000.0,878560.7638888889
StringMapComparison.PeterOEncode,1,WorkloadResult,5,576,505402800.0,877435.4166666666
StringMapComparison.PeterOEncode,1,WorkloadResult,6,576,506900700.0,880035.9375
StringMapComparison.PeterOEncode,1,WorkloadResult,7,576,504564200.0,875979.5138888889
StringMapComparison.PeterOEncode,1,WorkloadResult,8,576,501737500.0,871072.0486111111
StringMapComparison.PeterOEncode,2,OverheadActual,1,592,1900.0,3.2094594594594597
StringMapComparison.PeterOEncode,2,OverheadActual,2,592,1900.0,3.2094594594594597
StringMapComparison.PeterOEncode,2,OverheadActual,3,592,1900.0,3.2094594594594597
StringMapComparison.PeterOEncode,2,OverheadActual,4,592,1800.0,3.0405405405405403
StringMapComparison.PeterOEncode,2,OverheadActual,5,592,1900.0,3.2094594594594597
StringMapComparison.PeterOEncode,2,OverheadActual,6,592,1700.0,2.8716216216216215
StringMapComparison.PeterOEncode,2,OverheadActual,7,592,1900.0,3.2094594594594597
StringMapComparison.PeterOEncode,2,OverheadActual,8,592,1800.0,3.0405405405405403
StringMapComparison.PeterOEncode,2,OverheadActual,9,592,1800.0,3.0405405405405403
StringMapComparison.PeterOEncode,2,OverheadActual,10,592,1800.0,3.0405405405405403
StringMapComparison.PeterOEncode,2,OverheadActual,11,592,1800.0,3.0405405405405403
StringMapComparison.PeterOEncode,2,OverheadActual,12,592,1900.0,3.2094594594594597
StringMapComparison.PeterOEncode,2,OverheadActual,13,592,1800.0,3.0405405405405403
StringMapComparison.PeterOEncode,2,OverheadActual,14,592,1800.0,3.0405405405405403
StringMapComparison.PeterOEncode,2,OverheadActual,15,592,1800.0,3.0405405405405403
StringMapComparison.PeterOEncode,2,WorkloadActual,1,592,514151900.0,868499.8310810811
StringMapComparison.PeterOEncode,2,WorkloadActual,2,592,514992800.0,869920.2702702703
StringMapComparison.PeterOEncode,2,WorkloadActual,3,592,515801900.0,871286.9932432432
StringMapComparison.PeterOEncode,2,WorkloadActual,4,592,512208000.0,865216.2162162162
StringMapComparison.PeterOEncode,2,WorkloadActual,5,592,514363300.0,868856.9256756756
StringMapComparison.PeterOEncode,2,WorkloadActual,6,592,513363500.0,867168.0743243244
StringMapComparison.PeterOEncode,2,WorkloadActual,7,592,511328100.0,863729.8986486486
StringMapComparison.PeterOEncode,2,WorkloadActual,8,592,511449900.0,863935.6418918918
StringMapComparison.PeterOEncode,2,WorkloadResult,1,592,514150100.0,868496.7905405406
StringMapComparison.PeterOEncode,2,WorkloadResult,2,592,514991000.0,869917.2297297297
StringMapComparison.PeterOEncode,2,WorkloadResult,3,592,515800100.0,871283.9527027027
StringMapComparison.PeterOEncode,2,WorkloadResult,4,592,512206200.0,865213.1756756756
StringMapComparison.PeterOEncode,2,WorkloadResult,5,592,514361500.0,868853.8851351351
StringMapComparison.PeterOEncode,2,WorkloadResult,6,592,513361700.0,867165.0337837838
StringMapComparison.PeterOEncode,2,WorkloadResult,7,592,511326300.0,863726.8581081082
StringMapComparison.PeterOEncode,2,WorkloadResult,8,592,511448100.0,863932.6013513514
